ISO-10303-21;
HEADER;
FILE_DESCRIPTION(('Open CASCADE Model'),'2;1');
FILE_NAME('Open CASCADE Shape Model','1970-01-01T00:00:00',('Author'),(
    'Open CASCADE'),'Open CASCADE STEP processor 7.9','build123d',
  'Unknown');
FILE_SCHEMA(('AUTOMOTIVE_DESIGN { 1 0 10303 214 1 1 1 1 }'));
ENDSEC;
DATA;
#1 = APPLICATION_PROTOCOL_DEFINITION('international standard',
  'automotive_design',2000,#2);
#2 = APPLICATION_CONTEXT(
  'core data for automotive mechanical design processes');
#3 = SHAPE_DEFINITION_REPRESENTATION(#4,#10);
#4 = PRODUCT_DEFINITION_SHAPE('','',#5);
#5 = PRODUCT_DEFINITION('design','',#6,#9);
#6 = PRODUCT_DEFINITION_FORMATION('','',#7);
#7 = PRODUCT('COMPOUND','COMPOUND','',(#8));
#8 = PRODUCT_CONTEXT('',#2,'mechanical');
#9 = PRODUCT_DEFINITION_CONTEXT('part definition',#2,'design');
#10 = ADVANCED_BREP_SHAPE_REPRESENTATION('',(#11,#15),#5909);
#11 = AXIS2_PLACEMENT_3D('',#12,#13,#14);
#12 = CARTESIAN_POINT('',(0.,0.,0.));
#13 = DIRECTION('',(0.,0.,1.));
#14 = DIRECTION('',(1.,0.,-0.));
#15 = BREP_WITH_VOIDS('',#16,(#4890,#5210,#5601));
#16 = CLOSED_SHELL('',(#17,#137,#279,#374,#680,#768,#974,#1048,#1158,
    #1634,#1796,#1861,#1905,#1930,#1955,#2003,#2050,#2173,#2270,#2339,
    #2367,#2413,#2438,#2486,#2533,#2656,#2721,#2768,#2813,#2838,#2886,
    #2933,#3056,#3126,#3243,#3418,#3540,#3654,#3719,#3744,#3771,#3800,
    #3872,#3963,#4033,#4109,#4180,#4207,#4234,#4261,#4286,#4313,#4354,
    #4381,#4452,#4476,#4501,#4563,#4602,#4631,#4660,#4758,#4813,#4817,
    #4872,#4876,#4883));
#17 = ADVANCED_FACE('',(#18),#32,.T.);
#18 = FACE_BOUND('',#19,.T.);
#19 = EDGE_LOOP('',(#20,#55,#83,#111));
#20 = ORIENTED_EDGE('',*,*,#21,.F.);
#21 = EDGE_CURVE('',#22,#24,#26,.T.);
#22 = VERTEX_POINT('',#23);
#23 = CARTESIAN_POINT('',(-90.675,129.67206407742,0.4));
#24 = VERTEX_POINT('',#25);
#25 = CARTESIAN_POINT('',(-90.675,128.70977197391,16.938493163603));
#26 = SURFACE_CURVE('',#27,(#31,#43),.PCURVE_S1.);
#27 = LINE('',#28,#29);
#28 = CARTESIAN_POINT('',(-90.675,132.19497694977,-42.96019919504));
#29 = VECTOR('',#30,1.);
#30 = DIRECTION('',(0.,-5.808674959774E-02,0.998311539311));
#31 = PCURVE('',#32,#37);
#32 = PLANE('',#33);
#33 = AXIS2_PLACEMENT_3D('',#34,#35,#36);
#34 = CARTESIAN_POINT('',(-90.675,122.21186156199,-43.54106669071));
#35 = DIRECTION('',(-1.,0.,0.));
#36 = DIRECTION('',(0.,0.998311539311,5.808674959774E-02));
#37 = DEFINITIONAL_REPRESENTATION('',(#38),#42);
#38 = LINE('',#39,#40);
#39 = CARTESIAN_POINT('',(9.999999994663,0.));
#40 = VECTOR('',#41,1.);
#41 = DIRECTION('',(0.,-1.));
#42 = ( GEOMETRIC_REPRESENTATION_CONTEXT(2) 
PARAMETRIC_REPRESENTATION_CONTEXT() REPRESENTATION_CONTEXT('2D SPACE',''
  ) );
#43 = PCURVE('',#44,#49);
#44 = CYLINDRICAL_SURFACE('',#45,7.995);
#45 = AXIS2_PLACEMENT_3D('',#46,#47,#48);
#46 = CARTESIAN_POINT('',(-82.68,132.19497694977,-42.96019919504));
#47 = DIRECTION('',(0.,5.808674959774E-02,-0.998311539311));
#48 = DIRECTION('',(1.,0.,0.));
#49 = DEFINITIONAL_REPRESENTATION('',(#50),#54);
#50 = LINE('',#51,#52);
#51 = CARTESIAN_POINT('',(-3.14159265359,0.));
#52 = VECTOR('',#53,1.);
#53 = DIRECTION('',(-0.,-1.));
#54 = ( GEOMETRIC_REPRESENTATION_CONTEXT(2) 
PARAMETRIC_REPRESENTATION_CONTEXT() REPRESENTATION_CONTEXT('2D SPACE',''
  ) );
#55 = ORIENTED_EDGE('',*,*,#56,.F.);
#56 = EDGE_CURVE('',#57,#22,#59,.T.);
#57 = VERTEX_POINT('',#58);
#58 = CARTESIAN_POINT('',(-90.675,119.65515091866,0.4));
#59 = SURFACE_CURVE('',#60,(#64,#71),.PCURVE_S1.);
#60 = LINE('',#61,#62);
#61 = CARTESIAN_POINT('',(-90.675,119.67842491573,0.4));
#62 = VECTOR('',#63,1.);
#63 = DIRECTION('',(0.,1.,-0.));
#64 = PCURVE('',#32,#65);
#65 = DEFINITIONAL_REPRESENTATION('',(#66),#70);
#66 = LINE('',#67,#68);
#67 = CARTESIAN_POINT('',(2.323469983914E-02,-44.01403302706));
#68 = VECTOR('',#69,1.);
#69 = DIRECTION('',(0.998311539311,5.808674959774E-02));
#70 = ( GEOMETRIC_REPRESENTATION_CONTEXT(2) 
PARAMETRIC_REPRESENTATION_CONTEXT() REPRESENTATION_CONTEXT('2D SPACE',''
  ) );
#71 = PCURVE('',#72,#77);
#72 = PLANE('',#73);
#73 = AXIS2_PLACEMENT_3D('',#74,#75,#76);
#74 = CARTESIAN_POINT('',(-90.475,119.67842491573,0.2));
#75 = DIRECTION('',(0.707106781187,3.063872197829E-18,0.707106781187));
#76 = DIRECTION('',(2.166484807774E-18,-1.,2.166484807774E-18));
#77 = DEFINITIONAL_REPRESENTATION('',(#78),#82);
#78 = LINE('',#79,#80);
#79 = CARTESIAN_POINT('',(-0.,-0.282842712475));
#80 = VECTOR('',#81,1.);
#81 = DIRECTION('',(-1.,0.));
#82 = ( GEOMETRIC_REPRESENTATION_CONTEXT(2) 
PARAMETRIC_REPRESENTATION_CONTEXT() REPRESENTATION_CONTEXT('2D SPACE',''
  ) );
#83 = ORIENTED_EDGE('',*,*,#84,.T.);
#84 = EDGE_CURVE('',#57,#85,#87,.T.);
#85 = VERTEX_POINT('',#86);
#86 = CARTESIAN_POINT('',(-90.675,118.72665658613,16.357625667935));
#87 = SURFACE_CURVE('',#88,(#92,#99),.PCURVE_S1.);
#88 = LINE('',#89,#90);
#89 = CARTESIAN_POINT('',(-90.675,122.21186156199,-43.54106669071));
#90 = VECTOR('',#91,1.);
#91 = DIRECTION('',(0.,-5.808674959774E-02,0.998311539311));
#92 = PCURVE('',#32,#93);
#93 = DEFINITIONAL_REPRESENTATION('',(#94),#98);
#94 = LINE('',#95,#96);
#95 = CARTESIAN_POINT('',(8.881784197001E-16,0.));
#96 = VECTOR('',#97,1.);
#97 = DIRECTION('',(0.,-1.));
#98 = ( GEOMETRIC_REPRESENTATION_CONTEXT(2) 
PARAMETRIC_REPRESENTATION_CONTEXT() REPRESENTATION_CONTEXT('2D SPACE',''
  ) );
#99 = PCURVE('',#100,#105);
#100 = CYLINDRICAL_SURFACE('',#101,7.995);
#101 = AXIS2_PLACEMENT_3D('',#102,#103,#104);
#102 = CARTESIAN_POINT('',(-82.68,122.21186156199,-43.54106669071));
#103 = DIRECTION('',(0.,5.808674959774E-02,-0.998311539311));
#104 = DIRECTION('',(1.,0.,0.));
#105 = DEFINITIONAL_REPRESENTATION('',(#106),#110);
#106 = LINE('',#107,#108);
#107 = CARTESIAN_POINT('',(-3.14159265359,0.));
#108 = VECTOR('',#109,1.);
#109 = DIRECTION('',(-0.,-1.));
#110 = ( GEOMETRIC_REPRESENTATION_CONTEXT(2) 
PARAMETRIC_REPRESENTATION_CONTEXT() REPRESENTATION_CONTEXT('2D SPACE',''
  ) );
#111 = ORIENTED_EDGE('',*,*,#112,.T.);
#112 = EDGE_CURVE('',#85,#24,#113,.T.);
#113 = SURFACE_CURVE('',#114,(#118,#125),.PCURVE_S1.);
#114 = LINE('',#115,#116);
#115 = CARTESIAN_POINT('',(-90.675,123.71821428268,16.648059415924));
#116 = VECTOR('',#117,1.);
#117 = DIRECTION('',(0.,0.998311539311,5.808674959774E-02));
#118 = PCURVE('',#32,#119);
#119 = DEFINITIONAL_REPRESENTATION('',(#120),#124);
#120 = LINE('',#121,#122);
#121 = CARTESIAN_POINT('',(5.,-60.));
#122 = VECTOR('',#123,1.);
#123 = DIRECTION('',(1.,0.));
#124 = ( GEOMETRIC_REPRESENTATION_CONTEXT(2) 
PARAMETRIC_REPRESENTATION_CONTEXT() REPRESENTATION_CONTEXT('2D SPACE',''
  ) );
#125 = PCURVE('',#126,#131);
#126 = PLANE('',#127);
#127 = AXIS2_PLACEMENT_3D('',#128,#129,#130);
#128 = CARTESIAN_POINT('',(-17.94,123.71821428212,16.648059415891));
#129 = DIRECTION('',(0.,-5.808674959774E-02,0.998311539311));
#130 = DIRECTION('',(1.,0.,0.));
#131 = DEFINITIONAL_REPRESENTATION('',(#132),#136);
#132 = LINE('',#133,#134);
#133 = CARTESIAN_POINT('',(-72.735,5.657052300126E-10));
#134 = VECTOR('',#135,1.);
#135 = DIRECTION('',(0.,1.));
#136 = ( GEOMETRIC_REPRESENTATION_CONTEXT(2) 
PARAMETRIC_REPRESENTATION_CONTEXT() REPRESENTATION_CONTEXT('2D SPACE',''
  ) );
#137 = ADVANCED_FACE('',(#138),#100,.T.);
#138 = FACE_BOUND('',#139,.F.);
#139 = EDGE_LOOP('',(#140,#168,#204,#256,#257));
#140 = ORIENTED_EDGE('',*,*,#141,.T.);
#141 = EDGE_CURVE('',#142,#144,#146,.T.);
#142 = VERTEX_POINT('',#143);
#143 = CARTESIAN_POINT('',(-90.41430022691,116.70507571903,16.24));
#144 = VERTEX_POINT('',#145);
#145 = CARTESIAN_POINT('',(-90.41430022691,117.62676530016,
    0.399324615724));
#146 = SURFACE_CURVE('',#147,(#151,#157),.PCURVE_S1.);
#147 = LINE('',#148,#149);
#148 = CARTESIAN_POINT('',(-90.41430022691,120.19028069489,
    -43.65869235865));
#149 = VECTOR('',#150,1.);
#150 = DIRECTION('',(0.,5.808674959774E-02,-0.998311539311));
#151 = PCURVE('',#100,#152);
#152 = DEFINITIONAL_REPRESENTATION('',(#153),#156);
#153 = B_SPLINE_CURVE_WITH_KNOTS('',1,(#154,#155),.UNSPECIFIED.,.F.,.F.,
  (2,2),(-60.0000006,5.999999999062E-07),.PIECEWISE_BEZIER_KNOTS.);
#154 = CARTESIAN_POINT('',(-3.397665380816,-60.0000006));
#155 = CARTESIAN_POINT('',(-3.397665380816,5.999999999062E-07));
#156 = ( GEOMETRIC_REPRESENTATION_CONTEXT(2) 
PARAMETRIC_REPRESENTATION_CONTEXT() REPRESENTATION_CONTEXT('2D SPACE',''
  ) );
#157 = PCURVE('',#158,#163);
#158 = PLANE('',#159);
#159 = AXIS2_PLACEMENT_3D('',#160,#161,#162);
#160 = CARTESIAN_POINT('',(-217.94,120.24836744449,-44.65700389796));
#161 = DIRECTION('',(0.,0.998311539311,5.808674959774E-02));
#162 = DIRECTION('',(0.,-5.808674959774E-02,0.998311539311));
#163 = DEFINITIONAL_REPRESENTATION('',(#164),#167);
#164 = B_SPLINE_CURVE_WITH_KNOTS('',1,(#165,#166),.UNSPECIFIED.,.F.,.F.,
  (2,2),(-60.0000006,5.999999999062E-07),.PIECEWISE_BEZIER_KNOTS.);
#165 = CARTESIAN_POINT('',(61.0000006,127.52569977308));
#166 = CARTESIAN_POINT('',(0.9999994,127.52569977308));
#167 = ( GEOMETRIC_REPRESENTATION_CONTEXT(2) 
PARAMETRIC_REPRESENTATION_CONTEXT() REPRESENTATION_CONTEXT('2D SPACE',''
  ) );
#168 = ORIENTED_EDGE('',*,*,#169,.F.);
#169 = EDGE_CURVE('',#170,#144,#172,.T.);
#170 = VERTEX_POINT('',#171);
#171 = CARTESIAN_POINT('',(-90.42245579617,117.66005538027,0.36791521462
    ));
#172 = SURFACE_CURVE('',#173,(#178,#188),.PCURVE_S1.);
#173 = ELLIPSE('',#174,11.650055993663,7.995);
#174 = AXIS2_PLACEMENT_3D('',#175,#176,#177);
#175 = CARTESIAN_POINT('',(-82.68,119.77301482605,-1.625675384276));
#176 = DIRECTION('',(3.12974477209E-18,0.68626279602,0.727353679305));
#177 = DIRECTION('',(2.952933984159E-18,0.727353679305,-0.68626279602));
#178 = PCURVE('',#100,#179);
#179 = DEFINITIONAL_REPRESENTATION('',(#180),#187);
#180 = B_SPLINE_CURVE_WITH_KNOTS('',5,(#181,#182,#183,#184,#185,#186),
  .UNSPECIFIED.,.F.,.F.,(6,6),(1.82281014684,1.826869054021),
  .PIECEWISE_BEZIER_KNOTS.);
#181 = CARTESIAN_POINT('',(-3.393606473635,-44.0992429413));
#182 = CARTESIAN_POINT('',(-3.394418255071,-44.10590445667));
#183 = CARTESIAN_POINT('',(-3.395230036508,-44.11256423152));
#184 = CARTESIAN_POINT('',(-3.396041817944,-44.11922225669));
#185 = CARTESIAN_POINT('',(-3.39685359938,-44.12587852306));
#186 = CARTESIAN_POINT('',(-3.397665380816,-44.13253302149));
#187 = ( GEOMETRIC_REPRESENTATION_CONTEXT(2) 
PARAMETRIC_REPRESENTATION_CONTEXT() REPRESENTATION_CONTEXT('2D SPACE',''
  ) );
#188 = PCURVE('',#189,#194);
#189 = PLANE('',#190);
#190 = AXIS2_PLACEMENT_3D('',#191,#192,#193);
#191 = CARTESIAN_POINT('',(-90.41430022691,117.83838265008,
    0.199662307862));
#192 = DIRECTION('',(-3.12974477209E-18,-0.68626279602,-0.727353679305)
  );
#193 = DIRECTION('',(1.,-2.147827398123E-18,-2.276431375266E-18));
#194 = DEFINITIONAL_REPRESENTATION('',(#195),#203);
#195 = ( BOUNDED_CURVE() B_SPLINE_CURVE(2,(#196,#197,#198,#199,#200,#201
,#202),.UNSPECIFIED.,.T.,.F.) B_SPLINE_CURVE_WITH_KNOTS((1,2,2,2,2,1),(
    -2.094395102393,0.,2.094395102393,4.188790204786,6.28318530718,
8.377580409573),.UNSPECIFIED.) CURVE() GEOMETRIC_REPRESENTATION_ITEM() 
RATIONAL_B_SPLINE_CURVE((1.,0.5,1.,0.5,1.,0.5,1.)) REPRESENTATION_ITEM(
  '') );
#196 = CARTESIAN_POINT('',(7.734300226911,-14.30987917324));
#197 = CARTESIAN_POINT('',(-6.113445979602,-14.30987917324));
#198 = CARTESIAN_POINT('',(0.810427123655,3.16520481725));
#199 = CARTESIAN_POINT('',(7.734300226911,20.640288807744));
#200 = CARTESIAN_POINT('',(14.658173330168,3.16520481725));
#201 = CARTESIAN_POINT('',(21.582046433424,-14.30987917324));
#202 = CARTESIAN_POINT('',(7.734300226911,-14.30987917324));
#203 = ( GEOMETRIC_REPRESENTATION_CONTEXT(2) 
PARAMETRIC_REPRESENTATION_CONTEXT() REPRESENTATION_CONTEXT('2D SPACE',''
  ) );
#204 = ORIENTED_EDGE('',*,*,#205,.T.);
#205 = EDGE_CURVE('',#170,#57,#206,.T.);
#206 = SURFACE_CURVE('',#207,(#218,#228),.PCURVE_S1.);
#207 = B_SPLINE_CURVE_WITH_KNOTS('',5,(#208,#209,#210,#211,#212,#213,
    #214,#215,#216,#217),.UNSPECIFIED.,.F.,.F.,(6,4,6),(-0.328461481488,
    1.707145229736E-02,2.027415420659),.UNSPECIFIED.);
#208 = CARTESIAN_POINT('',(-90.3232433175,117.28216000324,0.340426758868
    ));
#209 = CARTESIAN_POINT('',(-90.34135763227,117.35110275578,
    0.345454115179));
#210 = CARTESIAN_POINT('',(-90.35947194704,117.42004550831,
    0.350481471489));
#211 = CARTESIAN_POINT('',(-90.37758626181,117.48898826084,0.3555088278)
  );
#212 = CARTESIAN_POINT('',(-90.39570057658,117.55793101338,
    0.360536184111));
#213 = CARTESIAN_POINT('',(-90.51920572353,118.02798935625,
    0.394813184806));
#214 = CARTESIAN_POINT('',(-90.59795789609,118.43546739116,
    0.399323149561));
#215 = CARTESIAN_POINT('',(-90.64981503604,118.84519706357,
    0.400262893093));
#216 = CARTESIAN_POINT('',(-90.675,119.25306902101,0.4));
#217 = CARTESIAN_POINT('',(-90.675,119.65515091866,0.4));
#218 = PCURVE('',#100,#219);
#219 = DEFINITIONAL_REPRESENTATION('',(#220),#227);
#220 = B_SPLINE_CURVE_WITH_KNOTS('',5,(#221,#222,#223,#224,#225,#226),
  .UNSPECIFIED.,.F.,.F.,(6,6),(5.03146661805E-02,2.027415420659),
  .PIECEWISE_BEZIER_KNOTS.);
#221 = CARTESIAN_POINT('',(-3.393606472756,-44.09924294138));
#222 = CARTESIAN_POINT('',(-3.342485394469,-44.10344962053));
#223 = CARTESIAN_POINT('',(-3.291609133545,-44.08442164983));
#224 = CARTESIAN_POINT('',(-3.241042894782,-44.06190292763));
#225 = CARTESIAN_POINT('',(-3.190969184551,-44.03835435777));
#226 = CARTESIAN_POINT('',(-3.14159265359,-44.0153849379));
#227 = ( GEOMETRIC_REPRESENTATION_CONTEXT(2) 
PARAMETRIC_REPRESENTATION_CONTEXT() REPRESENTATION_CONTEXT('2D SPACE',''
  ) );
#228 = PCURVE('',#229,#250);
#229 = B_SPLINE_SURFACE_WITH_KNOTS('',1,5,(
    (#230,#231,#232,#233,#234,#235,#236,#237,#238,#239)
    ,(#240,#241,#242,#243,#244,#245,#246,#247,#248,#249
  )),.UNSPECIFIED.,.F.,.F.,.F.,(2,2),(6,4,6),(0.,2.010343968362),(
    -0.328461481488,1.707145229736E-02,2.027415420659),.UNSPECIFIED.);
#230 = CARTESIAN_POINT('',(-90.3232433175,117.28216000324,0.340426758868
    ));
#231 = CARTESIAN_POINT('',(-90.34135763227,117.35110275578,
    0.345454115179));
#232 = CARTESIAN_POINT('',(-90.35947194704,117.42004550831,
    0.350481471489));
#233 = CARTESIAN_POINT('',(-90.37758626181,117.48898826084,0.3555088278)
  );
#234 = CARTESIAN_POINT('',(-90.39570057658,117.55793101338,
    0.360536184111));
#235 = CARTESIAN_POINT('',(-90.51920572353,118.02798935625,
    0.394813184806));
#236 = CARTESIAN_POINT('',(-90.59795789609,118.43546739116,
    0.399323149561));
#237 = CARTESIAN_POINT('',(-90.64981503604,118.84519706357,
    0.400262893093));
#238 = CARTESIAN_POINT('',(-90.675,119.25306902101,0.4));
#239 = CARTESIAN_POINT('',(-90.675,119.65515091866,0.4));
#240 = CARTESIAN_POINT('',(-90.14253852223,117.29439692964,0.));
#241 = CARTESIAN_POINT('',(-90.14967715265,117.36740130298,0.));
#242 = CARTESIAN_POINT('',(-90.1567236827,117.43946379668,0.));
#243 = CARTESIAN_POINT('',(-90.16367811237,117.51058441076,0.));
#244 = CARTESIAN_POINT('',(-90.17054044165,117.58076314519,0.));
#245 = CARTESIAN_POINT('',(-90.21670051595,118.05282670573,0.));
#246 = CARTESIAN_POINT('',(-90.24613986292,118.45715651302,0.));
#247 = CARTESIAN_POINT('',(-90.2655214291,118.86061409081,0.));
#248 = CARTESIAN_POINT('',(-90.275,119.26075975564,0.));
#249 = CARTESIAN_POINT('',(-90.275,119.65515091866,0.));
#250 = DEFINITIONAL_REPRESENTATION('',(#251),#255);
#251 = LINE('',#252,#253);
#252 = CARTESIAN_POINT('',(0.,0.));
#253 = VECTOR('',#254,1.);
#254 = DIRECTION('',(0.,1.));
#255 = ( GEOMETRIC_REPRESENTATION_CONTEXT(2) 
PARAMETRIC_REPRESENTATION_CONTEXT() REPRESENTATION_CONTEXT('2D SPACE',''
  ) );
#256 = ORIENTED_EDGE('',*,*,#84,.T.);
#257 = ORIENTED_EDGE('',*,*,#258,.T.);
#258 = EDGE_CURVE('',#85,#142,#259,.T.);
#259 = SURFACE_CURVE('',#260,(#265,#272),.PCURVE_S1.);
#260 = CIRCLE('',#261,7.995);
#261 = AXIS2_PLACEMENT_3D('',#262,#263,#264);
#262 = CARTESIAN_POINT('',(-82.68,118.72665658613,16.357625667935));
#263 = DIRECTION('',(0.,-5.808674959774E-02,0.998311539311));
#264 = DIRECTION('',(1.,0.,0.));
#265 = PCURVE('',#100,#266);
#266 = DEFINITIONAL_REPRESENTATION('',(#267),#271);
#267 = LINE('',#268,#269);
#268 = CARTESIAN_POINT('',(-0.,-60.));
#269 = VECTOR('',#270,1.);
#270 = DIRECTION('',(-1.,0.));
#271 = ( GEOMETRIC_REPRESENTATION_CONTEXT(2) 
PARAMETRIC_REPRESENTATION_CONTEXT() REPRESENTATION_CONTEXT('2D SPACE',''
  ) );
#272 = PCURVE('',#126,#273);
#273 = DEFINITIONAL_REPRESENTATION('',(#274),#278);
#274 = CIRCLE('',#275,7.995);
#275 = AXIS2_PLACEMENT_2D('',#276,#277);
#276 = CARTESIAN_POINT('',(-64.74,-4.999999999434));
#277 = DIRECTION('',(1.,0.));
#278 = ( GEOMETRIC_REPRESENTATION_CONTEXT(2) 
PARAMETRIC_REPRESENTATION_CONTEXT() REPRESENTATION_CONTEXT('2D SPACE',''
  ) );
#279 = ADVANCED_FACE('',(#280),#229,.F.);
#280 = FACE_BOUND('',#281,.F.);
#281 = EDGE_LOOP('',(#282,#317,#355,#373));
#282 = ORIENTED_EDGE('',*,*,#283,.F.);
#283 = EDGE_CURVE('',#284,#170,#286,.T.);
#284 = VERTEX_POINT('',#285);
#285 = CARTESIAN_POINT('',(-90.21246151843,118.05,-5.551115123126E-17));
#286 = SURFACE_CURVE('',#287,(#295,#306),.PCURVE_S1.);
#287 = B_SPLINE_CURVE_WITH_KNOTS('',6,(#288,#289,#290,#291,#292,#293,
    #294),.UNSPECIFIED.,.F.,.F.,(7,7),(0.,1.),.PIECEWISE_BEZIER_KNOTS.);
#288 = CARTESIAN_POINT('',(-90.21246151843,118.05,7.466249840604E-15));
#289 = CARTESIAN_POINT('',(-90.25633498617,117.98226873723,
    6.390487473607E-02));
#290 = CARTESIAN_POINT('',(-90.29685178961,117.91529107442,
    0.127098723146));
#291 = CARTESIAN_POINT('',(-90.33381772329,117.84929936505,
    0.189362318247));
#292 = CARTESIAN_POINT('',(-90.36709215765,117.78456759675,
    0.250437150991));
#293 = CARTESIAN_POINT('',(-90.39662355018,117.72139521643,
    0.310040691307));
#294 = CARTESIAN_POINT('',(-90.42245579617,117.66005538027,0.36791521462
    ));
#295 = PCURVE('',#229,#296);
#296 = DEFINITIONAL_REPRESENTATION('',(#297),#305);
#297 = B_SPLINE_CURVE_WITH_KNOTS('',6,(#298,#299,#300,#301,#302,#303,
    #304),.UNSPECIFIED.,.F.,.F.,(7,7),(0.,1.),.PIECEWISE_BEZIER_KNOTS.);
#298 = CARTESIAN_POINT('',(2.010343968362,0.415913959775));
#299 = CARTESIAN_POINT('',(1.677822858295,0.352214488719));
#300 = CARTESIAN_POINT('',(1.344401285068,0.289383228357));
#301 = CARTESIAN_POINT('',(1.009988115729,0.227573961777));
#302 = CARTESIAN_POINT('',(0.674494116182,0.166979878188));
#303 = CARTESIAN_POINT('',(0.337843157455,0.107823637404));
#304 = CARTESIAN_POINT('',(0.,5.031466618052E-02));
#305 = ( GEOMETRIC_REPRESENTATION_CONTEXT(2) 
PARAMETRIC_REPRESENTATION_CONTEXT() REPRESENTATION_CONTEXT('2D SPACE',''
  ) );
#306 = PCURVE('',#189,#307);
#307 = DEFINITIONAL_REPRESENTATION('',(#308),#316);
#308 = B_SPLINE_CURVE_WITH_KNOTS('',6,(#309,#310,#311,#312,#313,#314,
    #315),.UNSPECIFIED.,.F.,.F.,(7,7),(0.,1.),.PIECEWISE_BEZIER_KNOTS.);
#309 = CARTESIAN_POINT('',(0.201838708473,-0.290941471722));
#310 = CARTESIAN_POINT('',(0.15796524074,-0.197821350528));
#311 = CARTESIAN_POINT('',(0.117448437297,-0.105737313952));
#312 = CARTESIAN_POINT('',(8.048250361658E-02,-1.500881247602E-02));
#313 = CARTESIAN_POINT('',(4.720806925763E-02,7.398746285502E-02));
#314 = CARTESIAN_POINT('',(1.767667673158E-02,0.160839818339));
#315 = CARTESIAN_POINT('',(-8.155569260168E-03,0.245172706044));
#316 = ( GEOMETRIC_REPRESENTATION_CONTEXT(2) 
PARAMETRIC_REPRESENTATION_CONTEXT() REPRESENTATION_CONTEXT('2D SPACE',''
  ) );
#317 = ORIENTED_EDGE('',*,*,#318,.T.);
#318 = EDGE_CURVE('',#284,#319,#321,.T.);
#319 = VERTEX_POINT('',#320);
#320 = CARTESIAN_POINT('',(-90.275,119.65515091866,0.));
#321 = SURFACE_CURVE('',#322,(#333,#340),.PCURVE_S1.);
#322 = B_SPLINE_CURVE_WITH_KNOTS('',5,(#323,#324,#325,#326,#327,#328,
    #329,#330,#331,#332),.UNSPECIFIED.,.F.,.F.,(6,4,6),(-0.328461481488,
    1.707145229736E-02,2.027415420659),.UNSPECIFIED.);
#323 = CARTESIAN_POINT('',(-90.14253852223,117.29439692964,0.));
#324 = CARTESIAN_POINT('',(-90.14967715265,117.36740130298,0.));
#325 = CARTESIAN_POINT('',(-90.1567236827,117.43946379668,0.));
#326 = CARTESIAN_POINT('',(-90.16367811237,117.51058441076,0.));
#327 = CARTESIAN_POINT('',(-90.17054044165,117.58076314519,0.));
#328 = CARTESIAN_POINT('',(-90.21670051595,118.05282670573,0.));
#329 = CARTESIAN_POINT('',(-90.24613986292,118.45715651302,0.));
#330 = CARTESIAN_POINT('',(-90.2655214291,118.86061409081,0.));
#331 = CARTESIAN_POINT('',(-90.275,119.26075975564,0.));
#332 = CARTESIAN_POINT('',(-90.275,119.65515091866,0.));
#333 = PCURVE('',#229,#334);
#334 = DEFINITIONAL_REPRESENTATION('',(#335),#339);
#335 = LINE('',#336,#337);
#336 = CARTESIAN_POINT('',(2.010343968362,0.));
#337 = VECTOR('',#338,1.);
#338 = DIRECTION('',(0.,1.));
#339 = ( GEOMETRIC_REPRESENTATION_CONTEXT(2) 
PARAMETRIC_REPRESENTATION_CONTEXT() REPRESENTATION_CONTEXT('2D SPACE',''
  ) );
#340 = PCURVE('',#341,#346);
#341 = PLANE('',#342);
#342 = AXIS2_PLACEMENT_3D('',#343,#344,#345);
#343 = CARTESIAN_POINT('',(-200.,-200.,0.));
#344 = DIRECTION('',(0.,0.,1.));
#345 = DIRECTION('',(1.,0.,-0.));
#346 = DEFINITIONAL_REPRESENTATION('',(#347),#354);
#347 = B_SPLINE_CURVE_WITH_KNOTS('',5,(#348,#349,#350,#351,#352,#353),
  .UNSPECIFIED.,.F.,.F.,(6,6),(1.707145229736E-02,2.027415420659),
  .PIECEWISE_BEZIER_KNOTS.);
#348 = CARTESIAN_POINT('',(109.82268932943,317.65));
#349 = CARTESIAN_POINT('',(109.78329948404,318.05282670573));
#350 = CARTESIAN_POINT('',(109.75386013707,318.45715651302));
#351 = CARTESIAN_POINT('',(109.73447857089,318.86061409081));
#352 = CARTESIAN_POINT('',(109.725,319.26075975564));
#353 = CARTESIAN_POINT('',(109.725,319.65515091866));
#354 = ( GEOMETRIC_REPRESENTATION_CONTEXT(2) 
PARAMETRIC_REPRESENTATION_CONTEXT() REPRESENTATION_CONTEXT('2D SPACE',''
  ) );
#355 = ORIENTED_EDGE('',*,*,#356,.F.);
#356 = EDGE_CURVE('',#57,#319,#357,.T.);
#357 = SURFACE_CURVE('',#358,(#361,#367),.PCURVE_S1.);
#358 = B_SPLINE_CURVE_WITH_KNOTS('',1,(#359,#360),.UNSPECIFIED.,.F.,.F.,
  (2,2),(0.,2.010343968362),.PIECEWISE_BEZIER_KNOTS.);
#359 = CARTESIAN_POINT('',(-90.675,119.65515091866,0.4));
#360 = CARTESIAN_POINT('',(-90.275,119.65515091866,0.));
#361 = PCURVE('',#229,#362);
#362 = DEFINITIONAL_REPRESENTATION('',(#363),#366);
#363 = B_SPLINE_CURVE_WITH_KNOTS('',1,(#364,#365),.UNSPECIFIED.,.F.,.F.,
  (2,2),(0.,2.010343968362),.PIECEWISE_BEZIER_KNOTS.);
#364 = CARTESIAN_POINT('',(0.,2.027415420659));
#365 = CARTESIAN_POINT('',(2.010343968362,2.027415420659));
#366 = ( GEOMETRIC_REPRESENTATION_CONTEXT(2) 
PARAMETRIC_REPRESENTATION_CONTEXT() REPRESENTATION_CONTEXT('2D SPACE',''
  ) );
#367 = PCURVE('',#72,#368);
#368 = DEFINITIONAL_REPRESENTATION('',(#369),#372);
#369 = B_SPLINE_CURVE_WITH_KNOTS('',1,(#370,#371),.UNSPECIFIED.,.F.,.F.,
  (2,2),(0.,2.010343968362),.PIECEWISE_BEZIER_KNOTS.);
#370 = CARTESIAN_POINT('',(2.327399706827E-02,-0.282842712475));
#371 = CARTESIAN_POINT('',(2.327399706827E-02,0.282842712475));
#372 = ( GEOMETRIC_REPRESENTATION_CONTEXT(2) 
PARAMETRIC_REPRESENTATION_CONTEXT() REPRESENTATION_CONTEXT('2D SPACE',''
  ) );
#373 = ORIENTED_EDGE('',*,*,#205,.F.);
#374 = ADVANCED_FACE('',(#375),#341,.F.);
#375 = FACE_BOUND('',#376,.F.);
#376 = EDGE_LOOP('',(#377,#378,#401,#455,#483,#557,#585,#659));
#377 = ORIENTED_EDGE('',*,*,#318,.F.);
#378 = ORIENTED_EDGE('',*,*,#379,.T.);
#379 = EDGE_CURVE('',#284,#380,#382,.T.);
#380 = VERTEX_POINT('',#381);
#381 = CARTESIAN_POINT('',(54.332461519964,118.05,2.775557561563E-17));
#382 = SURFACE_CURVE('',#383,(#387,#394),.PCURVE_S1.);
#383 = LINE('',#384,#385);
#384 = CARTESIAN_POINT('',(-90.41430022691,118.05,4.240408422061E-15));
#385 = VECTOR('',#386,1.);
#386 = DIRECTION('',(1.,0.,0.));
#387 = PCURVE('',#341,#388);
#388 = DEFINITIONAL_REPRESENTATION('',(#389),#393);
#389 = LINE('',#390,#391);
#390 = CARTESIAN_POINT('',(109.58569977308,318.05));
#391 = VECTOR('',#392,1.);
#392 = DIRECTION('',(1.,0.));
#393 = ( GEOMETRIC_REPRESENTATION_CONTEXT(2) 
PARAMETRIC_REPRESENTATION_CONTEXT() REPRESENTATION_CONTEXT('2D SPACE',''
  ) );
#394 = PCURVE('',#189,#395);
#395 = DEFINITIONAL_REPRESENTATION('',(#396),#400);
#396 = LINE('',#397,#398);
#397 = CARTESIAN_POINT('',(0.,-0.290941471722));
#398 = VECTOR('',#399,1.);
#399 = DIRECTION('',(1.,0.));
#400 = ( GEOMETRIC_REPRESENTATION_CONTEXT(2) 
PARAMETRIC_REPRESENTATION_CONTEXT() REPRESENTATION_CONTEXT('2D SPACE',''
  ) );
#401 = ORIENTED_EDGE('',*,*,#402,.F.);
#402 = EDGE_CURVE('',#403,#380,#405,.T.);
#403 = VERTEX_POINT('',#404);
#404 = CARTESIAN_POINT('',(54.395,119.65515091866,5.051514762044E-15));
#405 = SURFACE_CURVE('',#406,(#417,#427),.PCURVE_S1.);
#406 = B_SPLINE_CURVE_WITH_KNOTS('',5,(#407,#408,#409,#410,#411,#412,
    #413,#414,#415,#416),.UNSPECIFIED.,.F.,.F.,(6,4,6),(176.72606797507,
    178.7364119644,179.08194486889),.UNSPECIFIED.);
#407 = CARTESIAN_POINT('',(54.395,119.65515091866,0.));
#408 = CARTESIAN_POINT('',(54.395,119.26075975151,0.));
#409 = CARTESIAN_POINT('',(54.385521429994,118.86061409847,0.));
#410 = CARTESIAN_POINT('',(54.366139856597,118.45715645617,0.));
#411 = CARTESIAN_POINT('',(54.336700528909,118.05282673698,0.));
#412 = CARTESIAN_POINT('',(54.290540431534,117.58076314642,0.));
#413 = CARTESIAN_POINT('',(54.283678099329,117.51058441273,0.));
#414 = CARTESIAN_POINT('',(54.276723666657,117.43946379895,0.));
#415 = CARTESIAN_POINT('',(54.269677133518,117.36740130507,0.));
#416 = CARTESIAN_POINT('',(54.262538499912,117.29439693109,0.));
#417 = PCURVE('',#341,#418);
#418 = DEFINITIONAL_REPRESENTATION('',(#419),#426);
#419 = B_SPLINE_CURVE_WITH_KNOTS('',5,(#420,#421,#422,#423,#424,#425),
  .UNSPECIFIED.,.F.,.F.,(6,6),(176.72606797507,178.7364119644),
  .PIECEWISE_BEZIER_KNOTS.);
#420 = CARTESIAN_POINT('',(254.395,319.65515091866));
#421 = CARTESIAN_POINT('',(254.395,319.2607597515));
#422 = CARTESIAN_POINT('',(254.38552142999,318.86061409847));
#423 = CARTESIAN_POINT('',(254.36613985659,318.45715645617));
#424 = CARTESIAN_POINT('',(254.3367005289,318.05282673698));
#425 = CARTESIAN_POINT('',(254.29731066327,317.65));
#426 = ( GEOMETRIC_REPRESENTATION_CONTEXT(2) 
PARAMETRIC_REPRESENTATION_CONTEXT() REPRESENTATION_CONTEXT('2D SPACE',''
  ) );
#427 = PCURVE('',#428,#449);
#428 = B_SPLINE_SURFACE_WITH_KNOTS('',1,5,(
    (#429,#430,#431,#432,#433,#434,#435,#436,#437,#438)
    ,(#439,#440,#441,#442,#443,#444,#445,#446,#447,#448
  )),.UNSPECIFIED.,.F.,.F.,.F.,(2,2),(6,4,6),(0.,2.010343989337),(
    176.72606797507,178.7364119644,179.08194486889),.UNSPECIFIED.);
#429 = CARTESIAN_POINT('',(54.795,119.65515091866,0.4));
#430 = CARTESIAN_POINT('',(54.795,119.25306901682,0.4));
#431 = CARTESIAN_POINT('',(54.769815039318,118.84519706449,
    0.400262893112));
#432 = CARTESIAN_POINT('',(54.717957884454,118.43546734836,
    0.399323150445));
#433 = CARTESIAN_POINT('',(54.639205731424,118.02798938441,
    0.394813181412));
#434 = CARTESIAN_POINT('',(54.515700573765,117.55793100276,
    0.360536188075));
#435 = CARTESIAN_POINT('',(54.497586258897,117.48898825014,
    0.355508833251));
#436 = CARTESIAN_POINT('',(54.479471944029,117.42004549752,
    0.350481478428));
#437 = CARTESIAN_POINT('',(54.46135762916,117.3511027449,0.345454123605)
  );
#438 = CARTESIAN_POINT('',(54.443243314292,117.28215999228,
    0.340426768782));
#439 = CARTESIAN_POINT('',(54.395,119.65515091866,0.));
#440 = CARTESIAN_POINT('',(54.395,119.26075975151,0.));
#441 = CARTESIAN_POINT('',(54.385521429994,118.86061409847,0.));
#442 = CARTESIAN_POINT('',(54.366139856597,118.45715645617,0.));
#443 = CARTESIAN_POINT('',(54.336700528909,118.05282673698,0.));
#444 = CARTESIAN_POINT('',(54.290540431534,117.58076314642,0.));
#445 = CARTESIAN_POINT('',(54.283678099329,117.51058441273,0.));
#446 = CARTESIAN_POINT('',(54.276723666657,117.43946379895,0.));
#447 = CARTESIAN_POINT('',(54.269677133518,117.36740130507,0.));
#448 = CARTESIAN_POINT('',(54.262538499912,117.29439693109,0.));
#449 = DEFINITIONAL_REPRESENTATION('',(#450),#454);
#450 = LINE('',#451,#452);
#451 = CARTESIAN_POINT('',(2.010343989337,0.));
#452 = VECTOR('',#453,1.);
#453 = DIRECTION('',(0.,1.));
#454 = ( GEOMETRIC_REPRESENTATION_CONTEXT(2) 
PARAMETRIC_REPRESENTATION_CONTEXT() REPRESENTATION_CONTEXT('2D SPACE',''
  ) );
#455 = ORIENTED_EDGE('',*,*,#456,.F.);
#456 = EDGE_CURVE('',#457,#403,#459,.T.);
#457 = VERTEX_POINT('',#458);
#458 = CARTESIAN_POINT('',(54.395,129.67206407742,0.));
#459 = SURFACE_CURVE('',#460,(#464,#471),.PCURVE_S1.);
#460 = LINE('',#461,#462);
#461 = CARTESIAN_POINT('',(54.395,129.69533807448,0.));
#462 = VECTOR('',#463,1.);
#463 = DIRECTION('',(-0.,-1.,0.));
#464 = PCURVE('',#341,#465);
#465 = DEFINITIONAL_REPRESENTATION('',(#466),#470);
#466 = LINE('',#467,#468);
#467 = CARTESIAN_POINT('',(254.395,329.69533807448));
#468 = VECTOR('',#469,1.);
#469 = DIRECTION('',(-0.,-1.));
#470 = ( GEOMETRIC_REPRESENTATION_CONTEXT(2) 
PARAMETRIC_REPRESENTATION_CONTEXT() REPRESENTATION_CONTEXT('2D SPACE',''
  ) );
#471 = PCURVE('',#472,#477);
#472 = PLANE('',#473);
#473 = AXIS2_PLACEMENT_3D('',#474,#475,#476);
#474 = CARTESIAN_POINT('',(54.595,129.69533807448,0.2));
#475 = DIRECTION('',(0.707106781187,5.332783484717E-18,-0.707106781187)
  );
#476 = DIRECTION('',(3.770847364643E-18,-1.,-3.770847364643E-18));
#477 = DEFINITIONAL_REPRESENTATION('',(#478),#482);
#478 = LINE('',#479,#480);
#479 = CARTESIAN_POINT('',(0.,0.282842712475));
#480 = VECTOR('',#481,1.);
#481 = DIRECTION('',(1.,0.));
#482 = ( GEOMETRIC_REPRESENTATION_CONTEXT(2) 
PARAMETRIC_REPRESENTATION_CONTEXT() REPRESENTATION_CONTEXT('2D SPACE',''
  ) );
#483 = ORIENTED_EDGE('',*,*,#484,.F.);
#484 = EDGE_CURVE('',#485,#457,#487,.T.);
#485 = VERTEX_POINT('',#486);
#486 = CARTESIAN_POINT('',(46.8,137.30386015453,8.604228440845E-16));
#487 = SURFACE_CURVE('',#488,(#503,#521),.PCURVE_S1.);
#488 = B_SPLINE_CURVE_WITH_KNOTS('',7,(#489,#490,#491,#492,#493,#494,
    #495,#496,#497,#498,#499,#500,#501,#502),.UNSPECIFIED.,.F.,.F.,(8,6,
    8),(154.11674169786,166.68590028852,166.70915478366),.UNSPECIFIED.);
#489 = CARTESIAN_POINT('',(46.8,137.30386014919,0.));
#490 = CARTESIAN_POINT('',(48.504154400938,137.30386014919,0.));
#491 = CARTESIAN_POINT('',(50.208320541509,136.85694518885,0.));
#492 = CARTESIAN_POINT('',(51.772454925993,135.96320433702,0.));
#493 = CARTESIAN_POINT('',(53.056160576168,134.67736039271,0.));
#494 = CARTESIAN_POINT('',(53.948875285001,133.11031030005,0.));
#495 = CARTESIAN_POINT('',(54.39469093236,131.40292328398,0.));
#496 = CARTESIAN_POINT('',(54.395000578377,129.69210629986,0.));
#497 = CARTESIAN_POINT('',(54.394999998704,129.68869946291,0.));
#498 = CARTESIAN_POINT('',(54.39499974805,129.68532684284,0.));
#499 = CARTESIAN_POINT('',(54.394999960202,129.68203014942,0.));
#500 = CARTESIAN_POINT('',(54.395000159806,129.67873735671,0.));
#501 = CARTESIAN_POINT('',(54.395,129.67538893414,0.));
#502 = CARTESIAN_POINT('',(54.395,129.67206407742,0.));
#503 = PCURVE('',#341,#504);
#504 = DEFINITIONAL_REPRESENTATION('',(#505),#520);
#505 = B_SPLINE_CURVE_WITH_KNOTS('',7,(#506,#507,#508,#509,#510,#511,
    #512,#513,#514,#515,#516,#517,#518,#519),.UNSPECIFIED.,.F.,.F.,(8,6,
    8),(154.11674169786,166.68590028852,166.70915478366),.UNSPECIFIED.);
#506 = CARTESIAN_POINT('',(246.8,337.30386014919));
#507 = CARTESIAN_POINT('',(248.50415440093,337.30386014919));
#508 = CARTESIAN_POINT('',(250.2083205415,336.85694518885));
#509 = CARTESIAN_POINT('',(251.77245492599,335.96320433702));
#510 = CARTESIAN_POINT('',(253.05616057616,334.67736039271));
#511 = CARTESIAN_POINT('',(253.948875285,333.11031030005));
#512 = CARTESIAN_POINT('',(254.39469093235,331.40292328398));
#513 = CARTESIAN_POINT('',(254.39500057837,329.69210629986));
#514 = CARTESIAN_POINT('',(254.3949999987,329.68869946291));
#515 = CARTESIAN_POINT('',(254.39499974804,329.68532684284));
#516 = CARTESIAN_POINT('',(254.3949999602,329.68203014942));
#517 = CARTESIAN_POINT('',(254.3950001598,329.67873735671));
#518 = CARTESIAN_POINT('',(254.395,329.67538893414));
#519 = CARTESIAN_POINT('',(254.395,329.67206407742));
#520 = ( GEOMETRIC_REPRESENTATION_CONTEXT(2) 
PARAMETRIC_REPRESENTATION_CONTEXT() REPRESENTATION_CONTEXT('2D SPACE',''
  ) );
#521 = PCURVE('',#522,#551);
#522 = B_SPLINE_SURFACE_WITH_KNOTS('',1,7,(
    (#523,#524,#525,#526,#527,#528,#529,#530,#531,#532,#533,#534,#535
      ,#536)
    ,(#537,#538,#539,#540,#541,#542,#543,#544,#545,#546,#547,#548,#549
      ,#550
  )),.UNSPECIFIED.,.F.,.F.,.F.,(2,2),(8,6,8),(0.,12.5924130858),(
    154.11674169786,166.68590028852,166.70915478366),.UNSPECIFIED.);
#523 = CARTESIAN_POINT('',(46.8,137.68062544935,0.399324615724));
#524 = CARTESIAN_POINT('',(48.588842942824,137.68062544935,
    0.399324615724));
#525 = CARTESIAN_POINT('',(50.377705732575,137.21284236977,
    0.399402549268));
#526 = CARTESIAN_POINT('',(52.020733525933,136.2775025149,0.39956686987)
  );
#527 = CARTESIAN_POINT('',(53.372019087634,134.93054596338,
    0.399752788897));
#528 = CARTESIAN_POINT('',(54.314825112991,133.28695364012,0.39992753769
    ));
#529 = CARTESIAN_POINT('',(54.789752411407,131.49242957913,
    0.399999585958));
#530 = CARTESIAN_POINT('',(54.794975884364,129.69201322722,
    0.399999999339));
#531 = CARTESIAN_POINT('',(54.794983922942,129.68868836075,
    0.399999999803));
#532 = CARTESIAN_POINT('',(54.794990353783,129.68536349948,
    0.399999999987));
#533 = CARTESIAN_POINT('',(54.794995176888,129.68203864689,
    0.400000000003));
#534 = CARTESIAN_POINT('',(54.794998392283,129.67871379401,
    0.399999999982));
#535 = CARTESIAN_POINT('',(54.795,129.67538893414,0.4));
#536 = CARTESIAN_POINT('',(54.795,129.67206407742,0.4));
#537 = CARTESIAN_POINT('',(46.8,137.30386014919,0.));
#538 = CARTESIAN_POINT('',(48.504154400938,137.30386014919,0.));
#539 = CARTESIAN_POINT('',(50.208320541509,136.85694518885,0.));
#540 = CARTESIAN_POINT('',(51.772454925993,135.96320433702,0.));
#541 = CARTESIAN_POINT('',(53.056160576168,134.67736039271,0.));
#542 = CARTESIAN_POINT('',(53.948875285001,133.11031030005,0.));
#543 = CARTESIAN_POINT('',(54.39469093236,131.40292328398,0.));
#544 = CARTESIAN_POINT('',(54.395000578377,129.69210629986,0.));
#545 = CARTESIAN_POINT('',(54.394999998704,129.68869946291,0.));
#546 = CARTESIAN_POINT('',(54.39499974805,129.68532684284,0.));
#547 = CARTESIAN_POINT('',(54.394999960202,129.68203014942,0.));
#548 = CARTESIAN_POINT('',(54.395000159806,129.67873735671,0.));
#549 = CARTESIAN_POINT('',(54.395,129.67538893414,0.));
#550 = CARTESIAN_POINT('',(54.395,129.67206407742,0.));
#551 = DEFINITIONAL_REPRESENTATION('',(#552),#556);
#552 = LINE('',#553,#554);
#553 = CARTESIAN_POINT('',(12.5924130858,0.));
#554 = VECTOR('',#555,1.);
#555 = DIRECTION('',(0.,1.));
#556 = ( GEOMETRIC_REPRESENTATION_CONTEXT(2) 
PARAMETRIC_REPRESENTATION_CONTEXT() REPRESENTATION_CONTEXT('2D SPACE',''
  ) );
#557 = ORIENTED_EDGE('',*,*,#558,.F.);
#558 = EDGE_CURVE('',#559,#485,#561,.T.);
#559 = VERTEX_POINT('',#560);
#560 = CARTESIAN_POINT('',(-82.68,137.30386014919,0.));
#561 = SURFACE_CURVE('',#562,(#566,#573),.PCURVE_S1.);
#562 = LINE('',#563,#564);
#563 = CARTESIAN_POINT('',(-82.68,137.30386015453,1.361445814131E-15));
#564 = VECTOR('',#565,1.);
#565 = DIRECTION('',(1.,0.,0.));
#566 = PCURVE('',#341,#567);
#567 = DEFINITIONAL_REPRESENTATION('',(#568),#572);
#568 = LINE('',#569,#570);
#569 = CARTESIAN_POINT('',(117.32,337.30386015453));
#570 = VECTOR('',#571,1.);
#571 = DIRECTION('',(1.,0.));
#572 = ( GEOMETRIC_REPRESENTATION_CONTEXT(2) 
PARAMETRIC_REPRESENTATION_CONTEXT() REPRESENTATION_CONTEXT('2D SPACE',''
  ) );
#573 = PCURVE('',#574,#579);
#574 = PLANE('',#575);
#575 = AXIS2_PLACEMENT_3D('',#576,#577,#578);
#576 = CARTESIAN_POINT('',(-82.68,137.49224280461,0.199662307862));
#577 = DIRECTION('',(-3.682865063047E-18,-0.727353679305,0.68626279602)
  );
#578 = DIRECTION('',(-1.,2.678745453992E-18,-2.527413275531E-18));
#579 = DEFINITIONAL_REPRESENTATION('',(#580),#584);
#580 = LINE('',#581,#582);
#581 = CARTESIAN_POINT('',(-0.,0.274505118408));
#582 = VECTOR('',#583,1.);
#583 = DIRECTION('',(-1.,0.));
#584 = ( GEOMETRIC_REPRESENTATION_CONTEXT(2) 
PARAMETRIC_REPRESENTATION_CONTEXT() REPRESENTATION_CONTEXT('2D SPACE',''
  ) );
#585 = ORIENTED_EDGE('',*,*,#586,.F.);
#586 = EDGE_CURVE('',#587,#559,#589,.T.);
#587 = VERTEX_POINT('',#588);
#588 = CARTESIAN_POINT('',(-90.275,129.67206407742,-3.247402347029E-15)
  );
#589 = SURFACE_CURVE('',#590,(#605,#623),.PCURVE_S1.);
#590 = B_SPLINE_CURVE_WITH_KNOTS('',7,(#591,#592,#593,#594,#595,#596,
    #597,#598,#599,#600,#601,#602,#603,#604),.UNSPECIFIED.,.F.,.F.,(8,6,
    8),(12.044328612063,12.067583107204,24.636741698005),.UNSPECIFIED.);
#591 = CARTESIAN_POINT('',(-90.275,129.67206407742,0.));
#592 = CARTESIAN_POINT('',(-90.275,129.67538893414,0.));
#593 = CARTESIAN_POINT('',(-90.2750001598,129.67873735671,0.));
#594 = CARTESIAN_POINT('',(-90.2749999602,129.68203014942,0.));
#595 = CARTESIAN_POINT('',(-90.27499974805,129.68532684284,0.));
#596 = CARTESIAN_POINT('',(-90.2749999987,129.68869946291,0.));
#597 = CARTESIAN_POINT('',(-90.27500057837,129.69210629986,0.));
#598 = CARTESIAN_POINT('',(-90.27469093236,131.40292328402,0.));
#599 = CARTESIAN_POINT('',(-89.828875285,133.11031030001,0.));
#600 = CARTESIAN_POINT('',(-88.93616057616,134.67736039274,0.));
#601 = CARTESIAN_POINT('',(-87.65245492599,135.963204337,0.));
#602 = CARTESIAN_POINT('',(-86.0883205415,136.85694518886,0.));
#603 = CARTESIAN_POINT('',(-84.38415440094,137.30386014919,0.));
#604 = CARTESIAN_POINT('',(-82.68,137.30386014919,0.));
#605 = PCURVE('',#341,#606);
#606 = DEFINITIONAL_REPRESENTATION('',(#607),#622);
#607 = B_SPLINE_CURVE_WITH_KNOTS('',7,(#608,#609,#610,#611,#612,#613,
    #614,#615,#616,#617,#618,#619,#620,#621),.UNSPECIFIED.,.F.,.F.,(8,6,
    8),(12.044328612063,12.067583107204,24.636741698005),.UNSPECIFIED.);
#608 = CARTESIAN_POINT('',(109.725,329.67206407742));
#609 = CARTESIAN_POINT('',(109.725,329.67538893414));
#610 = CARTESIAN_POINT('',(109.72499984019,329.67873735671));
#611 = CARTESIAN_POINT('',(109.7250000398,329.68203014942));
#612 = CARTESIAN_POINT('',(109.72500025194,329.68532684284));
#613 = CARTESIAN_POINT('',(109.72500000129,329.68869946292));
#614 = CARTESIAN_POINT('',(109.72499942162,329.69210629986));
#615 = CARTESIAN_POINT('',(109.72530906764,331.40292328402));
#616 = CARTESIAN_POINT('',(110.17112471499,333.11031030001));
#617 = CARTESIAN_POINT('',(111.06383942383,334.67736039274));
#618 = CARTESIAN_POINT('',(112.347545074,335.963204337));
#619 = CARTESIAN_POINT('',(113.91167945849,336.85694518886));
#620 = CARTESIAN_POINT('',(115.61584559906,337.30386014919));
#621 = CARTESIAN_POINT('',(117.32,337.30386014919));
#622 = ( GEOMETRIC_REPRESENTATION_CONTEXT(2) 
PARAMETRIC_REPRESENTATION_CONTEXT() REPRESENTATION_CONTEXT('2D SPACE',''
  ) );
#623 = PCURVE('',#624,#653);
#624 = B_SPLINE_SURFACE_WITH_KNOTS('',1,7,(
    (#625,#626,#627,#628,#629,#630,#631,#632,#633,#634,#635,#636,#637
      ,#638)
    ,(#639,#640,#641,#642,#643,#644,#645,#646,#647,#648,#649,#650,#651
      ,#652
    )),.UNSPECIFIED.,.F.,.F.,.F.,(2,2),(8,6,8),(0.,12.592413085941),(
    12.044328612063,12.067583107204,24.636741698005),.UNSPECIFIED.);
#625 = CARTESIAN_POINT('',(-90.675,129.67206407742,0.4));
#626 = CARTESIAN_POINT('',(-90.675,129.67538893414,0.4));
#627 = CARTESIAN_POINT('',(-90.67499839228,129.67871379401,
    0.399999999982));
#628 = CARTESIAN_POINT('',(-90.67499517688,129.68203864689,
    0.400000000003));
#629 = CARTESIAN_POINT('',(-90.67499035378,129.68536349948,
    0.399999999987));
#630 = CARTESIAN_POINT('',(-90.67498392294,129.68868836075,
    0.399999999803));
#631 = CARTESIAN_POINT('',(-90.67497588436,129.69201322722,
    0.399999999339));
#632 = CARTESIAN_POINT('',(-90.6697524114,131.49242957917,0.399999585958
    ));
#633 = CARTESIAN_POINT('',(-90.19482511297,133.28695364008,0.39992753769
    ));
#634 = CARTESIAN_POINT('',(-89.25201908765,134.93054596341,
    0.399752788897));
#635 = CARTESIAN_POINT('',(-87.90073352592,136.27750251488,0.39956686987
    ));
#636 = CARTESIAN_POINT('',(-86.25770573257,137.21284236978,
    0.399402549268));
#637 = CARTESIAN_POINT('',(-84.46884294282,137.68062544935,
    0.399324615724));
#638 = CARTESIAN_POINT('',(-82.68,137.68062544935,0.399324615724));
#639 = CARTESIAN_POINT('',(-90.275,129.67206407742,0.));
#640 = CARTESIAN_POINT('',(-90.275,129.67538893414,0.));
#641 = CARTESIAN_POINT('',(-90.2750001598,129.67873735671,0.));
#642 = CARTESIAN_POINT('',(-90.2749999602,129.68203014942,0.));
#643 = CARTESIAN_POINT('',(-90.27499974805,129.68532684284,0.));
#644 = CARTESIAN_POINT('',(-90.2749999987,129.68869946291,0.));
#645 = CARTESIAN_POINT('',(-90.27500057837,129.69210629986,0.));
#646 = CARTESIAN_POINT('',(-90.27469093236,131.40292328402,0.));
#647 = CARTESIAN_POINT('',(-89.828875285,133.11031030001,0.));
#648 = CARTESIAN_POINT('',(-88.93616057616,134.67736039274,0.));
#649 = CARTESIAN_POINT('',(-87.65245492599,135.963204337,0.));
#650 = CARTESIAN_POINT('',(-86.0883205415,136.85694518886,0.));
#651 = CARTESIAN_POINT('',(-84.38415440094,137.30386014919,0.));
#652 = CARTESIAN_POINT('',(-82.68,137.30386014919,0.));
#653 = DEFINITIONAL_REPRESENTATION('',(#654),#658);
#654 = LINE('',#655,#656);
#655 = CARTESIAN_POINT('',(12.592413085941,0.));
#656 = VECTOR('',#657,1.);
#657 = DIRECTION('',(0.,1.));
#658 = ( GEOMETRIC_REPRESENTATION_CONTEXT(2) 
PARAMETRIC_REPRESENTATION_CONTEXT() REPRESENTATION_CONTEXT('2D SPACE',''
  ) );
#659 = ORIENTED_EDGE('',*,*,#660,.F.);
#660 = EDGE_CURVE('',#319,#587,#661,.T.);
#661 = SURFACE_CURVE('',#662,(#666,#673),.PCURVE_S1.);
#662 = LINE('',#663,#664);
#663 = CARTESIAN_POINT('',(-90.275,119.67842491573,0.));
#664 = VECTOR('',#665,1.);
#665 = DIRECTION('',(0.,1.,-0.));
#666 = PCURVE('',#341,#667);
#667 = DEFINITIONAL_REPRESENTATION('',(#668),#672);
#668 = LINE('',#669,#670);
#669 = CARTESIAN_POINT('',(109.725,319.67842491573));
#670 = VECTOR('',#671,1.);
#671 = DIRECTION('',(0.,1.));
#672 = ( GEOMETRIC_REPRESENTATION_CONTEXT(2) 
PARAMETRIC_REPRESENTATION_CONTEXT() REPRESENTATION_CONTEXT('2D SPACE',''
  ) );
#673 = PCURVE('',#72,#674);
#674 = DEFINITIONAL_REPRESENTATION('',(#675),#679);
#675 = LINE('',#676,#677);
#676 = CARTESIAN_POINT('',(-0.,0.282842712475));
#677 = VECTOR('',#678,1.);
#678 = DIRECTION('',(-1.,0.));
#679 = ( GEOMETRIC_REPRESENTATION_CONTEXT(2) 
PARAMETRIC_REPRESENTATION_CONTEXT() REPRESENTATION_CONTEXT('2D SPACE',''
  ) );
#680 = ADVANCED_FACE('',(#681),#522,.F.);
#681 = FACE_BOUND('',#682,.F.);
#682 = EDGE_LOOP('',(#683,#704,#705,#725));
#683 = ORIENTED_EDGE('',*,*,#684,.T.);
#684 = EDGE_CURVE('',#685,#485,#687,.T.);
#685 = VERTEX_POINT('',#686);
#686 = CARTESIAN_POINT('',(46.8,137.68062545469,0.399324615724));
#687 = SURFACE_CURVE('',#688,(#692,#698),.PCURVE_S1.);
#688 = LINE('',#689,#690);
#689 = CARTESIAN_POINT('',(46.8,137.49224280461,0.199662307862));
#690 = VECTOR('',#691,1.);
#691 = DIRECTION('',(-1.735587781667E-34,-0.68626279602,-0.727353679305)
  );
#692 = PCURVE('',#522,#693);
#693 = DEFINITIONAL_REPRESENTATION('',(#694),#697);
#694 = B_SPLINE_CURVE_WITH_KNOTS('',1,(#695,#696),.UNSPECIFIED.,.F.,.F.,
  (2,2),(-0.274505118408,0.274505118408),.PIECEWISE_BEZIER_KNOTS.);
#695 = CARTESIAN_POINT('',(0.,154.11674169786));
#696 = CARTESIAN_POINT('',(12.5924130858,154.11674169786));
#697 = ( GEOMETRIC_REPRESENTATION_CONTEXT(2) 
PARAMETRIC_REPRESENTATION_CONTEXT() REPRESENTATION_CONTEXT('2D SPACE',''
  ) );
#698 = PCURVE('',#574,#699);
#699 = DEFINITIONAL_REPRESENTATION('',(#700),#703);
#700 = B_SPLINE_CURVE_WITH_KNOTS('',1,(#701,#702),.UNSPECIFIED.,.F.,.F.,
  (2,2),(-0.274505118408,0.274505118408),.PIECEWISE_BEZIER_KNOTS.);
#701 = CARTESIAN_POINT('',(-129.48,-0.274505118408));
#702 = CARTESIAN_POINT('',(-129.48,0.274505118408));
#703 = ( GEOMETRIC_REPRESENTATION_CONTEXT(2) 
PARAMETRIC_REPRESENTATION_CONTEXT() REPRESENTATION_CONTEXT('2D SPACE',''
  ) );
#704 = ORIENTED_EDGE('',*,*,#484,.T.);
#705 = ORIENTED_EDGE('',*,*,#706,.F.);
#706 = EDGE_CURVE('',#707,#457,#709,.T.);
#707 = VERTEX_POINT('',#708);
#708 = CARTESIAN_POINT('',(54.795,129.67206407742,0.4));
#709 = SURFACE_CURVE('',#710,(#713,#719),.PCURVE_S1.);
#710 = B_SPLINE_CURVE_WITH_KNOTS('',1,(#711,#712),.UNSPECIFIED.,.F.,.F.,
  (2,2),(0.,12.5924130858),.PIECEWISE_BEZIER_KNOTS.);
#711 = CARTESIAN_POINT('',(54.795,129.67206407742,0.4));
#712 = CARTESIAN_POINT('',(54.395,129.67206407742,0.));
#713 = PCURVE('',#522,#714);
#714 = DEFINITIONAL_REPRESENTATION('',(#715),#718);
#715 = B_SPLINE_CURVE_WITH_KNOTS('',1,(#716,#717),.UNSPECIFIED.,.F.,.F.,
  (2,2),(0.,12.5924130858),.PIECEWISE_BEZIER_KNOTS.);
#716 = CARTESIAN_POINT('',(0.,166.70915478366));
#717 = CARTESIAN_POINT('',(12.5924130858,166.70915478366));
#718 = ( GEOMETRIC_REPRESENTATION_CONTEXT(2) 
PARAMETRIC_REPRESENTATION_CONTEXT() REPRESENTATION_CONTEXT('2D SPACE',''
  ) );
#719 = PCURVE('',#472,#720);
#720 = DEFINITIONAL_REPRESENTATION('',(#721),#724);
#721 = B_SPLINE_CURVE_WITH_KNOTS('',1,(#722,#723),.UNSPECIFIED.,.F.,.F.,
  (2,2),(0.,12.5924130858),.PIECEWISE_BEZIER_KNOTS.);
#722 = CARTESIAN_POINT('',(2.327399706827E-02,-0.282842712475));
#723 = CARTESIAN_POINT('',(2.327399706827E-02,0.282842712475));
#724 = ( GEOMETRIC_REPRESENTATION_CONTEXT(2) 
PARAMETRIC_REPRESENTATION_CONTEXT() REPRESENTATION_CONTEXT('2D SPACE',''
  ) );
#725 = ORIENTED_EDGE('',*,*,#726,.F.);
#726 = EDGE_CURVE('',#685,#707,#727,.T.);
#727 = SURFACE_CURVE('',#728,(#743,#750),.PCURVE_S1.);
#728 = B_SPLINE_CURVE_WITH_KNOTS('',7,(#729,#730,#731,#732,#733,#734,
    #735,#736,#737,#738,#739,#740,#741,#742),.UNSPECIFIED.,.F.,.F.,(8,6,
    8),(154.11674169786,166.68590028852,166.70915478366),.UNSPECIFIED.);
#729 = CARTESIAN_POINT('',(46.8,137.68062544935,0.399324615724));
#730 = CARTESIAN_POINT('',(48.588842942824,137.68062544935,
    0.399324615724));
#731 = CARTESIAN_POINT('',(50.377705732575,137.21284236977,
    0.399402549268));
#732 = CARTESIAN_POINT('',(52.020733525933,136.2775025149,0.39956686987)
  );
#733 = CARTESIAN_POINT('',(53.372019087634,134.93054596338,
    0.399752788897));
#734 = CARTESIAN_POINT('',(54.314825112991,133.28695364012,0.39992753769
    ));
#735 = CARTESIAN_POINT('',(54.789752411407,131.49242957913,
    0.399999585958));
#736 = CARTESIAN_POINT('',(54.794975884364,129.69201322722,
    0.399999999339));
#737 = CARTESIAN_POINT('',(54.794983922942,129.68868836075,
    0.399999999803));
#738 = CARTESIAN_POINT('',(54.794990353783,129.68536349948,
    0.399999999987));
#739 = CARTESIAN_POINT('',(54.794995176888,129.68203864689,
    0.400000000003));
#740 = CARTESIAN_POINT('',(54.794998392283,129.67871379401,
    0.399999999982));
#741 = CARTESIAN_POINT('',(54.795,129.67538893414,0.4));
#742 = CARTESIAN_POINT('',(54.795,129.67206407742,0.4));
#743 = PCURVE('',#522,#744);
#744 = DEFINITIONAL_REPRESENTATION('',(#745),#749);
#745 = LINE('',#746,#747);
#746 = CARTESIAN_POINT('',(0.,0.));
#747 = VECTOR('',#748,1.);
#748 = DIRECTION('',(0.,1.));
#749 = ( GEOMETRIC_REPRESENTATION_CONTEXT(2) 
PARAMETRIC_REPRESENTATION_CONTEXT() REPRESENTATION_CONTEXT('2D SPACE',''
  ) );
#750 = PCURVE('',#751,#756);
#751 = CYLINDRICAL_SURFACE('',#752,7.995);
#752 = AXIS2_PLACEMENT_3D('',#753,#754,#755);
#753 = CARTESIAN_POINT('',(46.8,132.19497694977,-42.96019919504));
#754 = DIRECTION('',(0.,5.808674959774E-02,-0.998311539311));
#755 = DIRECTION('',(1.,0.,0.));
#756 = DEFINITIONAL_REPRESENTATION('',(#757),#767);
#757 = B_SPLINE_CURVE_WITH_KNOTS('',8,(#758,#759,#760,#761,#762,#763,
    #764,#765,#766),.UNSPECIFIED.,.F.,.F.,(9,9),(154.11674169786,
    166.70915478366),.PIECEWISE_BEZIER_KNOTS.);
#758 = CARTESIAN_POINT('',(-1.570796326795,-42.96766946854));
#759 = CARTESIAN_POINT('',(-1.374657057536,-42.96766946854));
#760 = CARTESIAN_POINT('',(-1.178515540735,-42.98818217595));
#761 = CARTESIAN_POINT('',(-0.982340075501,-43.02920674212));
#762 = CARTESIAN_POINT('',(-0.786105573745,-43.08906734262));
#763 = CARTESIAN_POINT('',(-0.589745414308,-43.16440356181));
#764 = CARTESIAN_POINT('',(-0.39331954795,-43.25051579196));
#765 = CARTESIAN_POINT('',(-0.196711911237,-43.34202679104));
#766 = CARTESIAN_POINT('',(-1.110223024625E-16,-43.4335350115));
#767 = ( GEOMETRIC_REPRESENTATION_CONTEXT(2) 
PARAMETRIC_REPRESENTATION_CONTEXT() REPRESENTATION_CONTEXT('2D SPACE',''
  ) );
#768 = ADVANCED_FACE('',(#769),#751,.T.);
#769 = FACE_BOUND('',#770,.F.);
#770 = EDGE_LOOP('',(#771,#799,#800,#828,#860,#892,#924,#952));
#771 = ORIENTED_EDGE('',*,*,#772,.F.);
#772 = EDGE_CURVE('',#685,#773,#775,.T.);
#773 = VERTEX_POINT('',#774);
#774 = CARTESIAN_POINT('',(46.8,136.69127273336,17.402896726792));
#775 = SURFACE_CURVE('',#776,(#780,#787),.PCURVE_S1.);
#776 = LINE('',#777,#778);
#777 = CARTESIAN_POINT('',(46.8,140.17647770923,-42.49579563185));
#778 = VECTOR('',#779,1.);
#779 = DIRECTION('',(0.,-5.808674959774E-02,0.998311539311));
#780 = PCURVE('',#751,#781);
#781 = DEFINITIONAL_REPRESENTATION('',(#782),#786);
#782 = LINE('',#783,#784);
#783 = CARTESIAN_POINT('',(-1.570796326795,0.));
#784 = VECTOR('',#785,1.);
#785 = DIRECTION('',(-0.,-1.));
#786 = ( GEOMETRIC_REPRESENTATION_CONTEXT(2) 
PARAMETRIC_REPRESENTATION_CONTEXT() REPRESENTATION_CONTEXT('2D SPACE',''
  ) );
#787 = PCURVE('',#788,#793);
#788 = PLANE('',#789);
#789 = AXIS2_PLACEMENT_3D('',#790,#791,#792);
#790 = CARTESIAN_POINT('',(-82.68,140.17647771189,-42.4957956317));
#791 = DIRECTION('',(0.,0.998311539311,5.808674959774E-02));
#792 = DIRECTION('',(1.,0.,0.));
#793 = DEFINITIONAL_REPRESENTATION('',(#794),#798);
#794 = LINE('',#795,#796);
#795 = CARTESIAN_POINT('',(129.48,0.));
#796 = VECTOR('',#797,1.);
#797 = DIRECTION('',(0.,-1.));
#798 = ( GEOMETRIC_REPRESENTATION_CONTEXT(2) 
PARAMETRIC_REPRESENTATION_CONTEXT() REPRESENTATION_CONTEXT('2D SPACE',''
  ) );
#799 = ORIENTED_EDGE('',*,*,#726,.T.);
#800 = ORIENTED_EDGE('',*,*,#801,.T.);
#801 = EDGE_CURVE('',#707,#802,#804,.T.);
#802 = VERTEX_POINT('',#803);
#803 = CARTESIAN_POINT('',(54.795,129.47016215285,3.87));
#804 = SURFACE_CURVE('',#805,(#809,#816),.PCURVE_S1.);
#805 = LINE('',#806,#807);
#806 = CARTESIAN_POINT('',(54.795,132.19497694977,-42.96019919504));
#807 = VECTOR('',#808,1.);
#808 = DIRECTION('',(0.,-5.808674959774E-02,0.998311539311));
#809 = PCURVE('',#751,#810);
#810 = DEFINITIONAL_REPRESENTATION('',(#811),#815);
#811 = LINE('',#812,#813);
#812 = CARTESIAN_POINT('',(-0.,0.));
#813 = VECTOR('',#814,1.);
#814 = DIRECTION('',(-0.,-1.));
#815 = ( GEOMETRIC_REPRESENTATION_CONTEXT(2) 
PARAMETRIC_REPRESENTATION_CONTEXT() REPRESENTATION_CONTEXT('2D SPACE',''
  ) );
#816 = PCURVE('',#817,#822);
#817 = PLANE('',#818);
#818 = AXIS2_PLACEMENT_3D('',#819,#820,#821);
#819 = CARTESIAN_POINT('',(54.795,122.21186156199,-43.54106669071));
#820 = DIRECTION('',(-1.,0.,0.));
#821 = DIRECTION('',(0.,0.998311539311,5.808674959774E-02));
#822 = DEFINITIONAL_REPRESENTATION('',(#823),#827);
#823 = LINE('',#824,#825);
#824 = CARTESIAN_POINT('',(9.999999994663,0.));
#825 = VECTOR('',#826,1.);
#826 = DIRECTION('',(0.,-1.));
#827 = ( GEOMETRIC_REPRESENTATION_CONTEXT(2) 
PARAMETRIC_REPRESENTATION_CONTEXT() REPRESENTATION_CONTEXT('2D SPACE',''
  ) );
#828 = ORIENTED_EDGE('',*,*,#829,.T.);
#829 = EDGE_CURVE('',#802,#830,#832,.T.);
#830 = VERTEX_POINT('',#831);
#831 = CARTESIAN_POINT('',(54.678371664694,130.8330827029,3.87));
#832 = SURFACE_CURVE('',#833,(#838,#848),.PCURVE_S1.);
#833 = ELLIPSE('',#834,8.008522074701,7.995);
#834 = AXIS2_PLACEMENT_3D('',#835,#836,#837);
#835 = CARTESIAN_POINT('',(46.8,129.47016215285,3.87));
#836 = DIRECTION('',(0.,0.,1.));
#837 = DIRECTION('',(0.,1.,-0.));
#838 = PCURVE('',#751,#839);
#839 = DEFINITIONAL_REPRESENTATION('',(#840),#847);
#840 = B_SPLINE_CURVE_WITH_KNOTS('',5,(#841,#842,#843,#844,#845,#846),
  .UNSPECIFIED.,.F.,.F.,(6,6),(4.712388980385,5.077961730418),
  .PIECEWISE_BEZIER_KNOTS.);
#841 = CARTESIAN_POINT('',(0.,-46.90940387945));
#842 = CARTESIAN_POINT('',(-7.311455000659E-02,-46.87539179384));
#843 = CARTESIAN_POINT('',(-0.146229100013,-46.8413797028));
#844 = CARTESIAN_POINT('',(-0.21934365002,-46.80774643084));
#845 = CARTESIAN_POINT('',(-0.292458200026,-46.77487066893));
#846 = CARTESIAN_POINT('',(-0.365572750033,-46.74310613034));
#847 = ( GEOMETRIC_REPRESENTATION_CONTEXT(2) 
PARAMETRIC_REPRESENTATION_CONTEXT() REPRESENTATION_CONTEXT('2D SPACE',''
  ) );
#848 = PCURVE('',#849,#854);
#849 = PLANE('',#850);
#850 = AXIS2_PLACEMENT_3D('',#851,#852,#853);
#851 = CARTESIAN_POINT('',(-29.03,115.8330827029,3.87));
#852 = DIRECTION('',(0.,0.,1.));
#853 = DIRECTION('',(1.,0.,-0.));
#854 = DEFINITIONAL_REPRESENTATION('',(#855),#859);
#855 = ELLIPSE('',#856,8.008522074701,7.995);
#856 = AXIS2_PLACEMENT_2D('',#857,#858);
#857 = CARTESIAN_POINT('',(75.83,13.637079449949));
#858 = DIRECTION('',(0.,1.));
#859 = ( GEOMETRIC_REPRESENTATION_CONTEXT(2) 
PARAMETRIC_REPRESENTATION_CONTEXT() REPRESENTATION_CONTEXT('2D SPACE',''
  ) );
#860 = ORIENTED_EDGE('',*,*,#861,.F.);
#861 = EDGE_CURVE('',#862,#830,#864,.T.);
#862 = VERTEX_POINT('',#863);
#863 = CARTESIAN_POINT('',(54.553206632031,130.8330827029,14.04));
#864 = SURFACE_CURVE('',#865,(#870,#880),.PCURVE_S1.);
#865 = ELLIPSE('',#866,137.63896336715,7.995);
#866 = AXIS2_PLACEMENT_3D('',#867,#868,#869);
#867 = CARTESIAN_POINT('',(46.8,130.8330827029,-19.55391890926));
#868 = DIRECTION('',(0.,1.,0.));
#869 = DIRECTION('',(0.,0.,-1.));
#870 = PCURVE('',#751,#871);
#871 = DEFINITIONAL_REPRESENTATION('',(#872),#879);
#872 = B_SPLINE_CURVE_WITH_KNOTS('',5,(#873,#874,#875,#876,#877,#878),
  .UNSPECIFIED.,.F.,.F.,(6,6),(4.458198859165,4.548866314496),
  .PIECEWISE_BEZIER_KNOTS.);
#873 = CARTESIAN_POINT('',(-0.25419012122,-57.998347445));
#874 = CARTESIAN_POINT('',(-0.236056630154,-55.5867505891));
#875 = CARTESIAN_POINT('',(-0.217923139087,-53.16095164962));
#876 = CARTESIAN_POINT('',(-0.199789648021,-50.72260268519));
#877 = CARTESIAN_POINT('',(-0.181656156955,-48.27337522762));
#878 = CARTESIAN_POINT('',(-0.163522665888,-45.81495341925));
#879 = ( GEOMETRIC_REPRESENTATION_CONTEXT(2) 
PARAMETRIC_REPRESENTATION_CONTEXT() REPRESENTATION_CONTEXT('2D SPACE',''
  ) );
#880 = PCURVE('',#881,#886);
#881 = PLANE('',#882);
#882 = AXIS2_PLACEMENT_3D('',#883,#884,#885);
#883 = CARTESIAN_POINT('',(-29.03,130.8330827029,3.87));
#884 = DIRECTION('',(-0.,1.,0.));
#885 = DIRECTION('',(0.,0.,1.));
#886 = DEFINITIONAL_REPRESENTATION('',(#887),#891);
#887 = ELLIPSE('',#888,137.63896336715,7.995);
#888 = AXIS2_PLACEMENT_2D('',#889,#890);
#889 = CARTESIAN_POINT('',(-23.42391890926,75.83));
#890 = DIRECTION('',(-1.,0.));
#891 = ( GEOMETRIC_REPRESENTATION_CONTEXT(2) 
PARAMETRIC_REPRESENTATION_CONTEXT() REPRESENTATION_CONTEXT('2D SPACE',''
  ) );
#892 = ORIENTED_EDGE('',*,*,#893,.F.);
#893 = EDGE_CURVE('',#894,#862,#896,.T.);
#894 = VERTEX_POINT('',#895);
#895 = CARTESIAN_POINT('',(54.795,128.87842077739,14.04));
#896 = SURFACE_CURVE('',#897,(#902,#912),.PCURVE_S1.);
#897 = ELLIPSE('',#898,8.008522074701,7.995);
#898 = AXIS2_PLACEMENT_3D('',#899,#900,#901);
#899 = CARTESIAN_POINT('',(46.8,128.87842077739,14.04));
#900 = DIRECTION('',(0.,0.,1.));
#901 = DIRECTION('',(0.,1.,-0.));
#902 = PCURVE('',#751,#903);
#903 = DEFINITIONAL_REPRESENTATION('',(#904),#911);
#904 = B_SPLINE_CURVE_WITH_KNOTS('',5,(#905,#906,#907,#908,#909,#910),
  .UNSPECIFIED.,.F.,.F.,(6,6),(4.712388980385,5.158403324311),
  .PIECEWISE_BEZIER_KNOTS.);
#905 = CARTESIAN_POINT('',(-3.554935513496E-15,-57.09660456734));
#906 = CARTESIAN_POINT('',(-8.920286878518E-02,-57.05510837255));
#907 = CARTESIAN_POINT('',(-0.17840573757,-57.01361215592));
#908 = CARTESIAN_POINT('',(-0.267608606356,-56.97280395103));
#909 = CARTESIAN_POINT('',(-0.356811475141,-56.93337125527));
#910 = CARTESIAN_POINT('',(-0.446014343926,-56.89593448513));
#911 = ( GEOMETRIC_REPRESENTATION_CONTEXT(2) 
PARAMETRIC_REPRESENTATION_CONTEXT() REPRESENTATION_CONTEXT('2D SPACE',''
  ) );
#912 = PCURVE('',#913,#918);
#913 = PLANE('',#914);
#914 = AXIS2_PLACEMENT_3D('',#915,#916,#917);
#915 = CARTESIAN_POINT('',(-29.03,115.8330827029,14.04));
#916 = DIRECTION('',(0.,0.,1.));
#917 = DIRECTION('',(1.,0.,-0.));
#918 = DEFINITIONAL_REPRESENTATION('',(#919),#923);
#919 = ELLIPSE('',#920,8.008522074701,7.995);
#920 = AXIS2_PLACEMENT_2D('',#921,#922);
#921 = CARTESIAN_POINT('',(75.83,13.045338074489));
#922 = DIRECTION('',(0.,1.));
#923 = ( GEOMETRIC_REPRESENTATION_CONTEXT(2) 
PARAMETRIC_REPRESENTATION_CONTEXT() REPRESENTATION_CONTEXT('2D SPACE',''
  ) );
#924 = ORIENTED_EDGE('',*,*,#925,.T.);
#925 = EDGE_CURVE('',#894,#926,#928,.T.);
#926 = VERTEX_POINT('',#927);
#927 = CARTESIAN_POINT('',(54.795,128.70977197391,16.938493163603));
#928 = SURFACE_CURVE('',#929,(#933,#940),.PCURVE_S1.);
#929 = LINE('',#930,#931);
#930 = CARTESIAN_POINT('',(54.795,132.19497694977,-42.96019919504));
#931 = VECTOR('',#932,1.);
#932 = DIRECTION('',(0.,-5.808674959774E-02,0.998311539311));
#933 = PCURVE('',#751,#934);
#934 = DEFINITIONAL_REPRESENTATION('',(#935),#939);
#935 = LINE('',#936,#937);
#936 = CARTESIAN_POINT('',(-0.,0.));
#937 = VECTOR('',#938,1.);
#938 = DIRECTION('',(-0.,-1.));
#939 = ( GEOMETRIC_REPRESENTATION_CONTEXT(2) 
PARAMETRIC_REPRESENTATION_CONTEXT() REPRESENTATION_CONTEXT('2D SPACE',''
  ) );
#940 = PCURVE('',#941,#946);
#941 = PLANE('',#942);
#942 = AXIS2_PLACEMENT_3D('',#943,#944,#945);
#943 = CARTESIAN_POINT('',(54.795,122.21186156199,-43.54106669071));
#944 = DIRECTION('',(-1.,0.,0.));
#945 = DIRECTION('',(0.,0.998311539311,5.808674959774E-02));
#946 = DEFINITIONAL_REPRESENTATION('',(#947),#951);
#947 = LINE('',#948,#949);
#948 = CARTESIAN_POINT('',(9.999999994663,0.));
#949 = VECTOR('',#950,1.);
#950 = DIRECTION('',(0.,-1.));
#951 = ( GEOMETRIC_REPRESENTATION_CONTEXT(2) 
PARAMETRIC_REPRESENTATION_CONTEXT() REPRESENTATION_CONTEXT('2D SPACE',''
  ) );
#952 = ORIENTED_EDGE('',*,*,#953,.T.);
#953 = EDGE_CURVE('',#926,#773,#954,.T.);
#954 = SURFACE_CURVE('',#955,(#960,#967),.PCURVE_S1.);
#955 = CIRCLE('',#956,7.995);
#956 = AXIS2_PLACEMENT_3D('',#957,#958,#959);
#957 = CARTESIAN_POINT('',(46.8,128.70977197391,16.938493163603));
#958 = DIRECTION('',(0.,-5.808674959774E-02,0.998311539311));
#959 = DIRECTION('',(1.,0.,0.));
#960 = PCURVE('',#751,#961);
#961 = DEFINITIONAL_REPRESENTATION('',(#962),#966);
#962 = LINE('',#963,#964);
#963 = CARTESIAN_POINT('',(-0.,-60.));
#964 = VECTOR('',#965,1.);
#965 = DIRECTION('',(-1.,0.));
#966 = ( GEOMETRIC_REPRESENTATION_CONTEXT(2) 
PARAMETRIC_REPRESENTATION_CONTEXT() REPRESENTATION_CONTEXT('2D SPACE',''
  ) );
#967 = PCURVE('',#126,#968);
#968 = DEFINITIONAL_REPRESENTATION('',(#969),#973);
#969 = CIRCLE('',#970,7.995);
#970 = AXIS2_PLACEMENT_2D('',#971,#972);
#971 = CARTESIAN_POINT('',(64.74,4.999999995228));
#972 = DIRECTION('',(1.,0.));
#973 = ( GEOMETRIC_REPRESENTATION_CONTEXT(2) 
PARAMETRIC_REPRESENTATION_CONTEXT() REPRESENTATION_CONTEXT('2D SPACE',''
  ) );
#974 = ADVANCED_FACE('',(#975),#817,.F.);
#975 = FACE_BOUND('',#976,.F.);
#976 = EDGE_LOOP('',(#977,#978,#1001,#1029));
#977 = ORIENTED_EDGE('',*,*,#801,.F.);
#978 = ORIENTED_EDGE('',*,*,#979,.T.);
#979 = EDGE_CURVE('',#707,#980,#982,.T.);
#980 = VERTEX_POINT('',#981);
#981 = CARTESIAN_POINT('',(54.795,119.65515091866,0.4));
#982 = SURFACE_CURVE('',#983,(#987,#994),.PCURVE_S1.);
#983 = LINE('',#984,#985);
#984 = CARTESIAN_POINT('',(54.795,129.69533807448,0.4));
#985 = VECTOR('',#986,1.);
#986 = DIRECTION('',(-0.,-1.,0.));
#987 = PCURVE('',#817,#988);
#988 = DEFINITIONAL_REPRESENTATION('',(#989),#993);
#989 = LINE('',#990,#991);
#990 = CARTESIAN_POINT('',(10.023234694502,-43.43218310066));
#991 = VECTOR('',#992,1.);
#992 = DIRECTION('',(-0.998311539311,-5.808674959774E-02));
#993 = ( GEOMETRIC_REPRESENTATION_CONTEXT(2) 
PARAMETRIC_REPRESENTATION_CONTEXT() REPRESENTATION_CONTEXT('2D SPACE',''
  ) );
#994 = PCURVE('',#472,#995);
#995 = DEFINITIONAL_REPRESENTATION('',(#996),#1000);
#996 = LINE('',#997,#998);
#997 = CARTESIAN_POINT('',(0.,-0.282842712475));
#998 = VECTOR('',#999,1.);
#999 = DIRECTION('',(1.,0.));
#1000 = ( GEOMETRIC_REPRESENTATION_CONTEXT(2) 
PARAMETRIC_REPRESENTATION_CONTEXT() REPRESENTATION_CONTEXT('2D SPACE',''
  ) );
#1001 = ORIENTED_EDGE('',*,*,#1002,.T.);
#1002 = EDGE_CURVE('',#980,#1003,#1005,.T.);
#1003 = VERTEX_POINT('',#1004);
#1004 = CARTESIAN_POINT('',(54.795,119.45324899409,3.87));
#1005 = SURFACE_CURVE('',#1006,(#1010,#1017),.PCURVE_S1.);
#1006 = LINE('',#1007,#1008);
#1007 = CARTESIAN_POINT('',(54.795,122.21186156199,-43.54106669071));
#1008 = VECTOR('',#1009,1.);
#1009 = DIRECTION('',(0.,-5.808674959774E-02,0.998311539311));
#1010 = PCURVE('',#817,#1011);
#1011 = DEFINITIONAL_REPRESENTATION('',(#1012),#1016);
#1012 = LINE('',#1013,#1014);
#1013 = CARTESIAN_POINT('',(-8.881784197001E-16,0.));
#1014 = VECTOR('',#1015,1.);
#1015 = DIRECTION('',(0.,-1.));
#1016 = ( GEOMETRIC_REPRESENTATION_CONTEXT(2) 
PARAMETRIC_REPRESENTATION_CONTEXT() REPRESENTATION_CONTEXT('2D SPACE',''
  ) );
#1017 = PCURVE('',#1018,#1023);
#1018 = CYLINDRICAL_SURFACE('',#1019,7.995);
#1019 = AXIS2_PLACEMENT_3D('',#1020,#1021,#1022);
#1020 = CARTESIAN_POINT('',(46.8,122.21186156199,-43.54106669071));
#1021 = DIRECTION('',(0.,5.808674959774E-02,-0.998311539311));
#1022 = DIRECTION('',(1.,0.,0.));
#1023 = DEFINITIONAL_REPRESENTATION('',(#1024),#1028);
#1024 = LINE('',#1025,#1026);
#1025 = CARTESIAN_POINT('',(-6.28318530718,0.));
#1026 = VECTOR('',#1027,1.);
#1027 = DIRECTION('',(-0.,-1.));
#1028 = ( GEOMETRIC_REPRESENTATION_CONTEXT(2) 
PARAMETRIC_REPRESENTATION_CONTEXT() REPRESENTATION_CONTEXT('2D SPACE',''
  ) );
#1029 = ORIENTED_EDGE('',*,*,#1030,.T.);
#1030 = EDGE_CURVE('',#1003,#802,#1031,.T.);
#1031 = SURFACE_CURVE('',#1032,(#1036,#1042),.PCURVE_S1.);
#1032 = LINE('',#1033,#1034);
#1033 = CARTESIAN_POINT('',(54.795,119.02247213245,3.87));
#1034 = VECTOR('',#1035,1.);
#1035 = DIRECTION('',(0.,1.,-0.));
#1036 = PCURVE('',#817,#1037);
#1037 = DEFINITIONAL_REPRESENTATION('',(#1038),#1041);
#1038 = B_SPLINE_CURVE_WITH_KNOTS('',1,(#1039,#1040),.UNSPECIFIED.,.F.,
  .F.,(2,2),(0.430776861644,10.447690020402),.PIECEWISE_BEZIER_KNOTS.);
#1039 = CARTESIAN_POINT('',(-4.089534443527E-16,-47.49125380584));
#1040 = CARTESIAN_POINT('',(9.999999994663,-46.90940387945));
#1041 = ( GEOMETRIC_REPRESENTATION_CONTEXT(2) 
PARAMETRIC_REPRESENTATION_CONTEXT() REPRESENTATION_CONTEXT('2D SPACE',''
  ) );
#1042 = PCURVE('',#849,#1043);
#1043 = DEFINITIONAL_REPRESENTATION('',(#1044),#1047);
#1044 = B_SPLINE_CURVE_WITH_KNOTS('',1,(#1045,#1046),.UNSPECIFIED.,.F.,
  .F.,(2,2),(0.430776861644,10.447690020402),.PIECEWISE_BEZIER_KNOTS.);
#1045 = CARTESIAN_POINT('',(83.825,3.620166291191));
#1046 = CARTESIAN_POINT('',(83.825,13.637079449949));
#1047 = ( GEOMETRIC_REPRESENTATION_CONTEXT(2) 
PARAMETRIC_REPRESENTATION_CONTEXT() REPRESENTATION_CONTEXT('2D SPACE',''
  ) );
#1048 = ADVANCED_FACE('',(#1049),#1018,.T.);
#1049 = FACE_BOUND('',#1050,.F.);
#1050 = EDGE_LOOP('',(#1051,#1052,#1085,#1112,#1133));
#1051 = ORIENTED_EDGE('',*,*,#1002,.F.);
#1052 = ORIENTED_EDGE('',*,*,#1053,.T.);
#1053 = EDGE_CURVE('',#980,#1054,#1056,.T.);
#1054 = VERTEX_POINT('',#1055);
#1055 = CARTESIAN_POINT('',(54.54245579557,117.66005537776,0.36791521699
    ));
#1056 = SURFACE_CURVE('',#1057,(#1068,#1078),.PCURVE_S1.);
#1057 = B_SPLINE_CURVE_WITH_KNOTS('',5,(#1058,#1059,#1060,#1061,#1062,
    #1063,#1064,#1065,#1066,#1067),.UNSPECIFIED.,.F.,.F.,(6,4,6),(
    176.72606797507,178.7364119644,179.08194486889),.UNSPECIFIED.);
#1058 = CARTESIAN_POINT('',(54.795,119.65515091866,0.4));
#1059 = CARTESIAN_POINT('',(54.795,119.25306901682,0.4));
#1060 = CARTESIAN_POINT('',(54.769815039318,118.84519706449,
    0.400262893112));
#1061 = CARTESIAN_POINT('',(54.717957884454,118.43546734836,
    0.399323150445));
#1062 = CARTESIAN_POINT('',(54.639205731424,118.02798938441,
    0.394813181412));
#1063 = CARTESIAN_POINT('',(54.515700573765,117.55793100276,
    0.360536188075));
#1064 = CARTESIAN_POINT('',(54.497586258897,117.48898825014,
    0.355508833251));
#1065 = CARTESIAN_POINT('',(54.479471944029,117.42004549752,
    0.350481478428));
#1066 = CARTESIAN_POINT('',(54.46135762916,117.3511027449,0.345454123605
    ));
#1067 = CARTESIAN_POINT('',(54.443243314292,117.28215999228,
    0.340426768782));
#1068 = PCURVE('',#1018,#1069);
#1069 = DEFINITIONAL_REPRESENTATION('',(#1070),#1077);
#1070 = B_SPLINE_CURVE_WITH_KNOTS('',5,(#1071,#1072,#1073,#1074,#1075,
    #1076),.UNSPECIFIED.,.F.,.F.,(6,6),(176.72606797507,178.70316874505)
  ,.PIECEWISE_BEZIER_KNOTS.);
#1071 = CARTESIAN_POINT('',(-6.28318530718,-44.0153849379));
#1072 = CARTESIAN_POINT('',(-6.23380877583,-44.03835435795));
#1073 = CARTESIAN_POINT('',(-6.183735066404,-44.06190292748));
#1074 = CARTESIAN_POINT('',(-6.133168822378,-44.08442165286));
#1075 = CARTESIAN_POINT('',(-6.082292569873,-44.10344961585));
#1076 = CARTESIAN_POINT('',(-6.031171487708,-44.09924294389));
#1077 = ( GEOMETRIC_REPRESENTATION_CONTEXT(2) 
PARAMETRIC_REPRESENTATION_CONTEXT() REPRESENTATION_CONTEXT('2D SPACE',''
  ) );
#1078 = PCURVE('',#428,#1079);
#1079 = DEFINITIONAL_REPRESENTATION('',(#1080),#1084);
#1080 = LINE('',#1081,#1082);
#1081 = CARTESIAN_POINT('',(0.,0.));
#1082 = VECTOR('',#1083,1.);
#1083 = DIRECTION('',(0.,1.));
#1084 = ( GEOMETRIC_REPRESENTATION_CONTEXT(2) 
PARAMETRIC_REPRESENTATION_CONTEXT() REPRESENTATION_CONTEXT('2D SPACE',''
  ) );
#1085 = ORIENTED_EDGE('',*,*,#1086,.T.);
#1086 = EDGE_CURVE('',#1054,#1087,#1089,.T.);
#1087 = VERTEX_POINT('',#1088);
#1088 = CARTESIAN_POINT('',(54.534300226911,117.62676530016,
    0.399324615724));
#1089 = SURFACE_CURVE('',#1090,(#1095,#1105),.PCURVE_S1.);
#1090 = ELLIPSE('',#1091,11.650055993663,7.995);
#1091 = AXIS2_PLACEMENT_3D('',#1092,#1093,#1094);
#1092 = CARTESIAN_POINT('',(46.8,119.77301482605,-1.625675384276));
#1093 = DIRECTION('',(-3.12974477209E-18,-0.68626279602,-0.727353679305)
  );
#1094 = DIRECTION('',(2.952933984159E-18,0.727353679305,-0.68626279602)
  );
#1095 = PCURVE('',#1018,#1096);
#1096 = DEFINITIONAL_REPRESENTATION('',(#1097),#1104);
#1097 = B_SPLINE_CURVE_WITH_KNOTS('',5,(#1098,#1099,#1100,#1101,#1102,
    #1103),.UNSPECIFIED.,.F.,.F.,(6,6),(1.822810147146,1.826869054021),
  .PIECEWISE_BEZIER_KNOTS.);
#1098 = CARTESIAN_POINT('',(-6.031171486828,-44.09924294382));
#1099 = CARTESIAN_POINT('',(-6.030359705453,-44.10590445868));
#1100 = CARTESIAN_POINT('',(-6.029547924078,-44.11256423302));
#1101 = CARTESIAN_POINT('',(-6.028736142703,-44.1192222577));
#1102 = CARTESIAN_POINT('',(-6.027924361328,-44.12587852357));
#1103 = CARTESIAN_POINT('',(-6.027112579953,-44.13253302149));
#1104 = ( GEOMETRIC_REPRESENTATION_CONTEXT(2) 
PARAMETRIC_REPRESENTATION_CONTEXT() REPRESENTATION_CONTEXT('2D SPACE',''
  ) );
#1105 = PCURVE('',#189,#1106);
#1106 = DEFINITIONAL_REPRESENTATION('',(#1107),#1111);
#1107 = ELLIPSE('',#1108,11.650055993663,7.995);
#1108 = AXIS2_PLACEMENT_2D('',#1109,#1110);
#1109 = CARTESIAN_POINT('',(137.21430022691,-2.659823179581));
#1110 = DIRECTION('',(2.952933984159E-18,-1.));
#1111 = ( GEOMETRIC_REPRESENTATION_CONTEXT(2) 
PARAMETRIC_REPRESENTATION_CONTEXT() REPRESENTATION_CONTEXT('2D SPACE',''
  ) );
#1112 = ORIENTED_EDGE('',*,*,#1113,.F.);
#1113 = EDGE_CURVE('',#1114,#1087,#1116,.T.);
#1114 = VERTEX_POINT('',#1115);
#1115 = CARTESIAN_POINT('',(54.534300226911,117.42482407836,3.87));
#1116 = SURFACE_CURVE('',#1117,(#1121,#1127),.PCURVE_S1.);
#1117 = LINE('',#1118,#1119);
#1118 = CARTESIAN_POINT('',(54.534300226911,120.19028069489,
    -43.65869235865));
#1119 = VECTOR('',#1120,1.);
#1120 = DIRECTION('',(0.,5.808674959774E-02,-0.998311539311));
#1121 = PCURVE('',#1018,#1122);
#1122 = DEFINITIONAL_REPRESENTATION('',(#1123),#1126);
#1123 = B_SPLINE_CURVE_WITH_KNOTS('',1,(#1124,#1125),.UNSPECIFIED.,.F.,
  .F.,(2,2),(-60.0000006,5.999999999062E-07),.PIECEWISE_BEZIER_KNOTS.);
#1124 = CARTESIAN_POINT('',(-6.027112579953,-60.0000006));
#1125 = CARTESIAN_POINT('',(-6.027112579953,5.999999999062E-07));
#1126 = ( GEOMETRIC_REPRESENTATION_CONTEXT(2) 
PARAMETRIC_REPRESENTATION_CONTEXT() REPRESENTATION_CONTEXT('2D SPACE',''
  ) );
#1127 = PCURVE('',#158,#1128);
#1128 = DEFINITIONAL_REPRESENTATION('',(#1129),#1132);
#1129 = B_SPLINE_CURVE_WITH_KNOTS('',1,(#1130,#1131),.UNSPECIFIED.,.F.,
  .F.,(2,2),(-60.0000006,5.999999999062E-07),.PIECEWISE_BEZIER_KNOTS.);
#1130 = CARTESIAN_POINT('',(61.0000006,272.47430022691));
#1131 = CARTESIAN_POINT('',(0.9999994,272.47430022691));
#1132 = ( GEOMETRIC_REPRESENTATION_CONTEXT(2) 
PARAMETRIC_REPRESENTATION_CONTEXT() REPRESENTATION_CONTEXT('2D SPACE',''
  ) );
#1133 = ORIENTED_EDGE('',*,*,#1134,.T.);
#1134 = EDGE_CURVE('',#1114,#1003,#1135,.T.);
#1135 = SURFACE_CURVE('',#1136,(#1141,#1151),.PCURVE_S1.);
#1136 = ELLIPSE('',#1137,8.008522074701,7.995);
#1137 = AXIS2_PLACEMENT_3D('',#1138,#1139,#1140);
#1138 = CARTESIAN_POINT('',(46.8,119.45324899409,3.87));
#1139 = DIRECTION('',(0.,0.,1.));
#1140 = DIRECTION('',(0.,1.,-0.));
#1141 = PCURVE('',#1018,#1142);
#1142 = DEFINITIONAL_REPRESENTATION('',(#1143),#1150);
#1143 = B_SPLINE_CURVE_WITH_KNOTS('',5,(#1144,#1145,#1146,#1147,#1148,
    #1149),.UNSPECIFIED.,.F.,.F.,(6,6),(4.456316253158,4.712388980385),
  .PIECEWISE_BEZIER_KNOTS.);
#1144 = CARTESIAN_POINT('',(-6.027112579953,-47.609078416));
#1145 = CARTESIAN_POINT('',(-6.078327125398,-47.58603083591));
#1146 = CARTESIAN_POINT('',(-6.129541670844,-47.56259694931));
#1147 = CARTESIAN_POINT('',(-6.180756216289,-47.53890269433));
#1148 = CARTESIAN_POINT('',(-6.231970761734,-47.51507824986));
#1149 = CARTESIAN_POINT('',(-6.28318530718,-47.49125380584));
#1150 = ( GEOMETRIC_REPRESENTATION_CONTEXT(2) 
PARAMETRIC_REPRESENTATION_CONTEXT() REPRESENTATION_CONTEXT('2D SPACE',''
  ) );
#1151 = PCURVE('',#849,#1152);
#1152 = DEFINITIONAL_REPRESENTATION('',(#1153),#1157);
#1153 = ELLIPSE('',#1154,8.008522074701,7.995);
#1154 = AXIS2_PLACEMENT_2D('',#1155,#1156);
#1155 = CARTESIAN_POINT('',(75.83,3.620166291191));
#1156 = DIRECTION('',(0.,1.));
#1157 = ( GEOMETRIC_REPRESENTATION_CONTEXT(2) 
PARAMETRIC_REPRESENTATION_CONTEXT() REPRESENTATION_CONTEXT('2D SPACE',''
  ) );
#1158 = ADVANCED_FACE('',(#1159),#849,.T.);
#1159 = FACE_BOUND('',#1160,.T.);
#1160 = EDGE_LOOP('',(#1161,#1162,#1185,#1217,#1243,#1269,#1295,#1323,
    #1349,#1375,#1401,#1429,#1455,#1481,#1507,#1535,#1561,#1587,#1613,
    #1632,#1633));
#1161 = ORIENTED_EDGE('',*,*,#829,.T.);
#1162 = ORIENTED_EDGE('',*,*,#1163,.F.);
#1163 = EDGE_CURVE('',#1164,#830,#1166,.T.);
#1164 = VERTEX_POINT('',#1165);
#1165 = CARTESIAN_POINT('',(51.60611486063,130.8330827029,3.87));
#1166 = SURFACE_CURVE('',#1167,(#1171,#1178),.PCURVE_S1.);
#1167 = LINE('',#1168,#1169);
#1168 = CARTESIAN_POINT('',(-29.03,130.8330827029,3.87));
#1169 = VECTOR('',#1170,1.);
#1170 = DIRECTION('',(1.,0.,-0.));
#1171 = PCURVE('',#849,#1172);
#1172 = DEFINITIONAL_REPRESENTATION('',(#1173),#1177);
#1173 = LINE('',#1174,#1175);
#1174 = CARTESIAN_POINT('',(0.,15.));
#1175 = VECTOR('',#1176,1.);
#1176 = DIRECTION('',(1.,0.));
#1177 = ( GEOMETRIC_REPRESENTATION_CONTEXT(2) 
PARAMETRIC_REPRESENTATION_CONTEXT() REPRESENTATION_CONTEXT('2D SPACE',''
  ) );
#1178 = PCURVE('',#881,#1179);
#1179 = DEFINITIONAL_REPRESENTATION('',(#1180),#1184);
#1180 = LINE('',#1181,#1182);
#1181 = CARTESIAN_POINT('',(0.,0.));
#1182 = VECTOR('',#1183,1.);
#1183 = DIRECTION('',(0.,1.));
#1184 = ( GEOMETRIC_REPRESENTATION_CONTEXT(2) 
PARAMETRIC_REPRESENTATION_CONTEXT() REPRESENTATION_CONTEXT('2D SPACE',''
  ) );
#1185 = ORIENTED_EDGE('',*,*,#1186,.F.);
#1186 = EDGE_CURVE('',#1187,#1164,#1189,.T.);
#1187 = VERTEX_POINT('',#1188);
#1188 = CARTESIAN_POINT('',(51.795,129.47016214052,3.87));
#1189 = SURFACE_CURVE('',#1190,(#1195,#1202),.PCURVE_S1.);
#1190 = ELLIPSE('',#1191,5.00344812547,4.995);
#1191 = AXIS2_PLACEMENT_3D('',#1192,#1193,#1194);
#1192 = CARTESIAN_POINT('',(46.8,129.47016214052,3.87));
#1193 = DIRECTION('',(0.,0.,1.));
#1194 = DIRECTION('',(0.,1.,-0.));
#1195 = PCURVE('',#849,#1196);
#1196 = DEFINITIONAL_REPRESENTATION('',(#1197),#1201);
#1197 = ELLIPSE('',#1198,5.00344812547,4.995);
#1198 = AXIS2_PLACEMENT_2D('',#1199,#1200);
#1199 = CARTESIAN_POINT('',(75.83,13.637079437621));
#1200 = DIRECTION('',(0.,1.));
#1201 = ( GEOMETRIC_REPRESENTATION_CONTEXT(2) 
PARAMETRIC_REPRESENTATION_CONTEXT() REPRESENTATION_CONTEXT('2D SPACE',''
  ) );
#1202 = PCURVE('',#1203,#1208);
#1203 = CYLINDRICAL_SURFACE('',#1204,4.995);
#1204 = AXIS2_PLACEMENT_3D('',#1205,#1206,#1207);
#1205 = CARTESIAN_POINT('',(46.8,132.36923718628,-45.95513381369));
#1206 = DIRECTION('',(0.,5.808674959774E-02,-0.998311539311));
#1207 = DIRECTION('',(1.,0.,0.));
#1208 = DEFINITIONAL_REPRESENTATION('',(#1209),#1216);
#1209 = B_SPLINE_CURVE_WITH_KNOTS('',5,(#1210,#1211,#1212,#1213,#1214,
    #1215),.UNSPECIFIED.,.F.,.F.,(6,6),(4.712388980385,5.321562103367),
  .PIECEWISE_BEZIER_KNOTS.);
#1210 = CARTESIAN_POINT('',(0.,-49.90940388016));
#1211 = CARTESIAN_POINT('',(-0.121834624596,-49.8739945912));
#1212 = CARTESIAN_POINT('',(-0.243669249193,-49.8385851822));
#1213 = CARTESIAN_POINT('',(-0.365503873789,-49.80427140155));
#1214 = CARTESIAN_POINT('',(-0.487338498385,-49.77214604698));
#1215 = CARTESIAN_POINT('',(-0.609173122982,-49.74310613034));
#1216 = ( GEOMETRIC_REPRESENTATION_CONTEXT(2) 
PARAMETRIC_REPRESENTATION_CONTEXT() REPRESENTATION_CONTEXT('2D SPACE',''
  ) );
#1217 = ORIENTED_EDGE('',*,*,#1218,.F.);
#1218 = EDGE_CURVE('',#1219,#1187,#1221,.T.);
#1219 = VERTEX_POINT('',#1220);
#1220 = CARTESIAN_POINT('',(51.795,120.42989802759,3.87));
#1221 = SURFACE_CURVE('',#1222,(#1226,#1232),.PCURVE_S1.);
#1222 = LINE('',#1223,#1224);
#1223 = CARTESIAN_POINT('',(51.795,119.10960225684,3.87));
#1224 = VECTOR('',#1225,1.);
#1225 = DIRECTION('',(0.,1.,-0.));
#1226 = PCURVE('',#849,#1227);
#1227 = DEFINITIONAL_REPRESENTATION('',(#1228),#1231);
#1228 = B_SPLINE_CURVE_WITH_KNOTS('',1,(#1229,#1230),.UNSPECIFIED.,.F.,
  .F.,(2,2),(1.320295770748,10.360559883678),.PIECEWISE_BEZIER_KNOTS.);
#1229 = CARTESIAN_POINT('',(80.825,4.596815324691));
#1230 = CARTESIAN_POINT('',(80.825,13.637079437621));
#1231 = ( GEOMETRIC_REPRESENTATION_CONTEXT(2) 
PARAMETRIC_REPRESENTATION_CONTEXT() REPRESENTATION_CONTEXT('2D SPACE',''
  ) );
#1232 = PCURVE('',#1233,#1238);
#1233 = PLANE('',#1234);
#1234 = AXIS2_PLACEMENT_3D('',#1235,#1236,#1237);
#1235 = CARTESIAN_POINT('',(51.795,122.38612181079,-46.53600130864));
#1236 = DIRECTION('',(-1.,0.,0.));
#1237 = DIRECTION('',(0.,0.998311539311,5.808674959774E-02));
#1238 = DEFINITIONAL_REPRESENTATION('',(#1239),#1242);
#1239 = B_SPLINE_CURVE_WITH_KNOTS('',1,(#1240,#1241),.UNSPECIFIED.,.F.,
  .F.,(2,2),(1.320295770748,10.360559883678),.PIECEWISE_BEZIER_KNOTS.);
#1240 = CARTESIAN_POINT('',(0.975,-50.43452343799));
#1241 = CARTESIAN_POINT('',(9.999999982356,-49.90940388016));
#1242 = ( GEOMETRIC_REPRESENTATION_CONTEXT(2) 
PARAMETRIC_REPRESENTATION_CONTEXT() REPRESENTATION_CONTEXT('2D SPACE',''
  ) );
#1243 = ORIENTED_EDGE('',*,*,#1244,.F.);
#1244 = EDGE_CURVE('',#1245,#1219,#1247,.T.);
#1245 = VERTEX_POINT('',#1246);
#1246 = CARTESIAN_POINT('',(49.26,120.42989802759,3.87));
#1247 = SURFACE_CURVE('',#1248,(#1252,#1258),.PCURVE_S1.);
#1248 = LINE('',#1249,#1250);
#1249 = CARTESIAN_POINT('',(-148.485,120.42989802759,3.87));
#1250 = VECTOR('',#1251,1.);
#1251 = DIRECTION('',(1.,0.,0.));
#1252 = PCURVE('',#849,#1253);
#1253 = DEFINITIONAL_REPRESENTATION('',(#1254),#1257);
#1254 = B_SPLINE_CURVE_WITH_KNOTS('',1,(#1255,#1256),.UNSPECIFIED.,.F.,
  .F.,(2,2),(197.745,200.28),.PIECEWISE_BEZIER_KNOTS.);
#1255 = CARTESIAN_POINT('',(78.29,4.596815324691));
#1256 = CARTESIAN_POINT('',(80.825,4.596815324691));
#1257 = ( GEOMETRIC_REPRESENTATION_CONTEXT(2) 
PARAMETRIC_REPRESENTATION_CONTEXT() REPRESENTATION_CONTEXT('2D SPACE',''
  ) );
#1258 = PCURVE('',#1259,#1264);
#1259 = PLANE('',#1260);
#1260 = AXIS2_PLACEMENT_3D('',#1261,#1262,#1263);
#1261 = CARTESIAN_POINT('',(-267.94,123.30138881202,-45.48105518847));
#1262 = DIRECTION('',(0.,0.998311539311,5.808674959774E-02));
#1263 = DIRECTION('',(0.,-5.808674959774E-02,0.998311539311));
#1264 = DEFINITIONAL_REPRESENTATION('',(#1265),#1268);
#1265 = B_SPLINE_CURVE_WITH_KNOTS('',1,(#1266,#1267),.UNSPECIFIED.,.F.,
  .F.,(2,2),(197.745,200.28),.PIECEWISE_BEZIER_KNOTS.);
#1266 = CARTESIAN_POINT('',(49.434523437991,317.2));
#1267 = CARTESIAN_POINT('',(49.434523437991,319.735));
#1268 = ( GEOMETRIC_REPRESENTATION_CONTEXT(2) 
PARAMETRIC_REPRESENTATION_CONTEXT() REPRESENTATION_CONTEXT('2D SPACE',''
  ) );
#1269 = ORIENTED_EDGE('',*,*,#1270,.F.);
#1270 = EDGE_CURVE('',#1271,#1245,#1273,.T.);
#1271 = VERTEX_POINT('',#1272);
#1272 = CARTESIAN_POINT('',(49.26,130.8330827029,3.87));
#1273 = SURFACE_CURVE('',#1274,(#1278,#1284),.PCURVE_S1.);
#1274 = LINE('',#1275,#1276);
#1275 = CARTESIAN_POINT('',(49.26,115.06076512885,3.87));
#1276 = VECTOR('',#1277,1.);
#1277 = DIRECTION('',(0.,-1.,0.));
#1278 = PCURVE('',#849,#1279);
#1279 = DEFINITIONAL_REPRESENTATION('',(#1280),#1283);
#1280 = B_SPLINE_CURVE_WITH_KNOTS('',1,(#1281,#1282),.UNSPECIFIED.,.F.,
  .F.,(2,2),(-15.77231757404,-5.36913289874),.PIECEWISE_BEZIER_KNOTS.);
#1281 = CARTESIAN_POINT('',(78.29,15.));
#1282 = CARTESIAN_POINT('',(78.29,4.596815324691));
#1283 = ( GEOMETRIC_REPRESENTATION_CONTEXT(2) 
PARAMETRIC_REPRESENTATION_CONTEXT() REPRESENTATION_CONTEXT('2D SPACE',''
  ) );
#1284 = PCURVE('',#1285,#1290);
#1285 = PLANE('',#1286);
#1286 = AXIS2_PLACEMENT_3D('',#1287,#1288,#1289);
#1287 = CARTESIAN_POINT('',(49.26,114.2884475548,-45.00378179305));
#1288 = DIRECTION('',(1.,0.,0.));
#1289 = DIRECTION('',(0.,-5.808674959774E-02,0.998311539311));
#1290 = DEFINITIONAL_REPRESENTATION('',(#1291),#1294);
#1291 = B_SPLINE_CURVE_WITH_KNOTS('',1,(#1292,#1293),.UNSPECIFIED.,.F.,
  .F.,(2,2),(-15.77231757404,-5.36913289874),.PIECEWISE_BEZIER_KNOTS.);
#1292 = CARTESIAN_POINT('',(47.830236254738,-19.35561930694));
#1293 = CARTESIAN_POINT('',(48.434523437991,-8.97));
#1294 = ( GEOMETRIC_REPRESENTATION_CONTEXT(2) 
PARAMETRIC_REPRESENTATION_CONTEXT() REPRESENTATION_CONTEXT('2D SPACE',''
  ) );
#1295 = ORIENTED_EDGE('',*,*,#1296,.F.);
#1296 = EDGE_CURVE('',#1297,#1271,#1299,.T.);
#1297 = VERTEX_POINT('',#1298);
#1298 = CARTESIAN_POINT('',(46.86,130.8330827029,3.87));
#1299 = SURFACE_CURVE('',#1300,(#1304,#1311),.PCURVE_S1.);
#1300 = LINE('',#1301,#1302);
#1301 = CARTESIAN_POINT('',(-29.03,130.8330827029,3.87));
#1302 = VECTOR('',#1303,1.);
#1303 = DIRECTION('',(1.,0.,-0.));
#1304 = PCURVE('',#849,#1305);
#1305 = DEFINITIONAL_REPRESENTATION('',(#1306),#1310);
#1306 = LINE('',#1307,#1308);
#1307 = CARTESIAN_POINT('',(0.,15.));
#1308 = VECTOR('',#1309,1.);
#1309 = DIRECTION('',(1.,0.));
#1310 = ( GEOMETRIC_REPRESENTATION_CONTEXT(2) 
PARAMETRIC_REPRESENTATION_CONTEXT() REPRESENTATION_CONTEXT('2D SPACE',''
  ) );
#1311 = PCURVE('',#1312,#1317);
#1312 = PLANE('',#1313);
#1313 = AXIS2_PLACEMENT_3D('',#1314,#1315,#1316);
#1314 = CARTESIAN_POINT('',(-29.03,130.8330827029,3.87));
#1315 = DIRECTION('',(-0.,1.,0.));
#1316 = DIRECTION('',(0.,0.,1.));
#1317 = DEFINITIONAL_REPRESENTATION('',(#1318),#1322);
#1318 = LINE('',#1319,#1320);
#1319 = CARTESIAN_POINT('',(0.,0.));
#1320 = VECTOR('',#1321,1.);
#1321 = DIRECTION('',(0.,1.));
#1322 = ( GEOMETRIC_REPRESENTATION_CONTEXT(2) 
PARAMETRIC_REPRESENTATION_CONTEXT() REPRESENTATION_CONTEXT('2D SPACE',''
  ) );
#1323 = ORIENTED_EDGE('',*,*,#1324,.T.);
#1324 = EDGE_CURVE('',#1297,#1325,#1327,.T.);
#1325 = VERTEX_POINT('',#1326);
#1326 = CARTESIAN_POINT('',(46.86,120.42989802759,3.87));
#1327 = SURFACE_CURVE('',#1328,(#1332,#1338),.PCURVE_S1.);
#1328 = LINE('',#1329,#1330);
#1329 = CARTESIAN_POINT('',(46.86,115.06076512885,3.87));
#1330 = VECTOR('',#1331,1.);
#1331 = DIRECTION('',(0.,-1.,0.));
#1332 = PCURVE('',#849,#1333);
#1333 = DEFINITIONAL_REPRESENTATION('',(#1334),#1337);
#1334 = B_SPLINE_CURVE_WITH_KNOTS('',1,(#1335,#1336),.UNSPECIFIED.,.F.,
  .F.,(2,2),(-15.77231757404,-5.36913289874),.PIECEWISE_BEZIER_KNOTS.);
#1335 = CARTESIAN_POINT('',(75.89,15.));
#1336 = CARTESIAN_POINT('',(75.89,4.596815324691));
#1337 = ( GEOMETRIC_REPRESENTATION_CONTEXT(2) 
PARAMETRIC_REPRESENTATION_CONTEXT() REPRESENTATION_CONTEXT('2D SPACE',''
  ) );
#1338 = PCURVE('',#1339,#1344);
#1339 = PLANE('',#1340);
#1340 = AXIS2_PLACEMENT_3D('',#1341,#1342,#1343);
#1341 = CARTESIAN_POINT('',(46.86,114.2884475548,-45.00378179305));
#1342 = DIRECTION('',(1.,0.,0.));
#1343 = DIRECTION('',(0.,-5.808674959774E-02,0.998311539311));
#1344 = DEFINITIONAL_REPRESENTATION('',(#1345),#1348);
#1345 = B_SPLINE_CURVE_WITH_KNOTS('',1,(#1346,#1347),.UNSPECIFIED.,.F.,
  .F.,(2,2),(-15.77231757404,-5.36913289874),.PIECEWISE_BEZIER_KNOTS.);
#1346 = CARTESIAN_POINT('',(47.830236254738,-19.35561930694));
#1347 = CARTESIAN_POINT('',(48.434523437991,-8.97));
#1348 = ( GEOMETRIC_REPRESENTATION_CONTEXT(2) 
PARAMETRIC_REPRESENTATION_CONTEXT() REPRESENTATION_CONTEXT('2D SPACE',''
  ) );
#1349 = ORIENTED_EDGE('',*,*,#1350,.F.);
#1350 = EDGE_CURVE('',#1351,#1325,#1353,.T.);
#1351 = VERTEX_POINT('',#1352);
#1352 = CARTESIAN_POINT('',(27.26,120.42989802759,3.87));
#1353 = SURFACE_CURVE('',#1354,(#1358,#1364),.PCURVE_S1.);
#1354 = LINE('',#1355,#1356);
#1355 = CARTESIAN_POINT('',(-148.485,120.42989802759,3.87));
#1356 = VECTOR('',#1357,1.);
#1357 = DIRECTION('',(1.,0.,0.));
#1358 = PCURVE('',#849,#1359);
#1359 = DEFINITIONAL_REPRESENTATION('',(#1360),#1363);
#1360 = B_SPLINE_CURVE_WITH_KNOTS('',1,(#1361,#1362),.UNSPECIFIED.,.F.,
  .F.,(2,2),(175.745,195.345),.PIECEWISE_BEZIER_KNOTS.);
#1361 = CARTESIAN_POINT('',(56.29,4.596815324691));
#1362 = CARTESIAN_POINT('',(75.89,4.596815324691));
#1363 = ( GEOMETRIC_REPRESENTATION_CONTEXT(2) 
PARAMETRIC_REPRESENTATION_CONTEXT() REPRESENTATION_CONTEXT('2D SPACE',''
  ) );
#1364 = PCURVE('',#1365,#1370);
#1365 = PLANE('',#1366);
#1366 = AXIS2_PLACEMENT_3D('',#1367,#1368,#1369);
#1367 = CARTESIAN_POINT('',(-267.94,123.30138881202,-45.48105518847));
#1368 = DIRECTION('',(0.,0.998311539311,5.808674959774E-02));
#1369 = DIRECTION('',(0.,-5.808674959774E-02,0.998311539311));
#1370 = DEFINITIONAL_REPRESENTATION('',(#1371),#1374);
#1371 = B_SPLINE_CURVE_WITH_KNOTS('',1,(#1372,#1373),.UNSPECIFIED.,.F.,
  .F.,(2,2),(175.745,195.345),.PIECEWISE_BEZIER_KNOTS.);
#1372 = CARTESIAN_POINT('',(49.434523437991,295.2));
#1373 = CARTESIAN_POINT('',(49.434523437991,314.8));
#1374 = ( GEOMETRIC_REPRESENTATION_CONTEXT(2) 
PARAMETRIC_REPRESENTATION_CONTEXT() REPRESENTATION_CONTEXT('2D SPACE',''
  ) );
#1375 = ORIENTED_EDGE('',*,*,#1376,.F.);
#1376 = EDGE_CURVE('',#1377,#1351,#1379,.T.);
#1377 = VERTEX_POINT('',#1378);
#1378 = CARTESIAN_POINT('',(27.26,130.8330827029,3.87));
#1379 = SURFACE_CURVE('',#1380,(#1384,#1390),.PCURVE_S1.);
#1380 = LINE('',#1381,#1382);
#1381 = CARTESIAN_POINT('',(27.26,115.06076512885,3.87));
#1382 = VECTOR('',#1383,1.);
#1383 = DIRECTION('',(0.,-1.,0.));
#1384 = PCURVE('',#849,#1385);
#1385 = DEFINITIONAL_REPRESENTATION('',(#1386),#1389);
#1386 = B_SPLINE_CURVE_WITH_KNOTS('',1,(#1387,#1388),.UNSPECIFIED.,.F.,
  .F.,(2,2),(-15.77231757404,-5.36913289874),.PIECEWISE_BEZIER_KNOTS.);
#1387 = CARTESIAN_POINT('',(56.29,15.));
#1388 = CARTESIAN_POINT('',(56.29,4.596815324691));
#1389 = ( GEOMETRIC_REPRESENTATION_CONTEXT(2) 
PARAMETRIC_REPRESENTATION_CONTEXT() REPRESENTATION_CONTEXT('2D SPACE',''
  ) );
#1390 = PCURVE('',#1391,#1396);
#1391 = PLANE('',#1392);
#1392 = AXIS2_PLACEMENT_3D('',#1393,#1394,#1395);
#1393 = CARTESIAN_POINT('',(27.26,114.2884475548,-45.00378179305));
#1394 = DIRECTION('',(1.,0.,0.));
#1395 = DIRECTION('',(0.,-5.808674959774E-02,0.998311539311));
#1396 = DEFINITIONAL_REPRESENTATION('',(#1397),#1400);
#1397 = B_SPLINE_CURVE_WITH_KNOTS('',1,(#1398,#1399),.UNSPECIFIED.,.F.,
  .F.,(2,2),(-15.77231757404,-5.36913289874),.PIECEWISE_BEZIER_KNOTS.);
#1398 = CARTESIAN_POINT('',(47.830236254738,-19.35561930694));
#1399 = CARTESIAN_POINT('',(48.434523437991,-8.97));
#1400 = ( GEOMETRIC_REPRESENTATION_CONTEXT(2) 
PARAMETRIC_REPRESENTATION_CONTEXT() REPRESENTATION_CONTEXT('2D SPACE',''
  ) );
#1401 = ORIENTED_EDGE('',*,*,#1402,.F.);
#1402 = EDGE_CURVE('',#1403,#1377,#1405,.T.);
#1403 = VERTEX_POINT('',#1404);
#1404 = CARTESIAN_POINT('',(24.86,130.8330827029,3.87));
#1405 = SURFACE_CURVE('',#1406,(#1410,#1417),.PCURVE_S1.);
#1406 = LINE('',#1407,#1408);
#1407 = CARTESIAN_POINT('',(-29.03,130.8330827029,3.87));
#1408 = VECTOR('',#1409,1.);
#1409 = DIRECTION('',(1.,0.,-0.));
#1410 = PCURVE('',#849,#1411);
#1411 = DEFINITIONAL_REPRESENTATION('',(#1412),#1416);
#1412 = LINE('',#1413,#1414);
#1413 = CARTESIAN_POINT('',(0.,15.));
#1414 = VECTOR('',#1415,1.);
#1415 = DIRECTION('',(1.,0.));
#1416 = ( GEOMETRIC_REPRESENTATION_CONTEXT(2) 
PARAMETRIC_REPRESENTATION_CONTEXT() REPRESENTATION_CONTEXT('2D SPACE',''
  ) );
#1417 = PCURVE('',#1418,#1423);
#1418 = PLANE('',#1419);
#1419 = AXIS2_PLACEMENT_3D('',#1420,#1421,#1422);
#1420 = CARTESIAN_POINT('',(-29.03,130.8330827029,3.87));
#1421 = DIRECTION('',(-0.,1.,0.));
#1422 = DIRECTION('',(0.,0.,1.));
#1423 = DEFINITIONAL_REPRESENTATION('',(#1424),#1428);
#1424 = LINE('',#1425,#1426);
#1425 = CARTESIAN_POINT('',(0.,0.));
#1426 = VECTOR('',#1427,1.);
#1427 = DIRECTION('',(0.,1.));
#1428 = ( GEOMETRIC_REPRESENTATION_CONTEXT(2) 
PARAMETRIC_REPRESENTATION_CONTEXT() REPRESENTATION_CONTEXT('2D SPACE',''
  ) );
#1429 = ORIENTED_EDGE('',*,*,#1430,.T.);
#1430 = EDGE_CURVE('',#1403,#1431,#1433,.T.);
#1431 = VERTEX_POINT('',#1432);
#1432 = CARTESIAN_POINT('',(24.86,120.42989802759,3.87));
#1433 = SURFACE_CURVE('',#1434,(#1438,#1444),.PCURVE_S1.);
#1434 = LINE('',#1435,#1436);
#1435 = CARTESIAN_POINT('',(24.86,115.06076512885,3.87));
#1436 = VECTOR('',#1437,1.);
#1437 = DIRECTION('',(0.,-1.,0.));
#1438 = PCURVE('',#849,#1439);
#1439 = DEFINITIONAL_REPRESENTATION('',(#1440),#1443);
#1440 = B_SPLINE_CURVE_WITH_KNOTS('',1,(#1441,#1442),.UNSPECIFIED.,.F.,
  .F.,(2,2),(-15.77231757404,-5.36913289874),.PIECEWISE_BEZIER_KNOTS.);
#1441 = CARTESIAN_POINT('',(53.89,15.));
#1442 = CARTESIAN_POINT('',(53.89,4.596815324691));
#1443 = ( GEOMETRIC_REPRESENTATION_CONTEXT(2) 
PARAMETRIC_REPRESENTATION_CONTEXT() REPRESENTATION_CONTEXT('2D SPACE',''
  ) );
#1444 = PCURVE('',#1445,#1450);
#1445 = PLANE('',#1446);
#1446 = AXIS2_PLACEMENT_3D('',#1447,#1448,#1449);
#1447 = CARTESIAN_POINT('',(24.86,114.2884475548,-45.00378179305));
#1448 = DIRECTION('',(1.,0.,0.));
#1449 = DIRECTION('',(0.,-5.808674959774E-02,0.998311539311));
#1450 = DEFINITIONAL_REPRESENTATION('',(#1451),#1454);
#1451 = B_SPLINE_CURVE_WITH_KNOTS('',1,(#1452,#1453),.UNSPECIFIED.,.F.,
  .F.,(2,2),(-15.77231757404,-5.36913289874),.PIECEWISE_BEZIER_KNOTS.);
#1452 = CARTESIAN_POINT('',(47.830236254738,-19.35561930694));
#1453 = CARTESIAN_POINT('',(48.434523437991,-8.97));
#1454 = ( GEOMETRIC_REPRESENTATION_CONTEXT(2) 
PARAMETRIC_REPRESENTATION_CONTEXT() REPRESENTATION_CONTEXT('2D SPACE',''
  ) );
#1455 = ORIENTED_EDGE('',*,*,#1456,.F.);
#1456 = EDGE_CURVE('',#1457,#1431,#1459,.T.);
#1457 = VERTEX_POINT('',#1458);
#1458 = CARTESIAN_POINT('',(5.26,120.42989802759,3.87));
#1459 = SURFACE_CURVE('',#1460,(#1464,#1470),.PCURVE_S1.);
#1460 = LINE('',#1461,#1462);
#1461 = CARTESIAN_POINT('',(-148.485,120.42989802759,3.87));
#1462 = VECTOR('',#1463,1.);
#1463 = DIRECTION('',(1.,0.,0.));
#1464 = PCURVE('',#849,#1465);
#1465 = DEFINITIONAL_REPRESENTATION('',(#1466),#1469);
#1466 = B_SPLINE_CURVE_WITH_KNOTS('',1,(#1467,#1468),.UNSPECIFIED.,.F.,
  .F.,(2,2),(153.745,173.345),.PIECEWISE_BEZIER_KNOTS.);
#1467 = CARTESIAN_POINT('',(34.29,4.596815324691));
#1468 = CARTESIAN_POINT('',(53.89,4.596815324691));
#1469 = ( GEOMETRIC_REPRESENTATION_CONTEXT(2) 
PARAMETRIC_REPRESENTATION_CONTEXT() REPRESENTATION_CONTEXT('2D SPACE',''
  ) );
#1470 = PCURVE('',#1471,#1476);
#1471 = PLANE('',#1472);
#1472 = AXIS2_PLACEMENT_3D('',#1473,#1474,#1475);
#1473 = CARTESIAN_POINT('',(-267.94,123.30138881202,-45.48105518847));
#1474 = DIRECTION('',(0.,0.998311539311,5.808674959774E-02));
#1475 = DIRECTION('',(0.,-5.808674959774E-02,0.998311539311));
#1476 = DEFINITIONAL_REPRESENTATION('',(#1477),#1480);
#1477 = B_SPLINE_CURVE_WITH_KNOTS('',1,(#1478,#1479),.UNSPECIFIED.,.F.,
  .F.,(2,2),(153.745,173.345),.PIECEWISE_BEZIER_KNOTS.);
#1478 = CARTESIAN_POINT('',(49.434523437991,273.2));
#1479 = CARTESIAN_POINT('',(49.434523437991,292.8));
#1480 = ( GEOMETRIC_REPRESENTATION_CONTEXT(2) 
PARAMETRIC_REPRESENTATION_CONTEXT() REPRESENTATION_CONTEXT('2D SPACE',''
  ) );
#1481 = ORIENTED_EDGE('',*,*,#1482,.F.);
#1482 = EDGE_CURVE('',#1483,#1457,#1485,.T.);
#1483 = VERTEX_POINT('',#1484);
#1484 = CARTESIAN_POINT('',(5.26,130.8330827029,3.87));
#1485 = SURFACE_CURVE('',#1486,(#1490,#1496),.PCURVE_S1.);
#1486 = LINE('',#1487,#1488);
#1487 = CARTESIAN_POINT('',(5.26,115.06076512885,3.87));
#1488 = VECTOR('',#1489,1.);
#1489 = DIRECTION('',(0.,-1.,0.));
#1490 = PCURVE('',#849,#1491);
#1491 = DEFINITIONAL_REPRESENTATION('',(#1492),#1495);
#1492 = B_SPLINE_CURVE_WITH_KNOTS('',1,(#1493,#1494),.UNSPECIFIED.,.F.,
  .F.,(2,2),(-15.77231757404,-5.36913289874),.PIECEWISE_BEZIER_KNOTS.);
#1493 = CARTESIAN_POINT('',(34.29,15.));
#1494 = CARTESIAN_POINT('',(34.29,4.596815324691));
#1495 = ( GEOMETRIC_REPRESENTATION_CONTEXT(2) 
PARAMETRIC_REPRESENTATION_CONTEXT() REPRESENTATION_CONTEXT('2D SPACE',''
  ) );
#1496 = PCURVE('',#1497,#1502);
#1497 = PLANE('',#1498);
#1498 = AXIS2_PLACEMENT_3D('',#1499,#1500,#1501);
#1499 = CARTESIAN_POINT('',(5.26,114.2884475548,-45.00378179305));
#1500 = DIRECTION('',(1.,0.,0.));
#1501 = DIRECTION('',(0.,-5.808674959774E-02,0.998311539311));
#1502 = DEFINITIONAL_REPRESENTATION('',(#1503),#1506);
#1503 = B_SPLINE_CURVE_WITH_KNOTS('',1,(#1504,#1505),.UNSPECIFIED.,.F.,
  .F.,(2,2),(-15.77231757404,-5.36913289874),.PIECEWISE_BEZIER_KNOTS.);
#1504 = CARTESIAN_POINT('',(47.830236254738,-19.35561930694));
#1505 = CARTESIAN_POINT('',(48.434523437991,-8.97));
#1506 = ( GEOMETRIC_REPRESENTATION_CONTEXT(2) 
PARAMETRIC_REPRESENTATION_CONTEXT() REPRESENTATION_CONTEXT('2D SPACE',''
  ) );
#1507 = ORIENTED_EDGE('',*,*,#1508,.F.);
#1508 = EDGE_CURVE('',#1509,#1483,#1511,.T.);
#1509 = VERTEX_POINT('',#1510);
#1510 = CARTESIAN_POINT('',(2.86,130.8330827029,3.87));
#1511 = SURFACE_CURVE('',#1512,(#1516,#1523),.PCURVE_S1.);
#1512 = LINE('',#1513,#1514);
#1513 = CARTESIAN_POINT('',(-29.03,130.8330827029,3.87));
#1514 = VECTOR('',#1515,1.);
#1515 = DIRECTION('',(1.,0.,-0.));
#1516 = PCURVE('',#849,#1517);
#1517 = DEFINITIONAL_REPRESENTATION('',(#1518),#1522);
#1518 = LINE('',#1519,#1520);
#1519 = CARTESIAN_POINT('',(0.,15.));
#1520 = VECTOR('',#1521,1.);
#1521 = DIRECTION('',(1.,0.));
#1522 = ( GEOMETRIC_REPRESENTATION_CONTEXT(2) 
PARAMETRIC_REPRESENTATION_CONTEXT() REPRESENTATION_CONTEXT('2D SPACE',''
  ) );
#1523 = PCURVE('',#1524,#1529);
#1524 = PLANE('',#1525);
#1525 = AXIS2_PLACEMENT_3D('',#1526,#1527,#1528);
#1526 = CARTESIAN_POINT('',(-29.03,130.8330827029,3.87));
#1527 = DIRECTION('',(-0.,1.,0.));
#1528 = DIRECTION('',(0.,0.,1.));
#1529 = DEFINITIONAL_REPRESENTATION('',(#1530),#1534);
#1530 = LINE('',#1531,#1532);
#1531 = CARTESIAN_POINT('',(0.,0.));
#1532 = VECTOR('',#1533,1.);
#1533 = DIRECTION('',(0.,1.));
#1534 = ( GEOMETRIC_REPRESENTATION_CONTEXT(2) 
PARAMETRIC_REPRESENTATION_CONTEXT() REPRESENTATION_CONTEXT('2D SPACE',''
  ) );
#1535 = ORIENTED_EDGE('',*,*,#1536,.T.);
#1536 = EDGE_CURVE('',#1509,#1537,#1539,.T.);
#1537 = VERTEX_POINT('',#1538);
#1538 = CARTESIAN_POINT('',(2.86,120.42989802759,3.87));
#1539 = SURFACE_CURVE('',#1540,(#1544,#1550),.PCURVE_S1.);
#1540 = LINE('',#1541,#1542);
#1541 = CARTESIAN_POINT('',(2.86,115.06076512885,3.87));
#1542 = VECTOR('',#1543,1.);
#1543 = DIRECTION('',(0.,-1.,0.));
#1544 = PCURVE('',#849,#1545);
#1545 = DEFINITIONAL_REPRESENTATION('',(#1546),#1549);
#1546 = B_SPLINE_CURVE_WITH_KNOTS('',1,(#1547,#1548),.UNSPECIFIED.,.F.,
  .F.,(2,2),(-15.77231757404,-5.36913289874),.PIECEWISE_BEZIER_KNOTS.);
#1547 = CARTESIAN_POINT('',(31.89,15.));
#1548 = CARTESIAN_POINT('',(31.89,4.596815324691));
#1549 = ( GEOMETRIC_REPRESENTATION_CONTEXT(2) 
PARAMETRIC_REPRESENTATION_CONTEXT() REPRESENTATION_CONTEXT('2D SPACE',''
  ) );
#1550 = PCURVE('',#1551,#1556);
#1551 = PLANE('',#1552);
#1552 = AXIS2_PLACEMENT_3D('',#1553,#1554,#1555);
#1553 = CARTESIAN_POINT('',(2.86,114.2884475548,-45.00378179305));
#1554 = DIRECTION('',(1.,0.,0.));
#1555 = DIRECTION('',(0.,-5.808674959774E-02,0.998311539311));
#1556 = DEFINITIONAL_REPRESENTATION('',(#1557),#1560);
#1557 = B_SPLINE_CURVE_WITH_KNOTS('',1,(#1558,#1559),.UNSPECIFIED.,.F.,
  .F.,(2,2),(-15.77231757404,-5.36913289874),.PIECEWISE_BEZIER_KNOTS.);
#1558 = CARTESIAN_POINT('',(47.830236254738,-19.35561930694));
#1559 = CARTESIAN_POINT('',(48.434523437991,-8.97));
#1560 = ( GEOMETRIC_REPRESENTATION_CONTEXT(2) 
PARAMETRIC_REPRESENTATION_CONTEXT() REPRESENTATION_CONTEXT('2D SPACE',''
  ) );
#1561 = ORIENTED_EDGE('',*,*,#1562,.F.);
#1562 = EDGE_CURVE('',#1563,#1537,#1565,.T.);
#1563 = VERTEX_POINT('',#1564);
#1564 = CARTESIAN_POINT('',(0.97,120.42989802759,3.87));
#1565 = SURFACE_CURVE('',#1566,(#1570,#1576),.PCURVE_S1.);
#1566 = LINE('',#1567,#1568);
#1567 = CARTESIAN_POINT('',(-148.485,120.42989802759,3.87));
#1568 = VECTOR('',#1569,1.);
#1569 = DIRECTION('',(1.,0.,0.));
#1570 = PCURVE('',#849,#1571);
#1571 = DEFINITIONAL_REPRESENTATION('',(#1572),#1575);
#1572 = B_SPLINE_CURVE_WITH_KNOTS('',1,(#1573,#1574),.UNSPECIFIED.,.F.,
  .F.,(2,2),(131.745,151.345),.PIECEWISE_BEZIER_KNOTS.);
#1573 = CARTESIAN_POINT('',(12.29,4.596815324691));
#1574 = CARTESIAN_POINT('',(31.89,4.596815324691));
#1575 = ( GEOMETRIC_REPRESENTATION_CONTEXT(2) 
PARAMETRIC_REPRESENTATION_CONTEXT() REPRESENTATION_CONTEXT('2D SPACE',''
  ) );
#1576 = PCURVE('',#1577,#1582);
#1577 = PLANE('',#1578);
#1578 = AXIS2_PLACEMENT_3D('',#1579,#1580,#1581);
#1579 = CARTESIAN_POINT('',(-267.94,123.30138881202,-45.48105518847));
#1580 = DIRECTION('',(0.,0.998311539311,5.808674959774E-02));
#1581 = DIRECTION('',(0.,-5.808674959774E-02,0.998311539311));
#1582 = DEFINITIONAL_REPRESENTATION('',(#1583),#1586);
#1583 = B_SPLINE_CURVE_WITH_KNOTS('',1,(#1584,#1585),.UNSPECIFIED.,.F.,
  .F.,(2,2),(131.745,151.345),.PIECEWISE_BEZIER_KNOTS.);
#1584 = CARTESIAN_POINT('',(49.434523437991,251.2));
#1585 = CARTESIAN_POINT('',(49.434523437991,270.8));
#1586 = ( GEOMETRIC_REPRESENTATION_CONTEXT(2) 
PARAMETRIC_REPRESENTATION_CONTEXT() REPRESENTATION_CONTEXT('2D SPACE',''
  ) );
#1587 = ORIENTED_EDGE('',*,*,#1588,.T.);
#1588 = EDGE_CURVE('',#1563,#1589,#1591,.T.);
#1589 = VERTEX_POINT('',#1590);
#1590 = CARTESIAN_POINT('',(0.97,117.42482407836,3.87));
#1591 = SURFACE_CURVE('',#1592,(#1596,#1602),.PCURVE_S1.);
#1592 = LINE('',#1593,#1594);
#1593 = CARTESIAN_POINT('',(0.97,115.68504481947,3.87));
#1594 = VECTOR('',#1595,1.);
#1595 = DIRECTION('',(0.,-1.,0.));
#1596 = PCURVE('',#849,#1597);
#1597 = DEFINITIONAL_REPRESENTATION('',(#1598),#1601);
#1598 = B_SPLINE_CURVE_WITH_KNOTS('',1,(#1599,#1600),.UNSPECIFIED.,.F.,
  .F.,(2,2),(-15.14803788343,-1.739779258894),.PIECEWISE_BEZIER_KNOTS.);
#1599 = CARTESIAN_POINT('',(30.,15.));
#1600 = CARTESIAN_POINT('',(30.,1.59174137546));
#1601 = ( GEOMETRIC_REPRESENTATION_CONTEXT(2) 
PARAMETRIC_REPRESENTATION_CONTEXT() REPRESENTATION_CONTEXT('2D SPACE',''
  ) );
#1602 = PCURVE('',#1603,#1608);
#1603 = PLANE('',#1604);
#1604 = AXIS2_PLACEMENT_3D('',#1605,#1606,#1607);
#1605 = CARTESIAN_POINT('',(0.97,115.53700693603,1.883826500805));
#1606 = DIRECTION('',(1.,0.,0.));
#1607 = DIRECTION('',(0.,-5.808674959774E-02,0.998311539311));
#1608 = DEFINITIONAL_REPRESENTATION('',(#1609),#1612);
#1609 = B_SPLINE_CURVE_WITH_KNOTS('',1,(#1610,#1611),.UNSPECIFIED.,.F.,
  .F.,(2,2),(-15.14803788343,-1.739779258894),.PIECEWISE_BEZIER_KNOTS.);
#1610 = CARTESIAN_POINT('',(1.094320600422,-15.38561930694));
#1611 = CARTESIAN_POINT('',(1.873162761688,-2.));
#1612 = ( GEOMETRIC_REPRESENTATION_CONTEXT(2) 
PARAMETRIC_REPRESENTATION_CONTEXT() REPRESENTATION_CONTEXT('2D SPACE',''
  ) );
#1613 = ORIENTED_EDGE('',*,*,#1614,.T.);
#1614 = EDGE_CURVE('',#1589,#1114,#1615,.T.);
#1615 = SURFACE_CURVE('',#1616,(#1620,#1626),.PCURVE_S1.);
#1616 = LINE('',#1617,#1618);
#1617 = CARTESIAN_POINT('',(-123.485,117.42482407836,3.87));
#1618 = VECTOR('',#1619,1.);
#1619 = DIRECTION('',(1.,0.,0.));
#1620 = PCURVE('',#849,#1621);
#1621 = DEFINITIONAL_REPRESENTATION('',(#1622),#1625);
#1622 = B_SPLINE_CURVE_WITH_KNOTS('',1,(#1623,#1624),.UNSPECIFIED.,.F.,
  .F.,(2,2),(94.455,178.01930022691),.PIECEWISE_BEZIER_KNOTS.);
#1623 = CARTESIAN_POINT('',(0.,1.59174137546));
#1624 = CARTESIAN_POINT('',(83.564300226911,1.59174137546));
#1625 = ( GEOMETRIC_REPRESENTATION_CONTEXT(2) 
PARAMETRIC_REPRESENTATION_CONTEXT() REPRESENTATION_CONTEXT('2D SPACE',''
  ) );
#1626 = PCURVE('',#158,#1627);
#1627 = DEFINITIONAL_REPRESENTATION('',(#1628),#1631);
#1628 = B_SPLINE_CURVE_WITH_KNOTS('',1,(#1629,#1630),.UNSPECIFIED.,.F.,
  .F.,(2,2),(94.455,178.01930022691),.PIECEWISE_BEZIER_KNOTS.);
#1629 = CARTESIAN_POINT('',(48.609078416003,188.91));
#1630 = CARTESIAN_POINT('',(48.609078416003,272.47430022691));
#1631 = ( GEOMETRIC_REPRESENTATION_CONTEXT(2) 
PARAMETRIC_REPRESENTATION_CONTEXT() REPRESENTATION_CONTEXT('2D SPACE',''
  ) );
#1632 = ORIENTED_EDGE('',*,*,#1134,.T.);
#1633 = ORIENTED_EDGE('',*,*,#1030,.T.);
#1634 = ADVANCED_FACE('',(#1635),#1203,.F.);
#1635 = FACE_BOUND('',#1636,.T.);
#1636 = EDGE_LOOP('',(#1637,#1668,#1689,#1722,#1743,#1744,#1771));
#1637 = ORIENTED_EDGE('',*,*,#1638,.T.);
#1638 = EDGE_CURVE('',#1639,#1641,#1643,.T.);
#1639 = VERTEX_POINT('',#1640);
#1640 = CARTESIAN_POINT('',(51.510990076269,130.54152928343,14.04));
#1641 = VERTEX_POINT('',#1642);
#1642 = CARTESIAN_POINT('',(49.26,133.22392395816,14.196075114489));
#1643 = SURFACE_CURVE('',#1644,(#1649,#1656),.PCURVE_S1.);
#1644 = CIRCLE('',#1645,4.995);
#1645 = AXIS2_PLACEMENT_3D('',#1646,#1647,#1648);
#1646 = CARTESIAN_POINT('',(46.8,128.88403221042,13.943558544955));
#1647 = DIRECTION('',(0.,-5.808674959774E-02,0.998311539311));
#1648 = DIRECTION('',(1.,0.,0.));
#1649 = PCURVE('',#1203,#1650);
#1650 = DEFINITIONAL_REPRESENTATION('',(#1651),#1655);
#1651 = LINE('',#1652,#1653);
#1652 = CARTESIAN_POINT('',(-0.,-60.));
#1653 = VECTOR('',#1654,1.);
#1654 = DIRECTION('',(-1.,0.));
#1655 = ( GEOMETRIC_REPRESENTATION_CONTEXT(2) 
PARAMETRIC_REPRESENTATION_CONTEXT() REPRESENTATION_CONTEXT('2D SPACE',''
  ) );
#1656 = PCURVE('',#1657,#1662);
#1657 = PLANE('',#1658);
#1658 = AXIS2_PLACEMENT_3D('',#1659,#1660,#1661);
#1659 = CARTESIAN_POINT('',(-17.94,123.89247453003,13.653124797907));
#1660 = DIRECTION('',(0.,-5.808674959774E-02,0.998311539311));
#1661 = DIRECTION('',(1.,0.,0.));
#1662 = DEFINITIONAL_REPRESENTATION('',(#1663),#1667);
#1663 = CIRCLE('',#1664,4.995);
#1664 = AXIS2_PLACEMENT_2D('',#1665,#1666);
#1665 = CARTESIAN_POINT('',(64.74,4.999999983808));
#1666 = DIRECTION('',(1.,0.));
#1667 = ( GEOMETRIC_REPRESENTATION_CONTEXT(2) 
PARAMETRIC_REPRESENTATION_CONTEXT() REPRESENTATION_CONTEXT('2D SPACE',''
  ) );
#1668 = ORIENTED_EDGE('',*,*,#1669,.T.);
#1669 = EDGE_CURVE('',#1641,#1670,#1672,.T.);
#1670 = VERTEX_POINT('',#1671);
#1671 = CARTESIAN_POINT('',(49.26,133.9335524993,2.));
#1672 = SURFACE_CURVE('',#1673,(#1677,#1683),.PCURVE_S1.);
#1673 = LINE('',#1674,#1675);
#1674 = CARTESIAN_POINT('',(49.26,136.70912893402,-45.70261724416));
#1675 = VECTOR('',#1676,1.);
#1676 = DIRECTION('',(0.,5.808674959774E-02,-0.998311539311));
#1677 = PCURVE('',#1203,#1678);
#1678 = DEFINITIONAL_REPRESENTATION('',(#1679),#1682);
#1679 = B_SPLINE_CURVE_WITH_KNOTS('',1,(#1680,#1681),.UNSPECIFIED.,.F.,
  .F.,(2,2),(-60.0000006,-0.9999994),.PIECEWISE_BEZIER_KNOTS.);
#1680 = CARTESIAN_POINT('',(-1.055844995432,-60.0000006));
#1681 = CARTESIAN_POINT('',(-1.055844995432,-0.9999994));
#1682 = ( GEOMETRIC_REPRESENTATION_CONTEXT(2) 
PARAMETRIC_REPRESENTATION_CONTEXT() REPRESENTATION_CONTEXT('2D SPACE',''
  ) );
#1683 = PCURVE('',#1285,#1684);
#1684 = DEFINITIONAL_REPRESENTATION('',(#1685),#1688);
#1685 = B_SPLINE_CURVE_WITH_KNOTS('',1,(#1686,#1687),.UNSPECIFIED.,.F.,
  .F.,(2,2),(-60.0000006,-0.9999994),.PIECEWISE_BEZIER_KNOTS.);
#1686 = CARTESIAN_POINT('',(58.0000006,-22.34223186022));
#1687 = CARTESIAN_POINT('',(-1.0000006,-22.34223186022));
#1688 = ( GEOMETRIC_REPRESENTATION_CONTEXT(2) 
PARAMETRIC_REPRESENTATION_CONTEXT() REPRESENTATION_CONTEXT('2D SPACE',''
  ) );
#1689 = ORIENTED_EDGE('',*,*,#1690,.F.);
#1690 = EDGE_CURVE('',#1691,#1670,#1693,.T.);
#1691 = VERTEX_POINT('',#1692);
#1692 = CARTESIAN_POINT('',(51.795,129.57896807682,2.));
#1693 = SURFACE_CURVE('',#1694,(#1699,#1710),.PCURVE_S1.);
#1694 = ELLIPSE('',#1695,5.00344812547,4.995);
#1695 = AXIS2_PLACEMENT_3D('',#1696,#1697,#1698);
#1696 = CARTESIAN_POINT('',(46.8,129.57896807682,2.));
#1697 = DIRECTION('',(0.,0.,1.));
#1698 = DIRECTION('',(0.,1.,-0.));
#1699 = PCURVE('',#1203,#1700);
#1700 = DEFINITIONAL_REPRESENTATION('',(#1701),#1709);
#1701 = B_SPLINE_CURVE_WITH_KNOTS('',6,(#1702,#1703,#1704,#1705,#1706,
    #1707,#1708),.UNSPECIFIED.,.F.,.F.,(7,7),(4.712388980385,
    5.768233975816),.PIECEWISE_BEZIER_KNOTS.);
#1702 = CARTESIAN_POINT('',(0.,-48.03624111847));
#1703 = CARTESIAN_POINT('',(-0.175974165905,-47.98509703598));
#1704 = CARTESIAN_POINT('',(-0.351948331811,-47.93395338227));
#1705 = CARTESIAN_POINT('',(-0.527922497716,-47.88565778565));
#1706 = CARTESIAN_POINT('',(-0.703896663621,-47.84307267065));
#1707 = CARTESIAN_POINT('',(-0.879870829526,-47.80848554018));
#1708 = CARTESIAN_POINT('',(-1.055844995432,-47.78329746352));
#1709 = ( GEOMETRIC_REPRESENTATION_CONTEXT(2) 
PARAMETRIC_REPRESENTATION_CONTEXT() REPRESENTATION_CONTEXT('2D SPACE',''
  ) );
#1710 = PCURVE('',#1711,#1716);
#1711 = PLANE('',#1712);
#1712 = AXIS2_PLACEMENT_3D('',#1713,#1714,#1715);
#1713 = CARTESIAN_POINT('',(-300.,-300.,2.));
#1714 = DIRECTION('',(0.,0.,1.));
#1715 = DIRECTION('',(1.,0.,-0.));
#1716 = DEFINITIONAL_REPRESENTATION('',(#1717),#1721);
#1717 = ELLIPSE('',#1718,5.00344812547,4.995);
#1718 = AXIS2_PLACEMENT_2D('',#1719,#1720);
#1719 = CARTESIAN_POINT('',(346.8,429.57896807682));
#1720 = DIRECTION('',(0.,1.));
#1721 = ( GEOMETRIC_REPRESENTATION_CONTEXT(2) 
PARAMETRIC_REPRESENTATION_CONTEXT() REPRESENTATION_CONTEXT('2D SPACE',''
  ) );
#1722 = ORIENTED_EDGE('',*,*,#1723,.T.);
#1723 = EDGE_CURVE('',#1691,#1187,#1724,.T.);
#1724 = SURFACE_CURVE('',#1725,(#1729,#1736),.PCURVE_S1.);
#1725 = LINE('',#1726,#1727);
#1726 = CARTESIAN_POINT('',(51.795,132.36923718628,-45.95513381369));
#1727 = VECTOR('',#1728,1.);
#1728 = DIRECTION('',(0.,-5.808674959774E-02,0.998311539311));
#1729 = PCURVE('',#1203,#1730);
#1730 = DEFINITIONAL_REPRESENTATION('',(#1731),#1735);
#1731 = LINE('',#1732,#1733);
#1732 = CARTESIAN_POINT('',(-0.,0.));
#1733 = VECTOR('',#1734,1.);
#1734 = DIRECTION('',(-0.,-1.));
#1735 = ( GEOMETRIC_REPRESENTATION_CONTEXT(2) 
PARAMETRIC_REPRESENTATION_CONTEXT() REPRESENTATION_CONTEXT('2D SPACE',''
  ) );
#1736 = PCURVE('',#1233,#1737);
#1737 = DEFINITIONAL_REPRESENTATION('',(#1738),#1742);
#1738 = LINE('',#1739,#1740);
#1739 = CARTESIAN_POINT('',(9.999999982356,0.));
#1740 = VECTOR('',#1741,1.);
#1741 = DIRECTION('',(0.,-1.));
#1742 = ( GEOMETRIC_REPRESENTATION_CONTEXT(2) 
PARAMETRIC_REPRESENTATION_CONTEXT() REPRESENTATION_CONTEXT('2D SPACE',''
  ) );
#1743 = ORIENTED_EDGE('',*,*,#1186,.T.);
#1744 = ORIENTED_EDGE('',*,*,#1745,.F.);
#1745 = EDGE_CURVE('',#1746,#1164,#1748,.T.);
#1746 = VERTEX_POINT('',#1747);
#1747 = CARTESIAN_POINT('',(51.398066227334,130.8330827029,14.04));
#1748 = SURFACE_CURVE('',#1749,(#1754,#1764),.PCURVE_S1.);
#1749 = ELLIPSE('',#1750,85.992072797865,4.995);
#1750 = AXIS2_PLACEMENT_3D('',#1751,#1752,#1753);
#1751 = CARTESIAN_POINT('',(46.8,130.8330827029,-19.55391912113));
#1752 = DIRECTION('',(0.,1.,0.));
#1753 = DIRECTION('',(0.,0.,-1.));
#1754 = PCURVE('',#1203,#1755);
#1755 = DEFINITIONAL_REPRESENTATION('',(#1756),#1763);
#1756 = B_SPLINE_CURVE_WITH_KNOTS('',5,(#1757,#1758,#1759,#1760,#1761,
    #1762),.UNSPECIFIED.,.F.,.F.,(6,6),(4.310822967115,4.448776854288),
  .PIECEWISE_BEZIER_KNOTS.);
#1757 = CARTESIAN_POINT('',(-0.401566013269,-60.0000006));
#1758 = CARTESIAN_POINT('',(-0.373975235835,-57.81983911536));
#1759 = CARTESIAN_POINT('',(-0.3463844584,-55.60774874003));
#1760 = CARTESIAN_POINT('',(-0.318793680965,-53.36718703853));
#1761 = CARTESIAN_POINT('',(-0.291202903531,-51.10171303166));
#1762 = CARTESIAN_POINT('',(-0.263612126096,-48.81495341925));
#1763 = ( GEOMETRIC_REPRESENTATION_CONTEXT(2) 
PARAMETRIC_REPRESENTATION_CONTEXT() REPRESENTATION_CONTEXT('2D SPACE',''
  ) );
#1764 = PCURVE('',#881,#1765);
#1765 = DEFINITIONAL_REPRESENTATION('',(#1766),#1770);
#1766 = ELLIPSE('',#1767,85.992072797865,4.995);
#1767 = AXIS2_PLACEMENT_2D('',#1768,#1769);
#1768 = CARTESIAN_POINT('',(-23.42391912113,75.83));
#1769 = DIRECTION('',(-1.,0.));
#1770 = ( GEOMETRIC_REPRESENTATION_CONTEXT(2) 
PARAMETRIC_REPRESENTATION_CONTEXT() REPRESENTATION_CONTEXT('2D SPACE',''
  ) );
#1771 = ORIENTED_EDGE('',*,*,#1772,.F.);
#1772 = EDGE_CURVE('',#1639,#1746,#1773,.T.);
#1773 = SURFACE_CURVE('',#1774,(#1779,#1789),.PCURVE_S1.);
#1774 = ELLIPSE('',#1775,5.00344812547,4.995);
#1775 = AXIS2_PLACEMENT_3D('',#1776,#1777,#1778);
#1776 = CARTESIAN_POINT('',(46.8,128.87842076506,14.04));
#1777 = DIRECTION('',(0.,0.,1.));
#1778 = DIRECTION('',(0.,1.,-0.));
#1779 = PCURVE('',#1203,#1780);
#1780 = DEFINITIONAL_REPRESENTATION('',(#1781),#1788);
#1781 = B_SPLINE_CURVE_WITH_KNOTS('',5,(#1782,#1783,#1784,#1785,#1786,
    #1787),.UNSPECIFIED.,.F.,.F.,(6,6),(5.051225948415,5.474508542804),
  .PIECEWISE_BEZIER_KNOTS.);
#1782 = CARTESIAN_POINT('',(-0.33883696803,-60.0000006));
#1783 = CARTESIAN_POINT('',(-0.423493486908,-59.97679547487));
#1784 = CARTESIAN_POINT('',(-0.508150005786,-59.954455742));
#1785 = CARTESIAN_POINT('',(-0.592806524664,-59.93332803367));
#1786 = CARTESIAN_POINT('',(-0.677463043541,-59.91373243096));
#1787 = CARTESIAN_POINT('',(-0.762119562419,-59.89593448513));
#1788 = ( GEOMETRIC_REPRESENTATION_CONTEXT(2) 
PARAMETRIC_REPRESENTATION_CONTEXT() REPRESENTATION_CONTEXT('2D SPACE',''
  ) );
#1789 = PCURVE('',#913,#1790);
#1790 = DEFINITIONAL_REPRESENTATION('',(#1791),#1795);
#1791 = ELLIPSE('',#1792,5.00344812547,4.995);
#1792 = AXIS2_PLACEMENT_2D('',#1793,#1794);
#1793 = CARTESIAN_POINT('',(75.83,13.045338062162));
#1794 = DIRECTION('',(0.,1.));
#1795 = ( GEOMETRIC_REPRESENTATION_CONTEXT(2) 
PARAMETRIC_REPRESENTATION_CONTEXT() REPRESENTATION_CONTEXT('2D SPACE',''
  ) );
#1796 = ADVANCED_FACE('',(#1797),#1711,.T.);
#1797 = FACE_BOUND('',#1798,.T.);
#1798 = EDGE_LOOP('',(#1799,#1820,#1841,#1860));
#1799 = ORIENTED_EDGE('',*,*,#1800,.T.);
#1800 = EDGE_CURVE('',#1670,#1801,#1803,.T.);
#1801 = VERTEX_POINT('',#1802);
#1802 = CARTESIAN_POINT('',(49.26,120.53870396389,2.));
#1803 = SURFACE_CURVE('',#1804,(#1808,#1814),.PCURVE_S1.);
#1804 = LINE('',#1805,#1806);
#1805 = CARTESIAN_POINT('',(49.26,-92.85577622259,2.));
#1806 = VECTOR('',#1807,1.);
#1807 = DIRECTION('',(0.,-1.,0.));
#1808 = PCURVE('',#1711,#1809);
#1809 = DEFINITIONAL_REPRESENTATION('',(#1810),#1813);
#1810 = B_SPLINE_CURVE_WITH_KNOTS('',1,(#1811,#1812),.UNSPECIFIED.,.F.,
  .F.,(2,2),(-226.7893287219,-213.3944801864),.PIECEWISE_BEZIER_KNOTS.);
#1811 = CARTESIAN_POINT('',(349.26,433.9335524993));
#1812 = CARTESIAN_POINT('',(349.26,420.53870396389));
#1813 = ( GEOMETRIC_REPRESENTATION_CONTEXT(2) 
PARAMETRIC_REPRESENTATION_CONTEXT() REPRESENTATION_CONTEXT('2D SPACE',''
  ) );
#1814 = PCURVE('',#1285,#1815);
#1815 = DEFINITIONAL_REPRESENTATION('',(#1816),#1819);
#1816 = B_SPLINE_CURVE_WITH_KNOTS('',1,(#1817,#1818),.UNSPECIFIED.,.F.,
  .F.,(2,2),(-226.7893287219,-213.3944801864),.PIECEWISE_BEZIER_KNOTS.);
#1817 = CARTESIAN_POINT('',(45.783297463527,-22.34223186022));
#1818 = CARTESIAN_POINT('',(46.561360676304,-8.97));
#1819 = ( GEOMETRIC_REPRESENTATION_CONTEXT(2) 
PARAMETRIC_REPRESENTATION_CONTEXT() REPRESENTATION_CONTEXT('2D SPACE',''
  ) );
#1820 = ORIENTED_EDGE('',*,*,#1821,.T.);
#1821 = EDGE_CURVE('',#1801,#1822,#1824,.T.);
#1822 = VERTEX_POINT('',#1823);
#1823 = CARTESIAN_POINT('',(51.795,120.53870396389,2.));
#1824 = SURFACE_CURVE('',#1825,(#1829,#1835),.PCURVE_S1.);
#1825 = LINE('',#1826,#1827);
#1826 = CARTESIAN_POINT('',(-283.97,120.53870396389,2.));
#1827 = VECTOR('',#1828,1.);
#1828 = DIRECTION('',(1.,0.,0.));
#1829 = PCURVE('',#1711,#1830);
#1830 = DEFINITIONAL_REPRESENTATION('',(#1831),#1834);
#1831 = B_SPLINE_CURVE_WITH_KNOTS('',1,(#1832,#1833),.UNSPECIFIED.,.F.,
  .F.,(2,2),(333.23,335.765),.PIECEWISE_BEZIER_KNOTS.);
#1832 = CARTESIAN_POINT('',(349.26,420.53870396389));
#1833 = CARTESIAN_POINT('',(351.795,420.53870396389));
#1834 = ( GEOMETRIC_REPRESENTATION_CONTEXT(2) 
PARAMETRIC_REPRESENTATION_CONTEXT() REPRESENTATION_CONTEXT('2D SPACE',''
  ) );
#1835 = PCURVE('',#1259,#1836);
#1836 = DEFINITIONAL_REPRESENTATION('',(#1837),#1840);
#1837 = B_SPLINE_CURVE_WITH_KNOTS('',1,(#1838,#1839),.UNSPECIFIED.,.F.,
  .F.,(2,2),(333.23,335.765),.PIECEWISE_BEZIER_KNOTS.);
#1838 = CARTESIAN_POINT('',(47.561360676304,317.2));
#1839 = CARTESIAN_POINT('',(47.561360676304,319.735));
#1840 = ( GEOMETRIC_REPRESENTATION_CONTEXT(2) 
PARAMETRIC_REPRESENTATION_CONTEXT() REPRESENTATION_CONTEXT('2D SPACE',''
  ) );
#1841 = ORIENTED_EDGE('',*,*,#1842,.T.);
#1842 = EDGE_CURVE('',#1822,#1691,#1843,.T.);
#1843 = SURFACE_CURVE('',#1844,(#1848,#1854),.PCURVE_S1.);
#1844 = LINE('',#1845,#1846);
#1845 = CARTESIAN_POINT('',(51.795,-88.8069390946,2.));
#1846 = VECTOR('',#1847,1.);
#1847 = DIRECTION('',(0.,1.,-0.));
#1848 = PCURVE('',#1711,#1849);
#1849 = DEFINITIONAL_REPRESENTATION('',(#1850),#1853);
#1850 = B_SPLINE_CURVE_WITH_KNOTS('',1,(#1851,#1852),.UNSPECIFIED.,.F.,
  .F.,(2,2),(209.34564305849,218.38590717142),.PIECEWISE_BEZIER_KNOTS.);
#1851 = CARTESIAN_POINT('',(351.795,420.53870396389));
#1852 = CARTESIAN_POINT('',(351.795,429.57896807682));
#1853 = ( GEOMETRIC_REPRESENTATION_CONTEXT(2) 
PARAMETRIC_REPRESENTATION_CONTEXT() REPRESENTATION_CONTEXT('2D SPACE',''
  ) );
#1854 = PCURVE('',#1233,#1855);
#1855 = DEFINITIONAL_REPRESENTATION('',(#1856),#1859);
#1856 = B_SPLINE_CURVE_WITH_KNOTS('',1,(#1857,#1858),.UNSPECIFIED.,.F.,
  .F.,(2,2),(209.34564305849,218.38590717142),.PIECEWISE_BEZIER_KNOTS.);
#1857 = CARTESIAN_POINT('',(0.975,-48.5613606763));
#1858 = CARTESIAN_POINT('',(9.999999982356,-48.03624111847));
#1859 = ( GEOMETRIC_REPRESENTATION_CONTEXT(2) 
PARAMETRIC_REPRESENTATION_CONTEXT() REPRESENTATION_CONTEXT('2D SPACE',''
  ) );
#1860 = ORIENTED_EDGE('',*,*,#1690,.T.);
#1861 = ADVANCED_FACE('',(#1862),#1657,.F.);
#1862 = FACE_BOUND('',#1863,.F.);
#1863 = EDGE_LOOP('',(#1864,#1885,#1904));
#1864 = ORIENTED_EDGE('',*,*,#1865,.F.);
#1865 = EDGE_CURVE('',#1866,#1641,#1868,.T.);
#1866 = VERTEX_POINT('',#1867);
#1867 = CARTESIAN_POINT('',(49.26,130.54152928343,14.04));
#1868 = SURFACE_CURVE('',#1869,(#1873,#1879),.PCURVE_S1.);
#1869 = LINE('',#1870,#1871);
#1870 = CARTESIAN_POINT('',(49.26,117.40594530408,13.275706142438));
#1871 = VECTOR('',#1872,1.);
#1872 = DIRECTION('',(0.,0.998311539311,5.808674959774E-02));
#1873 = PCURVE('',#1657,#1874);
#1874 = DEFINITIONAL_REPRESENTATION('',(#1875),#1878);
#1875 = B_SPLINE_CURVE_WITH_KNOTS('',1,(#1876,#1877),.UNSPECIFIED.,.F.,
  .F.,(2,2),(2.472500000726,16.492500000726),.PIECEWISE_BEZIER_KNOTS.);
#1876 = CARTESIAN_POINT('',(67.2,-4.024999998548));
#1877 = CARTESIAN_POINT('',(67.2,9.995000001452));
#1878 = ( GEOMETRIC_REPRESENTATION_CONTEXT(2) 
PARAMETRIC_REPRESENTATION_CONTEXT() REPRESENTATION_CONTEXT('2D SPACE',''
  ) );
#1879 = PCURVE('',#1285,#1880);
#1880 = DEFINITIONAL_REPRESENTATION('',(#1881),#1884);
#1881 = B_SPLINE_CURVE_WITH_KNOTS('',1,(#1882,#1883),.UNSPECIFIED.,.F.,
  .F.,(2,2),(2.472500000726,16.492500000726),.PIECEWISE_BEZIER_KNOTS.);
#1882 = CARTESIAN_POINT('',(58.,-8.97));
#1883 = CARTESIAN_POINT('',(58.,-22.99));
#1884 = ( GEOMETRIC_REPRESENTATION_CONTEXT(2) 
PARAMETRIC_REPRESENTATION_CONTEXT() REPRESENTATION_CONTEXT('2D SPACE',''
  ) );
#1885 = ORIENTED_EDGE('',*,*,#1886,.F.);
#1886 = EDGE_CURVE('',#1639,#1866,#1887,.T.);
#1887 = SURFACE_CURVE('',#1888,(#1892,#1898),.PCURVE_S1.);
#1888 = LINE('',#1889,#1890);
#1889 = CARTESIAN_POINT('',(-23.485,130.54152928343,14.04));
#1890 = VECTOR('',#1891,1.);
#1891 = DIRECTION('',(-1.,0.,0.));
#1892 = PCURVE('',#1657,#1893);
#1893 = DEFINITIONAL_REPRESENTATION('',(#1894),#1897);
#1894 = B_SPLINE_CURVE_WITH_KNOTS('',1,(#1895,#1896),.UNSPECIFIED.,.F.,
  .F.,(2,2),(-75.28,-72.745),.PIECEWISE_BEZIER_KNOTS.);
#1895 = CARTESIAN_POINT('',(69.735,6.660300408819));
#1896 = CARTESIAN_POINT('',(67.2,6.660300408819));
#1897 = ( GEOMETRIC_REPRESENTATION_CONTEXT(2) 
PARAMETRIC_REPRESENTATION_CONTEXT() REPRESENTATION_CONTEXT('2D SPACE',''
  ) );
#1898 = PCURVE('',#913,#1899);
#1899 = DEFINITIONAL_REPRESENTATION('',(#1900),#1903);
#1900 = B_SPLINE_CURVE_WITH_KNOTS('',1,(#1901,#1902),.UNSPECIFIED.,.F.,
  .F.,(2,2),(-75.28,-72.745),.PIECEWISE_BEZIER_KNOTS.);
#1901 = CARTESIAN_POINT('',(80.825,14.708446580527));
#1902 = CARTESIAN_POINT('',(78.29,14.708446580527));
#1903 = ( GEOMETRIC_REPRESENTATION_CONTEXT(2) 
PARAMETRIC_REPRESENTATION_CONTEXT() REPRESENTATION_CONTEXT('2D SPACE',''
  ) );
#1904 = ORIENTED_EDGE('',*,*,#1638,.T.);
#1905 = ADVANCED_FACE('',(#1906),#1233,.T.);
#1906 = FACE_BOUND('',#1907,.T.);
#1907 = EDGE_LOOP('',(#1908,#1927,#1928,#1929));
#1908 = ORIENTED_EDGE('',*,*,#1909,.F.);
#1909 = EDGE_CURVE('',#1219,#1822,#1910,.T.);
#1910 = SURFACE_CURVE('',#1911,(#1915,#1921),.PCURVE_S1.);
#1911 = LINE('',#1912,#1913);
#1912 = CARTESIAN_POINT('',(51.795,123.33043218682,-45.98021095813));
#1913 = VECTOR('',#1914,1.);
#1914 = DIRECTION('',(0.,5.808674959774E-02,-0.998311539311));
#1915 = PCURVE('',#1233,#1916);
#1916 = DEFINITIONAL_REPRESENTATION('',(#1917),#1920);
#1917 = B_SPLINE_CURVE_WITH_KNOTS('',1,(#1918,#1919),.UNSPECIFIED.,.F.,
  .F.,(2,2),(-59.5,-0.5),.PIECEWISE_BEZIER_KNOTS.);
#1918 = CARTESIAN_POINT('',(0.975,-60.));
#1919 = CARTESIAN_POINT('',(0.975,-1.));
#1920 = ( GEOMETRIC_REPRESENTATION_CONTEXT(2) 
PARAMETRIC_REPRESENTATION_CONTEXT() REPRESENTATION_CONTEXT('2D SPACE',''
  ) );
#1921 = PCURVE('',#1259,#1922);
#1922 = DEFINITIONAL_REPRESENTATION('',(#1923),#1926);
#1923 = B_SPLINE_CURVE_WITH_KNOTS('',1,(#1924,#1925),.UNSPECIFIED.,.F.,
  .F.,(2,2),(-59.5,-0.5),.PIECEWISE_BEZIER_KNOTS.);
#1924 = CARTESIAN_POINT('',(59.,319.735));
#1925 = CARTESIAN_POINT('',(0.,319.735));
#1926 = ( GEOMETRIC_REPRESENTATION_CONTEXT(2) 
PARAMETRIC_REPRESENTATION_CONTEXT() REPRESENTATION_CONTEXT('2D SPACE',''
  ) );
#1927 = ORIENTED_EDGE('',*,*,#1218,.T.);
#1928 = ORIENTED_EDGE('',*,*,#1723,.F.);
#1929 = ORIENTED_EDGE('',*,*,#1842,.F.);
#1930 = ADVANCED_FACE('',(#1931),#1259,.T.);
#1931 = FACE_BOUND('',#1932,.T.);
#1932 = EDGE_LOOP('',(#1933,#1934,#1935,#1936));
#1933 = ORIENTED_EDGE('',*,*,#1244,.T.);
#1934 = ORIENTED_EDGE('',*,*,#1909,.T.);
#1935 = ORIENTED_EDGE('',*,*,#1821,.F.);
#1936 = ORIENTED_EDGE('',*,*,#1937,.F.);
#1937 = EDGE_CURVE('',#1245,#1801,#1938,.T.);
#1938 = SURFACE_CURVE('',#1939,(#1943,#1949),.PCURVE_S1.);
#1939 = LINE('',#1940,#1941);
#1940 = CARTESIAN_POINT('',(49.26,123.27234543722,-44.98189941882));
#1941 = VECTOR('',#1942,1.);
#1942 = DIRECTION('',(-0.,5.808674959774E-02,-0.998311539311));
#1943 = PCURVE('',#1259,#1944);
#1944 = DEFINITIONAL_REPRESENTATION('',(#1945),#1948);
#1945 = B_SPLINE_CURVE_WITH_KNOTS('',1,(#1946,#1947),.UNSPECIFIED.,.F.,
  .F.,(2,2),(-58.5,-0.5),.PIECEWISE_BEZIER_KNOTS.);
#1946 = CARTESIAN_POINT('',(59.,317.2));
#1947 = CARTESIAN_POINT('',(1.,317.2));
#1948 = ( GEOMETRIC_REPRESENTATION_CONTEXT(2) 
PARAMETRIC_REPRESENTATION_CONTEXT() REPRESENTATION_CONTEXT('2D SPACE',''
  ) );
#1949 = PCURVE('',#1285,#1950);
#1950 = DEFINITIONAL_REPRESENTATION('',(#1951),#1954);
#1951 = B_SPLINE_CURVE_WITH_KNOTS('',1,(#1952,#1953),.UNSPECIFIED.,.F.,
  .F.,(2,2),(-58.5,-0.5),.PIECEWISE_BEZIER_KNOTS.);
#1952 = CARTESIAN_POINT('',(58.,-8.97));
#1953 = CARTESIAN_POINT('',(0.,-8.97));
#1954 = ( GEOMETRIC_REPRESENTATION_CONTEXT(2) 
PARAMETRIC_REPRESENTATION_CONTEXT() REPRESENTATION_CONTEXT('2D SPACE',''
  ) );
#1955 = ADVANCED_FACE('',(#1956),#1285,.T.);
#1956 = FACE_BOUND('',#1957,.T.);
#1957 = EDGE_LOOP('',(#1958,#1959,#1980,#1999,#2000,#2001,#2002));
#1958 = ORIENTED_EDGE('',*,*,#1865,.F.);
#1959 = ORIENTED_EDGE('',*,*,#1960,.F.);
#1960 = EDGE_CURVE('',#1961,#1866,#1963,.T.);
#1961 = VERTEX_POINT('',#1962);
#1962 = CARTESIAN_POINT('',(49.26,130.8330827029,14.04));
#1963 = SURFACE_CURVE('',#1964,(#1968,#1974),.PCURVE_S1.);
#1964 = LINE('',#1965,#1966);
#1965 = CARTESIAN_POINT('',(49.26,115.06076512885,14.04));
#1966 = VECTOR('',#1967,1.);
#1967 = DIRECTION('',(0.,-1.,0.));
#1968 = PCURVE('',#1285,#1969);
#1969 = DEFINITIONAL_REPRESENTATION('',(#1970),#1973);
#1970 = B_SPLINE_CURVE_WITH_KNOTS('',1,(#1971,#1972),.UNSPECIFIED.,.F.,
  .F.,(2,2),(-15.77231757404,-15.48076415457),.PIECEWISE_BEZIER_KNOTS.);
#1971 = CARTESIAN_POINT('',(57.983064609529,-19.94636155035));
#1972 = CARTESIAN_POINT('',(58.,-19.65530040736));
#1973 = ( GEOMETRIC_REPRESENTATION_CONTEXT(2) 
PARAMETRIC_REPRESENTATION_CONTEXT() REPRESENTATION_CONTEXT('2D SPACE',''
  ) );
#1974 = PCURVE('',#913,#1975);
#1975 = DEFINITIONAL_REPRESENTATION('',(#1976),#1979);
#1976 = B_SPLINE_CURVE_WITH_KNOTS('',1,(#1977,#1978),.UNSPECIFIED.,.F.,
  .F.,(2,2),(-15.77231757404,-15.48076415457),.PIECEWISE_BEZIER_KNOTS.);
#1977 = CARTESIAN_POINT('',(78.29,15.));
#1978 = CARTESIAN_POINT('',(78.29,14.708446580527));
#1979 = ( GEOMETRIC_REPRESENTATION_CONTEXT(2) 
PARAMETRIC_REPRESENTATION_CONTEXT() REPRESENTATION_CONTEXT('2D SPACE',''
  ) );
#1980 = ORIENTED_EDGE('',*,*,#1981,.F.);
#1981 = EDGE_CURVE('',#1271,#1961,#1982,.T.);
#1982 = SURFACE_CURVE('',#1983,(#1987,#1993),.PCURVE_S1.);
#1983 = LINE('',#1984,#1985);
#1984 = CARTESIAN_POINT('',(49.26,130.8330827029,-20.56689089653));
#1985 = VECTOR('',#1986,1.);
#1986 = DIRECTION('',(0.,-0.,1.));
#1987 = PCURVE('',#1285,#1988);
#1988 = DEFINITIONAL_REPRESENTATION('',(#1989),#1992);
#1989 = B_SPLINE_CURVE_WITH_KNOTS('',1,(#1990,#1991),.UNSPECIFIED.,.F.,
  .F.,(2,2),(24.43689089653,34.60689089653),.PIECEWISE_BEZIER_KNOTS.);
#1990 = CARTESIAN_POINT('',(47.830236254738,-19.35561930694));
#1991 = CARTESIAN_POINT('',(57.983064609529,-19.94636155035));
#1992 = ( GEOMETRIC_REPRESENTATION_CONTEXT(2) 
PARAMETRIC_REPRESENTATION_CONTEXT() REPRESENTATION_CONTEXT('2D SPACE',''
  ) );
#1993 = PCURVE('',#1312,#1994);
#1994 = DEFINITIONAL_REPRESENTATION('',(#1995),#1998);
#1995 = B_SPLINE_CURVE_WITH_KNOTS('',1,(#1996,#1997),.UNSPECIFIED.,.F.,
  .F.,(2,2),(24.43689089653,34.60689089653),.PIECEWISE_BEZIER_KNOTS.);
#1996 = CARTESIAN_POINT('',(0.,78.29));
#1997 = CARTESIAN_POINT('',(10.17,78.29));
#1998 = ( GEOMETRIC_REPRESENTATION_CONTEXT(2) 
PARAMETRIC_REPRESENTATION_CONTEXT() REPRESENTATION_CONTEXT('2D SPACE',''
  ) );
#1999 = ORIENTED_EDGE('',*,*,#1270,.T.);
#2000 = ORIENTED_EDGE('',*,*,#1937,.T.);
#2001 = ORIENTED_EDGE('',*,*,#1800,.F.);
#2002 = ORIENTED_EDGE('',*,*,#1669,.F.);
#2003 = ADVANCED_FACE('',(#2004),#1312,.F.);
#2004 = FACE_BOUND('',#2005,.F.);
#2005 = EDGE_LOOP('',(#2006,#2007,#2028,#2049));
#2006 = ORIENTED_EDGE('',*,*,#1296,.F.);
#2007 = ORIENTED_EDGE('',*,*,#2008,.T.);
#2008 = EDGE_CURVE('',#1297,#2009,#2011,.T.);
#2009 = VERTEX_POINT('',#2010);
#2010 = CARTESIAN_POINT('',(46.86,130.8330827029,14.04));
#2011 = SURFACE_CURVE('',#2012,(#2016,#2022),.PCURVE_S1.);
#2012 = LINE('',#2013,#2014);
#2013 = CARTESIAN_POINT('',(46.86,130.8330827029,-20.56689089653));
#2014 = VECTOR('',#2015,1.);
#2015 = DIRECTION('',(0.,-0.,1.));
#2016 = PCURVE('',#1312,#2017);
#2017 = DEFINITIONAL_REPRESENTATION('',(#2018),#2021);
#2018 = B_SPLINE_CURVE_WITH_KNOTS('',1,(#2019,#2020),.UNSPECIFIED.,.F.,
  .F.,(2,2),(24.43689089653,34.60689089653),.PIECEWISE_BEZIER_KNOTS.);
#2019 = CARTESIAN_POINT('',(0.,75.89));
#2020 = CARTESIAN_POINT('',(10.17,75.89));
#2021 = ( GEOMETRIC_REPRESENTATION_CONTEXT(2) 
PARAMETRIC_REPRESENTATION_CONTEXT() REPRESENTATION_CONTEXT('2D SPACE',''
  ) );
#2022 = PCURVE('',#1339,#2023);
#2023 = DEFINITIONAL_REPRESENTATION('',(#2024),#2027);
#2024 = B_SPLINE_CURVE_WITH_KNOTS('',1,(#2025,#2026),.UNSPECIFIED.,.F.,
  .F.,(2,2),(24.43689089653,34.60689089653),.PIECEWISE_BEZIER_KNOTS.);
#2025 = CARTESIAN_POINT('',(47.830236254738,-19.35561930694));
#2026 = CARTESIAN_POINT('',(57.983064609529,-19.94636155035));
#2027 = ( GEOMETRIC_REPRESENTATION_CONTEXT(2) 
PARAMETRIC_REPRESENTATION_CONTEXT() REPRESENTATION_CONTEXT('2D SPACE',''
  ) );
#2028 = ORIENTED_EDGE('',*,*,#2029,.T.);
#2029 = EDGE_CURVE('',#2009,#1961,#2030,.T.);
#2030 = SURFACE_CURVE('',#2031,(#2035,#2042),.PCURVE_S1.);
#2031 = LINE('',#2032,#2033);
#2032 = CARTESIAN_POINT('',(-29.03,130.8330827029,14.04));
#2033 = VECTOR('',#2034,1.);
#2034 = DIRECTION('',(1.,0.,-0.));
#2035 = PCURVE('',#1312,#2036);
#2036 = DEFINITIONAL_REPRESENTATION('',(#2037),#2041);
#2037 = LINE('',#2038,#2039);
#2038 = CARTESIAN_POINT('',(10.17,0.));
#2039 = VECTOR('',#2040,1.);
#2040 = DIRECTION('',(0.,1.));
#2041 = ( GEOMETRIC_REPRESENTATION_CONTEXT(2) 
PARAMETRIC_REPRESENTATION_CONTEXT() REPRESENTATION_CONTEXT('2D SPACE',''
  ) );
#2042 = PCURVE('',#913,#2043);
#2043 = DEFINITIONAL_REPRESENTATION('',(#2044),#2048);
#2044 = LINE('',#2045,#2046);
#2045 = CARTESIAN_POINT('',(0.,15.));
#2046 = VECTOR('',#2047,1.);
#2047 = DIRECTION('',(1.,0.));
#2048 = ( GEOMETRIC_REPRESENTATION_CONTEXT(2) 
PARAMETRIC_REPRESENTATION_CONTEXT() REPRESENTATION_CONTEXT('2D SPACE',''
  ) );
#2049 = ORIENTED_EDGE('',*,*,#1981,.F.);
#2050 = ADVANCED_FACE('',(#2051),#1339,.F.);
#2051 = FACE_BOUND('',#2052,.F.);
#2052 = EDGE_LOOP('',(#2053,#2081,#2100,#2101,#2102,#2123,#2149));
#2053 = ORIENTED_EDGE('',*,*,#2054,.F.);
#2054 = EDGE_CURVE('',#2055,#2057,#2059,.T.);
#2055 = VERTEX_POINT('',#2056);
#2056 = CARTESIAN_POINT('',(46.86,130.54152928343,14.04));
#2057 = VERTEX_POINT('',#2058);
#2058 = CARTESIAN_POINT('',(46.86,133.87023858439,14.233680926279));
#2059 = SURFACE_CURVE('',#2060,(#2064,#2070),.PCURVE_S1.);
#2060 = LINE('',#2061,#2062);
#2061 = CARTESIAN_POINT('',(46.86,117.40594530408,13.275706142438));
#2062 = VECTOR('',#2063,1.);
#2063 = DIRECTION('',(0.,0.998311539311,5.808674959774E-02));
#2064 = PCURVE('',#1339,#2065);
#2065 = DEFINITIONAL_REPRESENTATION('',(#2066),#2069);
#2066 = B_SPLINE_CURVE_WITH_KNOTS('',1,(#2067,#2068),.UNSPECIFIED.,.F.,
  .F.,(2,2),(2.472500000726,16.492500000726),.PIECEWISE_BEZIER_KNOTS.);
#2067 = CARTESIAN_POINT('',(58.,-8.97));
#2068 = CARTESIAN_POINT('',(58.,-22.99));
#2069 = ( GEOMETRIC_REPRESENTATION_CONTEXT(2) 
PARAMETRIC_REPRESENTATION_CONTEXT() REPRESENTATION_CONTEXT('2D SPACE',''
  ) );
#2070 = PCURVE('',#2071,#2076);
#2071 = PLANE('',#2072);
#2072 = AXIS2_PLACEMENT_3D('',#2073,#2074,#2075);
#2073 = CARTESIAN_POINT('',(-17.94,123.89247453003,13.653124797907));
#2074 = DIRECTION('',(0.,-5.808674959774E-02,0.998311539311));
#2075 = DIRECTION('',(1.,0.,0.));
#2076 = DEFINITIONAL_REPRESENTATION('',(#2077),#2080);
#2077 = B_SPLINE_CURVE_WITH_KNOTS('',1,(#2078,#2079),.UNSPECIFIED.,.F.,
  .F.,(2,2),(2.472500000726,16.492500000726),.PIECEWISE_BEZIER_KNOTS.);
#2078 = CARTESIAN_POINT('',(64.8,-4.024999998548));
#2079 = CARTESIAN_POINT('',(64.8,9.995000001452));
#2080 = ( GEOMETRIC_REPRESENTATION_CONTEXT(2) 
PARAMETRIC_REPRESENTATION_CONTEXT() REPRESENTATION_CONTEXT('2D SPACE',''
  ) );
#2081 = ORIENTED_EDGE('',*,*,#2082,.F.);
#2082 = EDGE_CURVE('',#2009,#2055,#2083,.T.);
#2083 = SURFACE_CURVE('',#2084,(#2088,#2094),.PCURVE_S1.);
#2084 = LINE('',#2085,#2086);
#2085 = CARTESIAN_POINT('',(46.86,115.06076512885,14.04));
#2086 = VECTOR('',#2087,1.);
#2087 = DIRECTION('',(0.,-1.,0.));
#2088 = PCURVE('',#1339,#2089);
#2089 = DEFINITIONAL_REPRESENTATION('',(#2090),#2093);
#2090 = B_SPLINE_CURVE_WITH_KNOTS('',1,(#2091,#2092),.UNSPECIFIED.,.F.,
  .F.,(2,2),(-15.77231757404,-15.48076415457),.PIECEWISE_BEZIER_KNOTS.);
#2091 = CARTESIAN_POINT('',(57.983064609529,-19.94636155035));
#2092 = CARTESIAN_POINT('',(58.,-19.65530040736));
#2093 = ( GEOMETRIC_REPRESENTATION_CONTEXT(2) 
PARAMETRIC_REPRESENTATION_CONTEXT() REPRESENTATION_CONTEXT('2D SPACE',''
  ) );
#2094 = PCURVE('',#913,#2095);
#2095 = DEFINITIONAL_REPRESENTATION('',(#2096),#2099);
#2096 = B_SPLINE_CURVE_WITH_KNOTS('',1,(#2097,#2098),.UNSPECIFIED.,.F.,
  .F.,(2,2),(-15.77231757404,-15.48076415457),.PIECEWISE_BEZIER_KNOTS.);
#2097 = CARTESIAN_POINT('',(75.89,15.));
#2098 = CARTESIAN_POINT('',(75.89,14.708446580527));
#2099 = ( GEOMETRIC_REPRESENTATION_CONTEXT(2) 
PARAMETRIC_REPRESENTATION_CONTEXT() REPRESENTATION_CONTEXT('2D SPACE',''
  ) );
#2100 = ORIENTED_EDGE('',*,*,#2008,.F.);
#2101 = ORIENTED_EDGE('',*,*,#1324,.T.);
#2102 = ORIENTED_EDGE('',*,*,#2103,.T.);
#2103 = EDGE_CURVE('',#1325,#2104,#2106,.T.);
#2104 = VERTEX_POINT('',#2105);
#2105 = CARTESIAN_POINT('',(46.86,120.53870396389,2.));
#2106 = SURFACE_CURVE('',#2107,(#2111,#2117),.PCURVE_S1.);
#2107 = LINE('',#2108,#2109);
#2108 = CARTESIAN_POINT('',(46.86,123.27234543722,-44.98189941882));
#2109 = VECTOR('',#2110,1.);
#2110 = DIRECTION('',(-0.,5.808674959774E-02,-0.998311539311));
#2111 = PCURVE('',#1339,#2112);
#2112 = DEFINITIONAL_REPRESENTATION('',(#2113),#2116);
#2113 = B_SPLINE_CURVE_WITH_KNOTS('',1,(#2114,#2115),.UNSPECIFIED.,.F.,
  .F.,(2,2),(-58.5,-0.5),.PIECEWISE_BEZIER_KNOTS.);
#2114 = CARTESIAN_POINT('',(58.,-8.97));
#2115 = CARTESIAN_POINT('',(0.,-8.97));
#2116 = ( GEOMETRIC_REPRESENTATION_CONTEXT(2) 
PARAMETRIC_REPRESENTATION_CONTEXT() REPRESENTATION_CONTEXT('2D SPACE',''
  ) );
#2117 = PCURVE('',#1365,#2118);
#2118 = DEFINITIONAL_REPRESENTATION('',(#2119),#2122);
#2119 = B_SPLINE_CURVE_WITH_KNOTS('',1,(#2120,#2121),.UNSPECIFIED.,.F.,
  .F.,(2,2),(-58.5,-0.5),.PIECEWISE_BEZIER_KNOTS.);
#2120 = CARTESIAN_POINT('',(59.,314.8));
#2121 = CARTESIAN_POINT('',(1.,314.8));
#2122 = ( GEOMETRIC_REPRESENTATION_CONTEXT(2) 
PARAMETRIC_REPRESENTATION_CONTEXT() REPRESENTATION_CONTEXT('2D SPACE',''
  ) );
#2123 = ORIENTED_EDGE('',*,*,#2124,.F.);
#2124 = EDGE_CURVE('',#2125,#2104,#2127,.T.);
#2125 = VERTEX_POINT('',#2126);
#2126 = CARTESIAN_POINT('',(46.86,134.58205521942,2.));
#2127 = SURFACE_CURVE('',#2128,(#2132,#2138),.PCURVE_S1.);
#2128 = LINE('',#2129,#2130);
#2129 = CARTESIAN_POINT('',(46.86,-92.85577622259,2.));
#2130 = VECTOR('',#2131,1.);
#2131 = DIRECTION('',(0.,-1.,0.));
#2132 = PCURVE('',#1339,#2133);
#2133 = DEFINITIONAL_REPRESENTATION('',(#2134),#2137);
#2134 = B_SPLINE_CURVE_WITH_KNOTS('',1,(#2135,#2136),.UNSPECIFIED.,.F.,
  .F.,(2,2),(-227.437831442,-213.3944801864),.PIECEWISE_BEZIER_KNOTS.);
#2135 = CARTESIAN_POINT('',(45.74562804841,-22.98963960899));
#2136 = CARTESIAN_POINT('',(46.561360676304,-8.97));
#2137 = ( GEOMETRIC_REPRESENTATION_CONTEXT(2) 
PARAMETRIC_REPRESENTATION_CONTEXT() REPRESENTATION_CONTEXT('2D SPACE',''
  ) );
#2138 = PCURVE('',#2139,#2144);
#2139 = PLANE('',#2140);
#2140 = AXIS2_PLACEMENT_3D('',#2141,#2142,#2143);
#2141 = CARTESIAN_POINT('',(-300.,-300.,2.));
#2142 = DIRECTION('',(0.,0.,1.));
#2143 = DIRECTION('',(1.,0.,-0.));
#2144 = DEFINITIONAL_REPRESENTATION('',(#2145),#2148);
#2145 = B_SPLINE_CURVE_WITH_KNOTS('',1,(#2146,#2147),.UNSPECIFIED.,.F.,
  .F.,(2,2),(-227.437831442,-213.3944801864),.PIECEWISE_BEZIER_KNOTS.);
#2146 = CARTESIAN_POINT('',(346.86,434.58205521942));
#2147 = CARTESIAN_POINT('',(346.86,420.53870396389));
#2148 = ( GEOMETRIC_REPRESENTATION_CONTEXT(2) 
PARAMETRIC_REPRESENTATION_CONTEXT() REPRESENTATION_CONTEXT('2D SPACE',''
  ) );
#2149 = ORIENTED_EDGE('',*,*,#2150,.F.);
#2150 = EDGE_CURVE('',#2057,#2125,#2151,.T.);
#2151 = SURFACE_CURVE('',#2152,(#2156,#2162),.PCURVE_S1.);
#2152 = LINE('',#2153,#2154);
#2153 = CARTESIAN_POINT('',(46.86,137.35544356026,-45.66501143237));
#2154 = VECTOR('',#2155,1.);
#2155 = DIRECTION('',(0.,5.808674959774E-02,-0.998311539311));
#2156 = PCURVE('',#1339,#2157);
#2157 = DEFINITIONAL_REPRESENTATION('',(#2158),#2161);
#2158 = B_SPLINE_CURVE_WITH_KNOTS('',1,(#2159,#2160),.UNSPECIFIED.,.F.,
  .F.,(2,2),(-60.0000006,-0.9999994),.PIECEWISE_BEZIER_KNOTS.);
#2159 = CARTESIAN_POINT('',(58.0000006,-22.98963960899));
#2160 = CARTESIAN_POINT('',(-1.0000006,-22.98963960899));
#2161 = ( GEOMETRIC_REPRESENTATION_CONTEXT(2) 
PARAMETRIC_REPRESENTATION_CONTEXT() REPRESENTATION_CONTEXT('2D SPACE',''
  ) );
#2162 = PCURVE('',#2163,#2168);
#2163 = CYLINDRICAL_SURFACE('',#2164,4.995);
#2164 = AXIS2_PLACEMENT_3D('',#2165,#2166,#2167);
#2165 = CARTESIAN_POINT('',(46.8,132.36923718628,-45.95513381369));
#2166 = DIRECTION('',(0.,5.808674959774E-02,-0.998311539311));
#2167 = DIRECTION('',(1.,0.,0.));
#2168 = DEFINITIONAL_REPRESENTATION('',(#2169),#2172);
#2169 = B_SPLINE_CURVE_WITH_KNOTS('',1,(#2170,#2171),.UNSPECIFIED.,.F.,
  .F.,(2,2),(-60.0000006,-0.9999994),.PIECEWISE_BEZIER_KNOTS.);
#2170 = CARTESIAN_POINT('',(-1.558784025898,-60.0000006));
#2171 = CARTESIAN_POINT('',(-1.558784025898,-0.9999994));
#2172 = ( GEOMETRIC_REPRESENTATION_CONTEXT(2) 
PARAMETRIC_REPRESENTATION_CONTEXT() REPRESENTATION_CONTEXT('2D SPACE',''
  ) );
#2173 = ADVANCED_FACE('',(#2174),#2139,.T.);
#2174 = FACE_BOUND('',#2175,.T.);
#2175 = EDGE_LOOP('',(#2176,#2199,#2218,#2219,#2246));
#2176 = ORIENTED_EDGE('',*,*,#2177,.T.);
#2177 = EDGE_CURVE('',#2178,#2180,#2182,.T.);
#2178 = VERTEX_POINT('',#2179);
#2179 = CARTESIAN_POINT('',(27.26,134.58241621996,2.));
#2180 = VERTEX_POINT('',#2181);
#2181 = CARTESIAN_POINT('',(27.26,120.53870396389,2.));
#2182 = SURFACE_CURVE('',#2183,(#2187,#2193),.PCURVE_S1.);
#2183 = LINE('',#2184,#2185);
#2184 = CARTESIAN_POINT('',(27.26,-92.85577622259,2.));
#2185 = VECTOR('',#2186,1.);
#2186 = DIRECTION('',(0.,-1.,0.));
#2187 = PCURVE('',#2139,#2188);
#2188 = DEFINITIONAL_REPRESENTATION('',(#2189),#2192);
#2189 = B_SPLINE_CURVE_WITH_KNOTS('',1,(#2190,#2191),.UNSPECIFIED.,.F.,
  .F.,(2,2),(-227.4381924425,-213.3944801864),.PIECEWISE_BEZIER_KNOTS.);
#2190 = CARTESIAN_POINT('',(327.26,434.58241621996));
#2191 = CARTESIAN_POINT('',(327.26,420.53870396389));
#2192 = ( GEOMETRIC_REPRESENTATION_CONTEXT(2) 
PARAMETRIC_REPRESENTATION_CONTEXT() REPRESENTATION_CONTEXT('2D SPACE',''
  ) );
#2193 = PCURVE('',#1391,#2194);
#2194 = DEFINITIONAL_REPRESENTATION('',(#2195),#2198);
#2195 = B_SPLINE_CURVE_WITH_KNOTS('',1,(#2196,#2197),.UNSPECIFIED.,.F.,
  .F.,(2,2),(-227.4381924425,-213.3944801864),.PIECEWISE_BEZIER_KNOTS.);
#2196 = CARTESIAN_POINT('',(45.745607079062,-22.99));
#2197 = CARTESIAN_POINT('',(46.561360676304,-8.97));
#2198 = ( GEOMETRIC_REPRESENTATION_CONTEXT(2) 
PARAMETRIC_REPRESENTATION_CONTEXT() REPRESENTATION_CONTEXT('2D SPACE',''
  ) );
#2199 = ORIENTED_EDGE('',*,*,#2200,.T.);
#2200 = EDGE_CURVE('',#2180,#2104,#2201,.T.);
#2201 = SURFACE_CURVE('',#2202,(#2206,#2212),.PCURVE_S1.);
#2202 = LINE('',#2203,#2204);
#2203 = CARTESIAN_POINT('',(-283.97,120.53870396389,2.));
#2204 = VECTOR('',#2205,1.);
#2205 = DIRECTION('',(1.,0.,0.));
#2206 = PCURVE('',#2139,#2207);
#2207 = DEFINITIONAL_REPRESENTATION('',(#2208),#2211);
#2208 = B_SPLINE_CURVE_WITH_KNOTS('',1,(#2209,#2210),.UNSPECIFIED.,.F.,
  .F.,(2,2),(311.23,330.83),.PIECEWISE_BEZIER_KNOTS.);
#2209 = CARTESIAN_POINT('',(327.26,420.53870396389));
#2210 = CARTESIAN_POINT('',(346.86,420.53870396389));
#2211 = ( GEOMETRIC_REPRESENTATION_CONTEXT(2) 
PARAMETRIC_REPRESENTATION_CONTEXT() REPRESENTATION_CONTEXT('2D SPACE',''
  ) );
#2212 = PCURVE('',#1365,#2213);
#2213 = DEFINITIONAL_REPRESENTATION('',(#2214),#2217);
#2214 = B_SPLINE_CURVE_WITH_KNOTS('',1,(#2215,#2216),.UNSPECIFIED.,.F.,
  .F.,(2,2),(311.23,330.83),.PIECEWISE_BEZIER_KNOTS.);
#2215 = CARTESIAN_POINT('',(47.561360676304,295.2));
#2216 = CARTESIAN_POINT('',(47.561360676304,314.8));
#2217 = ( GEOMETRIC_REPRESENTATION_CONTEXT(2) 
PARAMETRIC_REPRESENTATION_CONTEXT() REPRESENTATION_CONTEXT('2D SPACE',''
  ) );
#2218 = ORIENTED_EDGE('',*,*,#2124,.F.);
#2219 = ORIENTED_EDGE('',*,*,#2220,.T.);
#2220 = EDGE_CURVE('',#2125,#2221,#2223,.T.);
#2221 = VERTEX_POINT('',#2222);
#2222 = CARTESIAN_POINT('',(46.8,134.58241621112,2.));
#2223 = SURFACE_CURVE('',#2224,(#2229,#2236),.PCURVE_S1.);
#2224 = ELLIPSE('',#2225,5.00344812547,4.995);
#2225 = AXIS2_PLACEMENT_3D('',#2226,#2227,#2228);
#2226 = CARTESIAN_POINT('',(46.8,129.57896807682,2.));
#2227 = DIRECTION('',(0.,0.,1.));
#2228 = DIRECTION('',(0.,1.,-0.));
#2229 = PCURVE('',#2139,#2230);
#2230 = DEFINITIONAL_REPRESENTATION('',(#2231),#2235);
#2231 = ELLIPSE('',#2232,5.00344812547,4.995);
#2232 = AXIS2_PLACEMENT_2D('',#2233,#2234);
#2233 = CARTESIAN_POINT('',(346.8,429.57896807682));
#2234 = DIRECTION('',(0.,1.));
#2235 = ( GEOMETRIC_REPRESENTATION_CONTEXT(2) 
PARAMETRIC_REPRESENTATION_CONTEXT() REPRESENTATION_CONTEXT('2D SPACE',''
  ) );
#2236 = PCURVE('',#2163,#2237);
#2237 = DEFINITIONAL_REPRESENTATION('',(#2238),#2245);
#2238 = B_SPLINE_CURVE_WITH_KNOTS('',5,(#2239,#2240,#2241,#2242,#2243,
    #2244),.UNSPECIFIED.,.F.,.F.,(6,6),(6.271173006283,6.28318530718),
  .PIECEWISE_BEZIER_KNOTS.);
#2239 = CARTESIAN_POINT('',(-1.558784025898,-47.74562804841));
#2240 = CARTESIAN_POINT('',(-1.561186486078,-47.74561966118));
#2241 = CARTESIAN_POINT('',(-1.563588946257,-47.74561337066));
#2242 = CARTESIAN_POINT('',(-1.565991406436,-47.74560917694));
#2243 = CARTESIAN_POINT('',(-1.568393866616,-47.74560708008));
#2244 = CARTESIAN_POINT('',(-1.570796326795,-47.74560708008));
#2245 = ( GEOMETRIC_REPRESENTATION_CONTEXT(2) 
PARAMETRIC_REPRESENTATION_CONTEXT() REPRESENTATION_CONTEXT('2D SPACE',''
  ) );
#2246 = ORIENTED_EDGE('',*,*,#2247,.F.);
#2247 = EDGE_CURVE('',#2178,#2221,#2248,.T.);
#2248 = SURFACE_CURVE('',#2249,(#2253,#2259),.PCURVE_S1.);
#2249 = LINE('',#2250,#2251);
#2250 = CARTESIAN_POINT('',(-191.34,134.58241621996,2.));
#2251 = VECTOR('',#2252,1.);
#2252 = DIRECTION('',(1.,0.,0.));
#2253 = PCURVE('',#2139,#2254);
#2254 = DEFINITIONAL_REPRESENTATION('',(#2255),#2258);
#2255 = B_SPLINE_CURVE_WITH_KNOTS('',1,(#2256,#2257),.UNSPECIFIED.,.F.,
  .F.,(2,2),(218.6,238.14),.PIECEWISE_BEZIER_KNOTS.);
#2256 = CARTESIAN_POINT('',(327.26,434.58241621996));
#2257 = CARTESIAN_POINT('',(346.8,434.58241621996));
#2258 = ( GEOMETRIC_REPRESENTATION_CONTEXT(2) 
PARAMETRIC_REPRESENTATION_CONTEXT() REPRESENTATION_CONTEXT('2D SPACE',''
  ) );
#2259 = PCURVE('',#2260,#2265);
#2260 = PLANE('',#2261);
#2261 = AXIS2_PLACEMENT_3D('',#2262,#2263,#2264);
#2262 = CARTESIAN_POINT('',(-82.68,137.35580334275,-45.66499049842));
#2263 = DIRECTION('',(0.,0.998311539311,5.808674959774E-02));
#2264 = DIRECTION('',(1.,0.,0.));
#2265 = DEFINITIONAL_REPRESENTATION('',(#2266),#2269);
#2266 = B_SPLINE_CURVE_WITH_KNOTS('',1,(#2267,#2268),.UNSPECIFIED.,.F.,
  .F.,(2,2),(218.6,238.14),.PIECEWISE_BEZIER_KNOTS.);
#2267 = CARTESIAN_POINT('',(109.94,-47.74560707906));
#2268 = CARTESIAN_POINT('',(129.48,-47.74560707906));
#2269 = ( GEOMETRIC_REPRESENTATION_CONTEXT(2) 
PARAMETRIC_REPRESENTATION_CONTEXT() REPRESENTATION_CONTEXT('2D SPACE',''
  ) );
#2270 = ADVANCED_FACE('',(#2271),#2260,.F.);
#2271 = FACE_BOUND('',#2272,.F.);
#2272 = EDGE_LOOP('',(#2273,#2296,#2297,#2318));
#2273 = ORIENTED_EDGE('',*,*,#2274,.F.);
#2274 = EDGE_CURVE('',#2221,#2275,#2277,.T.);
#2275 = VERTEX_POINT('',#2276);
#2276 = CARTESIAN_POINT('',(46.8,133.87059835808,14.233701859709));
#2277 = SURFACE_CURVE('',#2278,(#2282,#2289),.PCURVE_S1.);
#2278 = LINE('',#2279,#2280);
#2279 = CARTESIAN_POINT('',(46.8,137.35580333395,-45.66499049894));
#2280 = VECTOR('',#2281,1.);
#2281 = DIRECTION('',(0.,-5.808674959774E-02,0.998311539311));
#2282 = PCURVE('',#2260,#2283);
#2283 = DEFINITIONAL_REPRESENTATION('',(#2284),#2288);
#2284 = LINE('',#2285,#2286);
#2285 = CARTESIAN_POINT('',(129.48,0.));
#2286 = VECTOR('',#2287,1.);
#2287 = DIRECTION('',(0.,-1.));
#2288 = ( GEOMETRIC_REPRESENTATION_CONTEXT(2) 
PARAMETRIC_REPRESENTATION_CONTEXT() REPRESENTATION_CONTEXT('2D SPACE',''
  ) );
#2289 = PCURVE('',#2163,#2290);
#2290 = DEFINITIONAL_REPRESENTATION('',(#2291),#2295);
#2291 = LINE('',#2292,#2293);
#2292 = CARTESIAN_POINT('',(-1.570796326795,0.));
#2293 = VECTOR('',#2294,1.);
#2294 = DIRECTION('',(-0.,-1.));
#2295 = ( GEOMETRIC_REPRESENTATION_CONTEXT(2) 
PARAMETRIC_REPRESENTATION_CONTEXT() REPRESENTATION_CONTEXT('2D SPACE',''
  ) );
#2296 = ORIENTED_EDGE('',*,*,#2247,.F.);
#2297 = ORIENTED_EDGE('',*,*,#2298,.F.);
#2298 = EDGE_CURVE('',#2299,#2178,#2301,.T.);
#2299 = VERTEX_POINT('',#2300);
#2300 = CARTESIAN_POINT('',(27.26,133.87059836689,14.233701860221));
#2301 = SURFACE_CURVE('',#2302,(#2306,#2312),.PCURVE_S1.);
#2302 = LINE('',#2303,#2304);
#2303 = CARTESIAN_POINT('',(27.26,137.29771659316,-44.66667895911));
#2304 = VECTOR('',#2305,1.);
#2305 = DIRECTION('',(-0.,5.808674959774E-02,-0.998311539311));
#2306 = PCURVE('',#2260,#2307);
#2307 = DEFINITIONAL_REPRESENTATION('',(#2308),#2311);
#2308 = B_SPLINE_CURVE_WITH_KNOTS('',1,(#2309,#2310),.UNSPECIFIED.,.F.,
  .F.,(2,2),(-59.,-1.),.PIECEWISE_BEZIER_KNOTS.);
#2309 = CARTESIAN_POINT('',(109.94,-60.));
#2310 = CARTESIAN_POINT('',(109.94,-2.));
#2311 = ( GEOMETRIC_REPRESENTATION_CONTEXT(2) 
PARAMETRIC_REPRESENTATION_CONTEXT() REPRESENTATION_CONTEXT('2D SPACE',''
  ) );
#2312 = PCURVE('',#1391,#2313);
#2313 = DEFINITIONAL_REPRESENTATION('',(#2314),#2317);
#2314 = B_SPLINE_CURVE_WITH_KNOTS('',1,(#2315,#2316),.UNSPECIFIED.,.F.,
  .F.,(2,2),(-59.,-1.),.PIECEWISE_BEZIER_KNOTS.);
#2315 = CARTESIAN_POINT('',(58.,-22.99));
#2316 = CARTESIAN_POINT('',(0.,-22.99));
#2317 = ( GEOMETRIC_REPRESENTATION_CONTEXT(2) 
PARAMETRIC_REPRESENTATION_CONTEXT() REPRESENTATION_CONTEXT('2D SPACE',''
  ) );
#2318 = ORIENTED_EDGE('',*,*,#2319,.T.);
#2319 = EDGE_CURVE('',#2299,#2275,#2320,.T.);
#2320 = SURFACE_CURVE('',#2321,(#2325,#2332),.PCURVE_S1.);
#2321 = LINE('',#2322,#2323);
#2322 = CARTESIAN_POINT('',(-17.94,133.87059836689,14.233701860221));
#2323 = VECTOR('',#2324,1.);
#2324 = DIRECTION('',(1.,0.,0.));
#2325 = PCURVE('',#2260,#2326);
#2326 = DEFINITIONAL_REPRESENTATION('',(#2327),#2331);
#2327 = LINE('',#2328,#2329);
#2328 = CARTESIAN_POINT('',(64.74,-60.));
#2329 = VECTOR('',#2330,1.);
#2330 = DIRECTION('',(1.,0.));
#2331 = ( GEOMETRIC_REPRESENTATION_CONTEXT(2) 
PARAMETRIC_REPRESENTATION_CONTEXT() REPRESENTATION_CONTEXT('2D SPACE',''
  ) );
#2332 = PCURVE('',#2071,#2333);
#2333 = DEFINITIONAL_REPRESENTATION('',(#2334),#2338);
#2334 = LINE('',#2335,#2336);
#2335 = CARTESIAN_POINT('',(-1.925420939561E-15,9.995000001452));
#2336 = VECTOR('',#2337,1.);
#2337 = DIRECTION('',(1.,0.));
#2338 = ( GEOMETRIC_REPRESENTATION_CONTEXT(2) 
PARAMETRIC_REPRESENTATION_CONTEXT() REPRESENTATION_CONTEXT('2D SPACE',''
  ) );
#2339 = ADVANCED_FACE('',(#2340),#2163,.F.);
#2340 = FACE_BOUND('',#2341,.T.);
#2341 = EDGE_LOOP('',(#2342,#2343,#2344,#2345));
#2342 = ORIENTED_EDGE('',*,*,#2274,.F.);
#2343 = ORIENTED_EDGE('',*,*,#2220,.F.);
#2344 = ORIENTED_EDGE('',*,*,#2150,.F.);
#2345 = ORIENTED_EDGE('',*,*,#2346,.T.);
#2346 = EDGE_CURVE('',#2057,#2275,#2347,.T.);
#2347 = SURFACE_CURVE('',#2348,(#2353,#2360),.PCURVE_S1.);
#2348 = CIRCLE('',#2349,4.995);
#2349 = AXIS2_PLACEMENT_3D('',#2350,#2351,#2352);
#2350 = CARTESIAN_POINT('',(46.8,128.88403221042,13.943558544955));
#2351 = DIRECTION('',(0.,-5.808674959774E-02,0.998311539311));
#2352 = DIRECTION('',(1.,0.,0.));
#2353 = PCURVE('',#2163,#2354);
#2354 = DEFINITIONAL_REPRESENTATION('',(#2355),#2359);
#2355 = LINE('',#2356,#2357);
#2356 = CARTESIAN_POINT('',(-0.,-60.));
#2357 = VECTOR('',#2358,1.);
#2358 = DIRECTION('',(-1.,0.));
#2359 = ( GEOMETRIC_REPRESENTATION_CONTEXT(2) 
PARAMETRIC_REPRESENTATION_CONTEXT() REPRESENTATION_CONTEXT('2D SPACE',''
  ) );
#2360 = PCURVE('',#2071,#2361);
#2361 = DEFINITIONAL_REPRESENTATION('',(#2362),#2366);
#2362 = CIRCLE('',#2363,4.995);
#2363 = AXIS2_PLACEMENT_2D('',#2364,#2365);
#2364 = CARTESIAN_POINT('',(64.74,4.999999983808));
#2365 = DIRECTION('',(1.,0.));
#2366 = ( GEOMETRIC_REPRESENTATION_CONTEXT(2) 
PARAMETRIC_REPRESENTATION_CONTEXT() REPRESENTATION_CONTEXT('2D SPACE',''
  ) );
#2367 = ADVANCED_FACE('',(#2368),#2071,.F.);
#2368 = FACE_BOUND('',#2369,.F.);
#2369 = EDGE_LOOP('',(#2370,#2391,#2410,#2411,#2412));
#2370 = ORIENTED_EDGE('',*,*,#2371,.F.);
#2371 = EDGE_CURVE('',#2372,#2299,#2374,.T.);
#2372 = VERTEX_POINT('',#2373);
#2373 = CARTESIAN_POINT('',(27.26,130.54152928343,14.04));
#2374 = SURFACE_CURVE('',#2375,(#2379,#2385),.PCURVE_S1.);
#2375 = LINE('',#2376,#2377);
#2376 = CARTESIAN_POINT('',(27.26,117.40594530408,13.275706142438));
#2377 = VECTOR('',#2378,1.);
#2378 = DIRECTION('',(0.,0.998311539311,5.808674959774E-02));
#2379 = PCURVE('',#2071,#2380);
#2380 = DEFINITIONAL_REPRESENTATION('',(#2381),#2384);
#2381 = B_SPLINE_CURVE_WITH_KNOTS('',1,(#2382,#2383),.UNSPECIFIED.,.F.,
  .F.,(2,2),(2.472500000726,16.492500000726),.PIECEWISE_BEZIER_KNOTS.);
#2382 = CARTESIAN_POINT('',(45.2,-4.024999998548));
#2383 = CARTESIAN_POINT('',(45.2,9.995000001452));
#2384 = ( GEOMETRIC_REPRESENTATION_CONTEXT(2) 
PARAMETRIC_REPRESENTATION_CONTEXT() REPRESENTATION_CONTEXT('2D SPACE',''
  ) );
#2385 = PCURVE('',#1391,#2386);
#2386 = DEFINITIONAL_REPRESENTATION('',(#2387),#2390);
#2387 = B_SPLINE_CURVE_WITH_KNOTS('',1,(#2388,#2389),.UNSPECIFIED.,.F.,
  .F.,(2,2),(2.472500000726,16.492500000726),.PIECEWISE_BEZIER_KNOTS.);
#2388 = CARTESIAN_POINT('',(58.,-8.97));
#2389 = CARTESIAN_POINT('',(58.,-22.99));
#2390 = ( GEOMETRIC_REPRESENTATION_CONTEXT(2) 
PARAMETRIC_REPRESENTATION_CONTEXT() REPRESENTATION_CONTEXT('2D SPACE',''
  ) );
#2391 = ORIENTED_EDGE('',*,*,#2392,.F.);
#2392 = EDGE_CURVE('',#2055,#2372,#2393,.T.);
#2393 = SURFACE_CURVE('',#2394,(#2398,#2404),.PCURVE_S1.);
#2394 = LINE('',#2395,#2396);
#2395 = CARTESIAN_POINT('',(-23.485,130.54152928343,14.04));
#2396 = VECTOR('',#2397,1.);
#2397 = DIRECTION('',(-1.,0.,0.));
#2398 = PCURVE('',#2071,#2399);
#2399 = DEFINITIONAL_REPRESENTATION('',(#2400),#2403);
#2400 = B_SPLINE_CURVE_WITH_KNOTS('',1,(#2401,#2402),.UNSPECIFIED.,.F.,
  .F.,(2,2),(-70.345,-50.745),.PIECEWISE_BEZIER_KNOTS.);
#2401 = CARTESIAN_POINT('',(64.8,6.660300408819));
#2402 = CARTESIAN_POINT('',(45.2,6.660300408819));
#2403 = ( GEOMETRIC_REPRESENTATION_CONTEXT(2) 
PARAMETRIC_REPRESENTATION_CONTEXT() REPRESENTATION_CONTEXT('2D SPACE',''
  ) );
#2404 = PCURVE('',#913,#2405);
#2405 = DEFINITIONAL_REPRESENTATION('',(#2406),#2409);
#2406 = B_SPLINE_CURVE_WITH_KNOTS('',1,(#2407,#2408),.UNSPECIFIED.,.F.,
  .F.,(2,2),(-70.345,-50.745),.PIECEWISE_BEZIER_KNOTS.);
#2407 = CARTESIAN_POINT('',(75.89,14.708446580527));
#2408 = CARTESIAN_POINT('',(56.29,14.708446580527));
#2409 = ( GEOMETRIC_REPRESENTATION_CONTEXT(2) 
PARAMETRIC_REPRESENTATION_CONTEXT() REPRESENTATION_CONTEXT('2D SPACE',''
  ) );
#2410 = ORIENTED_EDGE('',*,*,#2054,.T.);
#2411 = ORIENTED_EDGE('',*,*,#2346,.T.);
#2412 = ORIENTED_EDGE('',*,*,#2319,.F.);
#2413 = ADVANCED_FACE('',(#2414),#1365,.T.);
#2414 = FACE_BOUND('',#2415,.T.);
#2415 = EDGE_LOOP('',(#2416,#2417,#2418,#2419));
#2416 = ORIENTED_EDGE('',*,*,#1350,.T.);
#2417 = ORIENTED_EDGE('',*,*,#2103,.T.);
#2418 = ORIENTED_EDGE('',*,*,#2200,.F.);
#2419 = ORIENTED_EDGE('',*,*,#2420,.F.);
#2420 = EDGE_CURVE('',#1351,#2180,#2421,.T.);
#2421 = SURFACE_CURVE('',#2422,(#2426,#2432),.PCURVE_S1.);
#2422 = LINE('',#2423,#2424);
#2423 = CARTESIAN_POINT('',(27.26,123.27234543722,-44.98189941882));
#2424 = VECTOR('',#2425,1.);
#2425 = DIRECTION('',(-0.,5.808674959774E-02,-0.998311539311));
#2426 = PCURVE('',#1365,#2427);
#2427 = DEFINITIONAL_REPRESENTATION('',(#2428),#2431);
#2428 = B_SPLINE_CURVE_WITH_KNOTS('',1,(#2429,#2430),.UNSPECIFIED.,.F.,
  .F.,(2,2),(-58.5,-0.5),.PIECEWISE_BEZIER_KNOTS.);
#2429 = CARTESIAN_POINT('',(59.,295.2));
#2430 = CARTESIAN_POINT('',(1.,295.2));
#2431 = ( GEOMETRIC_REPRESENTATION_CONTEXT(2) 
PARAMETRIC_REPRESENTATION_CONTEXT() REPRESENTATION_CONTEXT('2D SPACE',''
  ) );
#2432 = PCURVE('',#1391,#2433);
#2433 = DEFINITIONAL_REPRESENTATION('',(#2434),#2437);
#2434 = B_SPLINE_CURVE_WITH_KNOTS('',1,(#2435,#2436),.UNSPECIFIED.,.F.,
  .F.,(2,2),(-58.5,-0.5),.PIECEWISE_BEZIER_KNOTS.);
#2435 = CARTESIAN_POINT('',(58.,-8.97));
#2436 = CARTESIAN_POINT('',(0.,-8.97));
#2437 = ( GEOMETRIC_REPRESENTATION_CONTEXT(2) 
PARAMETRIC_REPRESENTATION_CONTEXT() REPRESENTATION_CONTEXT('2D SPACE',''
  ) );
#2438 = ADVANCED_FACE('',(#2439),#1391,.T.);
#2439 = FACE_BOUND('',#2440,.T.);
#2440 = EDGE_LOOP('',(#2441,#2442,#2463,#2482,#2483,#2484,#2485));
#2441 = ORIENTED_EDGE('',*,*,#2371,.F.);
#2442 = ORIENTED_EDGE('',*,*,#2443,.F.);
#2443 = EDGE_CURVE('',#2444,#2372,#2446,.T.);
#2444 = VERTEX_POINT('',#2445);
#2445 = CARTESIAN_POINT('',(27.26,130.8330827029,14.04));
#2446 = SURFACE_CURVE('',#2447,(#2451,#2457),.PCURVE_S1.);
#2447 = LINE('',#2448,#2449);
#2448 = CARTESIAN_POINT('',(27.26,115.06076512885,14.04));
#2449 = VECTOR('',#2450,1.);
#2450 = DIRECTION('',(0.,-1.,0.));
#2451 = PCURVE('',#1391,#2452);
#2452 = DEFINITIONAL_REPRESENTATION('',(#2453),#2456);
#2453 = B_SPLINE_CURVE_WITH_KNOTS('',1,(#2454,#2455),.UNSPECIFIED.,.F.,
  .F.,(2,2),(-15.77231757404,-15.48076415457),.PIECEWISE_BEZIER_KNOTS.);
#2454 = CARTESIAN_POINT('',(57.983064609529,-19.94636155035));
#2455 = CARTESIAN_POINT('',(58.,-19.65530040736));
#2456 = ( GEOMETRIC_REPRESENTATION_CONTEXT(2) 
PARAMETRIC_REPRESENTATION_CONTEXT() REPRESENTATION_CONTEXT('2D SPACE',''
  ) );
#2457 = PCURVE('',#913,#2458);
#2458 = DEFINITIONAL_REPRESENTATION('',(#2459),#2462);
#2459 = B_SPLINE_CURVE_WITH_KNOTS('',1,(#2460,#2461),.UNSPECIFIED.,.F.,
  .F.,(2,2),(-15.77231757404,-15.48076415457),.PIECEWISE_BEZIER_KNOTS.);
#2460 = CARTESIAN_POINT('',(56.29,15.));
#2461 = CARTESIAN_POINT('',(56.29,14.708446580527));
#2462 = ( GEOMETRIC_REPRESENTATION_CONTEXT(2) 
PARAMETRIC_REPRESENTATION_CONTEXT() REPRESENTATION_CONTEXT('2D SPACE',''
  ) );
#2463 = ORIENTED_EDGE('',*,*,#2464,.F.);
#2464 = EDGE_CURVE('',#1377,#2444,#2465,.T.);
#2465 = SURFACE_CURVE('',#2466,(#2470,#2476),.PCURVE_S1.);
#2466 = LINE('',#2467,#2468);
#2467 = CARTESIAN_POINT('',(27.26,130.8330827029,-20.56689089653));
#2468 = VECTOR('',#2469,1.);
#2469 = DIRECTION('',(0.,-0.,1.));
#2470 = PCURVE('',#1391,#2471);
#2471 = DEFINITIONAL_REPRESENTATION('',(#2472),#2475);
#2472 = B_SPLINE_CURVE_WITH_KNOTS('',1,(#2473,#2474),.UNSPECIFIED.,.F.,
  .F.,(2,2),(24.43689089653,34.60689089653),.PIECEWISE_BEZIER_KNOTS.);
#2473 = CARTESIAN_POINT('',(47.830236254738,-19.35561930694));
#2474 = CARTESIAN_POINT('',(57.983064609529,-19.94636155035));
#2475 = ( GEOMETRIC_REPRESENTATION_CONTEXT(2) 
PARAMETRIC_REPRESENTATION_CONTEXT() REPRESENTATION_CONTEXT('2D SPACE',''
  ) );
#2476 = PCURVE('',#1418,#2477);
#2477 = DEFINITIONAL_REPRESENTATION('',(#2478),#2481);
#2478 = B_SPLINE_CURVE_WITH_KNOTS('',1,(#2479,#2480),.UNSPECIFIED.,.F.,
  .F.,(2,2),(24.43689089653,34.60689089653),.PIECEWISE_BEZIER_KNOTS.);
#2479 = CARTESIAN_POINT('',(0.,56.29));
#2480 = CARTESIAN_POINT('',(10.17,56.29));
#2481 = ( GEOMETRIC_REPRESENTATION_CONTEXT(2) 
PARAMETRIC_REPRESENTATION_CONTEXT() REPRESENTATION_CONTEXT('2D SPACE',''
  ) );
#2482 = ORIENTED_EDGE('',*,*,#1376,.T.);
#2483 = ORIENTED_EDGE('',*,*,#2420,.T.);
#2484 = ORIENTED_EDGE('',*,*,#2177,.F.);
#2485 = ORIENTED_EDGE('',*,*,#2298,.F.);
#2486 = ADVANCED_FACE('',(#2487),#1418,.F.);
#2487 = FACE_BOUND('',#2488,.F.);
#2488 = EDGE_LOOP('',(#2489,#2490,#2511,#2532));
#2489 = ORIENTED_EDGE('',*,*,#1402,.F.);
#2490 = ORIENTED_EDGE('',*,*,#2491,.T.);
#2491 = EDGE_CURVE('',#1403,#2492,#2494,.T.);
#2492 = VERTEX_POINT('',#2493);
#2493 = CARTESIAN_POINT('',(24.86,130.8330827029,14.04));
#2494 = SURFACE_CURVE('',#2495,(#2499,#2505),.PCURVE_S1.);
#2495 = LINE('',#2496,#2497);
#2496 = CARTESIAN_POINT('',(24.86,130.8330827029,-20.56689089653));
#2497 = VECTOR('',#2498,1.);
#2498 = DIRECTION('',(0.,-0.,1.));
#2499 = PCURVE('',#1418,#2500);
#2500 = DEFINITIONAL_REPRESENTATION('',(#2501),#2504);
#2501 = B_SPLINE_CURVE_WITH_KNOTS('',1,(#2502,#2503),.UNSPECIFIED.,.F.,
  .F.,(2,2),(24.43689089653,34.60689089653),.PIECEWISE_BEZIER_KNOTS.);
#2502 = CARTESIAN_POINT('',(0.,53.89));
#2503 = CARTESIAN_POINT('',(10.17,53.89));
#2504 = ( GEOMETRIC_REPRESENTATION_CONTEXT(2) 
PARAMETRIC_REPRESENTATION_CONTEXT() REPRESENTATION_CONTEXT('2D SPACE',''
  ) );
#2505 = PCURVE('',#1445,#2506);
#2506 = DEFINITIONAL_REPRESENTATION('',(#2507),#2510);
#2507 = B_SPLINE_CURVE_WITH_KNOTS('',1,(#2508,#2509),.UNSPECIFIED.,.F.,
  .F.,(2,2),(24.43689089653,34.60689089653),.PIECEWISE_BEZIER_KNOTS.);
#2508 = CARTESIAN_POINT('',(47.830236254738,-19.35561930694));
#2509 = CARTESIAN_POINT('',(57.983064609529,-19.94636155035));
#2510 = ( GEOMETRIC_REPRESENTATION_CONTEXT(2) 
PARAMETRIC_REPRESENTATION_CONTEXT() REPRESENTATION_CONTEXT('2D SPACE',''
  ) );
#2511 = ORIENTED_EDGE('',*,*,#2512,.T.);
#2512 = EDGE_CURVE('',#2492,#2444,#2513,.T.);
#2513 = SURFACE_CURVE('',#2514,(#2518,#2525),.PCURVE_S1.);
#2514 = LINE('',#2515,#2516);
#2515 = CARTESIAN_POINT('',(-29.03,130.8330827029,14.04));
#2516 = VECTOR('',#2517,1.);
#2517 = DIRECTION('',(1.,0.,-0.));
#2518 = PCURVE('',#1418,#2519);
#2519 = DEFINITIONAL_REPRESENTATION('',(#2520),#2524);
#2520 = LINE('',#2521,#2522);
#2521 = CARTESIAN_POINT('',(10.17,0.));
#2522 = VECTOR('',#2523,1.);
#2523 = DIRECTION('',(0.,1.));
#2524 = ( GEOMETRIC_REPRESENTATION_CONTEXT(2) 
PARAMETRIC_REPRESENTATION_CONTEXT() REPRESENTATION_CONTEXT('2D SPACE',''
  ) );
#2525 = PCURVE('',#913,#2526);
#2526 = DEFINITIONAL_REPRESENTATION('',(#2527),#2531);
#2527 = LINE('',#2528,#2529);
#2528 = CARTESIAN_POINT('',(0.,15.));
#2529 = VECTOR('',#2530,1.);
#2530 = DIRECTION('',(1.,0.));
#2531 = ( GEOMETRIC_REPRESENTATION_CONTEXT(2) 
PARAMETRIC_REPRESENTATION_CONTEXT() REPRESENTATION_CONTEXT('2D SPACE',''
  ) );
#2532 = ORIENTED_EDGE('',*,*,#2464,.F.);
#2533 = ADVANCED_FACE('',(#2534),#1445,.F.);
#2534 = FACE_BOUND('',#2535,.F.);
#2535 = EDGE_LOOP('',(#2536,#2564,#2583,#2584,#2585,#2606,#2632));
#2536 = ORIENTED_EDGE('',*,*,#2537,.F.);
#2537 = EDGE_CURVE('',#2538,#2540,#2542,.T.);
#2538 = VERTEX_POINT('',#2539);
#2539 = CARTESIAN_POINT('',(24.86,130.54152928343,14.04));
#2540 = VERTEX_POINT('',#2541);
#2541 = CARTESIAN_POINT('',(24.86,133.87059836689,14.233701860221));
#2542 = SURFACE_CURVE('',#2543,(#2547,#2553),.PCURVE_S1.);
#2543 = LINE('',#2544,#2545);
#2544 = CARTESIAN_POINT('',(24.86,117.40594530408,13.275706142438));
#2545 = VECTOR('',#2546,1.);
#2546 = DIRECTION('',(0.,0.998311539311,5.808674959774E-02));
#2547 = PCURVE('',#1445,#2548);
#2548 = DEFINITIONAL_REPRESENTATION('',(#2549),#2552);
#2549 = B_SPLINE_CURVE_WITH_KNOTS('',1,(#2550,#2551),.UNSPECIFIED.,.F.,
  .F.,(2,2),(2.472500000726,16.492500000726),.PIECEWISE_BEZIER_KNOTS.);
#2550 = CARTESIAN_POINT('',(58.,-8.97));
#2551 = CARTESIAN_POINT('',(58.,-22.99));
#2552 = ( GEOMETRIC_REPRESENTATION_CONTEXT(2) 
PARAMETRIC_REPRESENTATION_CONTEXT() REPRESENTATION_CONTEXT('2D SPACE',''
  ) );
#2553 = PCURVE('',#2554,#2559);
#2554 = PLANE('',#2555);
#2555 = AXIS2_PLACEMENT_3D('',#2556,#2557,#2558);
#2556 = CARTESIAN_POINT('',(-17.94,123.89247453003,13.653124797907));
#2557 = DIRECTION('',(0.,-5.808674959774E-02,0.998311539311));
#2558 = DIRECTION('',(1.,0.,0.));
#2559 = DEFINITIONAL_REPRESENTATION('',(#2560),#2563);
#2560 = B_SPLINE_CURVE_WITH_KNOTS('',1,(#2561,#2562),.UNSPECIFIED.,.F.,
  .F.,(2,2),(2.472500000726,16.492500000726),.PIECEWISE_BEZIER_KNOTS.);
#2561 = CARTESIAN_POINT('',(42.8,-4.024999998548));
#2562 = CARTESIAN_POINT('',(42.8,9.995000001452));
#2563 = ( GEOMETRIC_REPRESENTATION_CONTEXT(2) 
PARAMETRIC_REPRESENTATION_CONTEXT() REPRESENTATION_CONTEXT('2D SPACE',''
  ) );
#2564 = ORIENTED_EDGE('',*,*,#2565,.F.);
#2565 = EDGE_CURVE('',#2492,#2538,#2566,.T.);
#2566 = SURFACE_CURVE('',#2567,(#2571,#2577),.PCURVE_S1.);
#2567 = LINE('',#2568,#2569);
#2568 = CARTESIAN_POINT('',(24.86,115.06076512885,14.04));
#2569 = VECTOR('',#2570,1.);
#2570 = DIRECTION('',(0.,-1.,0.));
#2571 = PCURVE('',#1445,#2572);
#2572 = DEFINITIONAL_REPRESENTATION('',(#2573),#2576);
#2573 = B_SPLINE_CURVE_WITH_KNOTS('',1,(#2574,#2575),.UNSPECIFIED.,.F.,
  .F.,(2,2),(-15.77231757404,-15.48076415457),.PIECEWISE_BEZIER_KNOTS.);
#2574 = CARTESIAN_POINT('',(57.983064609529,-19.94636155035));
#2575 = CARTESIAN_POINT('',(58.,-19.65530040736));
#2576 = ( GEOMETRIC_REPRESENTATION_CONTEXT(2) 
PARAMETRIC_REPRESENTATION_CONTEXT() REPRESENTATION_CONTEXT('2D SPACE',''
  ) );
#2577 = PCURVE('',#913,#2578);
#2578 = DEFINITIONAL_REPRESENTATION('',(#2579),#2582);
#2579 = B_SPLINE_CURVE_WITH_KNOTS('',1,(#2580,#2581),.UNSPECIFIED.,.F.,
  .F.,(2,2),(-15.77231757404,-15.48076415457),.PIECEWISE_BEZIER_KNOTS.);
#2580 = CARTESIAN_POINT('',(53.89,15.));
#2581 = CARTESIAN_POINT('',(53.89,14.708446580527));
#2582 = ( GEOMETRIC_REPRESENTATION_CONTEXT(2) 
PARAMETRIC_REPRESENTATION_CONTEXT() REPRESENTATION_CONTEXT('2D SPACE',''
  ) );
#2583 = ORIENTED_EDGE('',*,*,#2491,.F.);
#2584 = ORIENTED_EDGE('',*,*,#1430,.T.);
#2585 = ORIENTED_EDGE('',*,*,#2586,.T.);
#2586 = EDGE_CURVE('',#1431,#2587,#2589,.T.);
#2587 = VERTEX_POINT('',#2588);
#2588 = CARTESIAN_POINT('',(24.86,120.53870396389,2.));
#2589 = SURFACE_CURVE('',#2590,(#2594,#2600),.PCURVE_S1.);
#2590 = LINE('',#2591,#2592);
#2591 = CARTESIAN_POINT('',(24.86,123.27234543722,-44.98189941882));
#2592 = VECTOR('',#2593,1.);
#2593 = DIRECTION('',(-0.,5.808674959774E-02,-0.998311539311));
#2594 = PCURVE('',#1445,#2595);
#2595 = DEFINITIONAL_REPRESENTATION('',(#2596),#2599);
#2596 = B_SPLINE_CURVE_WITH_KNOTS('',1,(#2597,#2598),.UNSPECIFIED.,.F.,
  .F.,(2,2),(-58.5,-0.5),.PIECEWISE_BEZIER_KNOTS.);
#2597 = CARTESIAN_POINT('',(58.,-8.97));
#2598 = CARTESIAN_POINT('',(0.,-8.97));
#2599 = ( GEOMETRIC_REPRESENTATION_CONTEXT(2) 
PARAMETRIC_REPRESENTATION_CONTEXT() REPRESENTATION_CONTEXT('2D SPACE',''
  ) );
#2600 = PCURVE('',#1471,#2601);
#2601 = DEFINITIONAL_REPRESENTATION('',(#2602),#2605);
#2602 = B_SPLINE_CURVE_WITH_KNOTS('',1,(#2603,#2604),.UNSPECIFIED.,.F.,
  .F.,(2,2),(-58.5,-0.5),.PIECEWISE_BEZIER_KNOTS.);
#2603 = CARTESIAN_POINT('',(59.,292.8));
#2604 = CARTESIAN_POINT('',(1.,292.8));
#2605 = ( GEOMETRIC_REPRESENTATION_CONTEXT(2) 
PARAMETRIC_REPRESENTATION_CONTEXT() REPRESENTATION_CONTEXT('2D SPACE',''
  ) );
#2606 = ORIENTED_EDGE('',*,*,#2607,.F.);
#2607 = EDGE_CURVE('',#2608,#2587,#2610,.T.);
#2608 = VERTEX_POINT('',#2609);
#2609 = CARTESIAN_POINT('',(24.86,134.58241621996,2.));
#2610 = SURFACE_CURVE('',#2611,(#2615,#2621),.PCURVE_S1.);
#2611 = LINE('',#2612,#2613);
#2612 = CARTESIAN_POINT('',(24.86,-92.85577622259,2.));
#2613 = VECTOR('',#2614,1.);
#2614 = DIRECTION('',(0.,-1.,0.));
#2615 = PCURVE('',#1445,#2616);
#2616 = DEFINITIONAL_REPRESENTATION('',(#2617),#2620);
#2617 = B_SPLINE_CURVE_WITH_KNOTS('',1,(#2618,#2619),.UNSPECIFIED.,.F.,
  .F.,(2,2),(-227.4381924425,-213.3944801864),.PIECEWISE_BEZIER_KNOTS.);
#2618 = CARTESIAN_POINT('',(45.745607079062,-22.99));
#2619 = CARTESIAN_POINT('',(46.561360676304,-8.97));
#2620 = ( GEOMETRIC_REPRESENTATION_CONTEXT(2) 
PARAMETRIC_REPRESENTATION_CONTEXT() REPRESENTATION_CONTEXT('2D SPACE',''
  ) );
#2621 = PCURVE('',#2622,#2627);
#2622 = PLANE('',#2623);
#2623 = AXIS2_PLACEMENT_3D('',#2624,#2625,#2626);
#2624 = CARTESIAN_POINT('',(-300.,-300.,2.));
#2625 = DIRECTION('',(0.,0.,1.));
#2626 = DIRECTION('',(1.,0.,-0.));
#2627 = DEFINITIONAL_REPRESENTATION('',(#2628),#2631);
#2628 = B_SPLINE_CURVE_WITH_KNOTS('',1,(#2629,#2630),.UNSPECIFIED.,.F.,
  .F.,(2,2),(-227.4381924425,-213.3944801864),.PIECEWISE_BEZIER_KNOTS.);
#2629 = CARTESIAN_POINT('',(324.86,434.58241621996));
#2630 = CARTESIAN_POINT('',(324.86,420.53870396389));
#2631 = ( GEOMETRIC_REPRESENTATION_CONTEXT(2) 
PARAMETRIC_REPRESENTATION_CONTEXT() REPRESENTATION_CONTEXT('2D SPACE',''
  ) );
#2632 = ORIENTED_EDGE('',*,*,#2633,.F.);
#2633 = EDGE_CURVE('',#2540,#2608,#2634,.T.);
#2634 = SURFACE_CURVE('',#2635,(#2639,#2645),.PCURVE_S1.);
#2635 = LINE('',#2636,#2637);
#2636 = CARTESIAN_POINT('',(24.86,137.29771659316,-44.66667895911));
#2637 = VECTOR('',#2638,1.);
#2638 = DIRECTION('',(-0.,5.808674959774E-02,-0.998311539311));
#2639 = PCURVE('',#1445,#2640);
#2640 = DEFINITIONAL_REPRESENTATION('',(#2641),#2644);
#2641 = B_SPLINE_CURVE_WITH_KNOTS('',1,(#2642,#2643),.UNSPECIFIED.,.F.,
  .F.,(2,2),(-59.,-1.),.PIECEWISE_BEZIER_KNOTS.);
#2642 = CARTESIAN_POINT('',(58.,-22.99));
#2643 = CARTESIAN_POINT('',(0.,-22.99));
#2644 = ( GEOMETRIC_REPRESENTATION_CONTEXT(2) 
PARAMETRIC_REPRESENTATION_CONTEXT() REPRESENTATION_CONTEXT('2D SPACE',''
  ) );
#2645 = PCURVE('',#2646,#2651);
#2646 = PLANE('',#2647);
#2647 = AXIS2_PLACEMENT_3D('',#2648,#2649,#2650);
#2648 = CARTESIAN_POINT('',(-82.68,137.35580334275,-45.66499049842));
#2649 = DIRECTION('',(0.,0.998311539311,5.808674959774E-02));
#2650 = DIRECTION('',(1.,0.,0.));
#2651 = DEFINITIONAL_REPRESENTATION('',(#2652),#2655);
#2652 = B_SPLINE_CURVE_WITH_KNOTS('',1,(#2653,#2654),.UNSPECIFIED.,.F.,
  .F.,(2,2),(-59.,-1.),.PIECEWISE_BEZIER_KNOTS.);
#2653 = CARTESIAN_POINT('',(107.54,-60.));
#2654 = CARTESIAN_POINT('',(107.54,-2.));
#2655 = ( GEOMETRIC_REPRESENTATION_CONTEXT(2) 
PARAMETRIC_REPRESENTATION_CONTEXT() REPRESENTATION_CONTEXT('2D SPACE',''
  ) );
#2656 = ADVANCED_FACE('',(#2657),#2622,.T.);
#2657 = FACE_BOUND('',#2658,.T.);
#2658 = EDGE_LOOP('',(#2659,#2682,#2701,#2702));
#2659 = ORIENTED_EDGE('',*,*,#2660,.T.);
#2660 = EDGE_CURVE('',#2661,#2663,#2665,.T.);
#2661 = VERTEX_POINT('',#2662);
#2662 = CARTESIAN_POINT('',(5.26,134.58241621996,2.));
#2663 = VERTEX_POINT('',#2664);
#2664 = CARTESIAN_POINT('',(5.26,120.53870396389,2.));
#2665 = SURFACE_CURVE('',#2666,(#2670,#2676),.PCURVE_S1.);
#2666 = LINE('',#2667,#2668);
#2667 = CARTESIAN_POINT('',(5.26,-92.85577622259,2.));
#2668 = VECTOR('',#2669,1.);
#2669 = DIRECTION('',(0.,-1.,0.));
#2670 = PCURVE('',#2622,#2671);
#2671 = DEFINITIONAL_REPRESENTATION('',(#2672),#2675);
#2672 = B_SPLINE_CURVE_WITH_KNOTS('',1,(#2673,#2674),.UNSPECIFIED.,.F.,
  .F.,(2,2),(-227.4381924425,-213.3944801864),.PIECEWISE_BEZIER_KNOTS.);
#2673 = CARTESIAN_POINT('',(305.26,434.58241621996));
#2674 = CARTESIAN_POINT('',(305.26,420.53870396389));
#2675 = ( GEOMETRIC_REPRESENTATION_CONTEXT(2) 
PARAMETRIC_REPRESENTATION_CONTEXT() REPRESENTATION_CONTEXT('2D SPACE',''
  ) );
#2676 = PCURVE('',#1497,#2677);
#2677 = DEFINITIONAL_REPRESENTATION('',(#2678),#2681);
#2678 = B_SPLINE_CURVE_WITH_KNOTS('',1,(#2679,#2680),.UNSPECIFIED.,.F.,
  .F.,(2,2),(-227.4381924425,-213.3944801864),.PIECEWISE_BEZIER_KNOTS.);
#2679 = CARTESIAN_POINT('',(45.745607079062,-22.99));
#2680 = CARTESIAN_POINT('',(46.561360676304,-8.97));
#2681 = ( GEOMETRIC_REPRESENTATION_CONTEXT(2) 
PARAMETRIC_REPRESENTATION_CONTEXT() REPRESENTATION_CONTEXT('2D SPACE',''
  ) );
#2682 = ORIENTED_EDGE('',*,*,#2683,.T.);
#2683 = EDGE_CURVE('',#2663,#2587,#2684,.T.);
#2684 = SURFACE_CURVE('',#2685,(#2689,#2695),.PCURVE_S1.);
#2685 = LINE('',#2686,#2687);
#2686 = CARTESIAN_POINT('',(-283.97,120.53870396389,2.));
#2687 = VECTOR('',#2688,1.);
#2688 = DIRECTION('',(1.,0.,0.));
#2689 = PCURVE('',#2622,#2690);
#2690 = DEFINITIONAL_REPRESENTATION('',(#2691),#2694);
#2691 = B_SPLINE_CURVE_WITH_KNOTS('',1,(#2692,#2693),.UNSPECIFIED.,.F.,
  .F.,(2,2),(289.23,308.83),.PIECEWISE_BEZIER_KNOTS.);
#2692 = CARTESIAN_POINT('',(305.26,420.53870396389));
#2693 = CARTESIAN_POINT('',(324.86,420.53870396389));
#2694 = ( GEOMETRIC_REPRESENTATION_CONTEXT(2) 
PARAMETRIC_REPRESENTATION_CONTEXT() REPRESENTATION_CONTEXT('2D SPACE',''
  ) );
#2695 = PCURVE('',#1471,#2696);
#2696 = DEFINITIONAL_REPRESENTATION('',(#2697),#2700);
#2697 = B_SPLINE_CURVE_WITH_KNOTS('',1,(#2698,#2699),.UNSPECIFIED.,.F.,
  .F.,(2,2),(289.23,308.83),.PIECEWISE_BEZIER_KNOTS.);
#2698 = CARTESIAN_POINT('',(47.561360676304,273.2));
#2699 = CARTESIAN_POINT('',(47.561360676304,292.8));
#2700 = ( GEOMETRIC_REPRESENTATION_CONTEXT(2) 
PARAMETRIC_REPRESENTATION_CONTEXT() REPRESENTATION_CONTEXT('2D SPACE',''
  ) );
#2701 = ORIENTED_EDGE('',*,*,#2607,.F.);
#2702 = ORIENTED_EDGE('',*,*,#2703,.F.);
#2703 = EDGE_CURVE('',#2661,#2608,#2704,.T.);
#2704 = SURFACE_CURVE('',#2705,(#2709,#2715),.PCURVE_S1.);
#2705 = LINE('',#2706,#2707);
#2706 = CARTESIAN_POINT('',(-191.34,134.58241621996,2.));
#2707 = VECTOR('',#2708,1.);
#2708 = DIRECTION('',(1.,0.,0.));
#2709 = PCURVE('',#2622,#2710);
#2710 = DEFINITIONAL_REPRESENTATION('',(#2711),#2714);
#2711 = B_SPLINE_CURVE_WITH_KNOTS('',1,(#2712,#2713),.UNSPECIFIED.,.F.,
  .F.,(2,2),(196.6,216.2),.PIECEWISE_BEZIER_KNOTS.);
#2712 = CARTESIAN_POINT('',(305.26,434.58241621996));
#2713 = CARTESIAN_POINT('',(324.86,434.58241621996));
#2714 = ( GEOMETRIC_REPRESENTATION_CONTEXT(2) 
PARAMETRIC_REPRESENTATION_CONTEXT() REPRESENTATION_CONTEXT('2D SPACE',''
  ) );
#2715 = PCURVE('',#2646,#2716);
#2716 = DEFINITIONAL_REPRESENTATION('',(#2717),#2720);
#2717 = B_SPLINE_CURVE_WITH_KNOTS('',1,(#2718,#2719),.UNSPECIFIED.,.F.,
  .F.,(2,2),(196.6,216.2),.PIECEWISE_BEZIER_KNOTS.);
#2718 = CARTESIAN_POINT('',(87.94,-47.74560707906));
#2719 = CARTESIAN_POINT('',(107.54,-47.74560707906));
#2720 = ( GEOMETRIC_REPRESENTATION_CONTEXT(2) 
PARAMETRIC_REPRESENTATION_CONTEXT() REPRESENTATION_CONTEXT('2D SPACE',''
  ) );
#2721 = ADVANCED_FACE('',(#2722),#2646,.F.);
#2722 = FACE_BOUND('',#2723,.F.);
#2723 = EDGE_LOOP('',(#2724,#2747,#2748,#2749));
#2724 = ORIENTED_EDGE('',*,*,#2725,.T.);
#2725 = EDGE_CURVE('',#2726,#2540,#2728,.T.);
#2726 = VERTEX_POINT('',#2727);
#2727 = CARTESIAN_POINT('',(5.26,133.87059836689,14.233701860221));
#2728 = SURFACE_CURVE('',#2729,(#2733,#2740),.PCURVE_S1.);
#2729 = LINE('',#2730,#2731);
#2730 = CARTESIAN_POINT('',(-17.94,133.87059836689,14.233701860221));
#2731 = VECTOR('',#2732,1.);
#2732 = DIRECTION('',(1.,0.,0.));
#2733 = PCURVE('',#2646,#2734);
#2734 = DEFINITIONAL_REPRESENTATION('',(#2735),#2739);
#2735 = LINE('',#2736,#2737);
#2736 = CARTESIAN_POINT('',(64.74,-60.));
#2737 = VECTOR('',#2738,1.);
#2738 = DIRECTION('',(1.,0.));
#2739 = ( GEOMETRIC_REPRESENTATION_CONTEXT(2) 
PARAMETRIC_REPRESENTATION_CONTEXT() REPRESENTATION_CONTEXT('2D SPACE',''
  ) );
#2740 = PCURVE('',#2554,#2741);
#2741 = DEFINITIONAL_REPRESENTATION('',(#2742),#2746);
#2742 = LINE('',#2743,#2744);
#2743 = CARTESIAN_POINT('',(-1.925420939561E-15,9.995000001452));
#2744 = VECTOR('',#2745,1.);
#2745 = DIRECTION('',(1.,0.));
#2746 = ( GEOMETRIC_REPRESENTATION_CONTEXT(2) 
PARAMETRIC_REPRESENTATION_CONTEXT() REPRESENTATION_CONTEXT('2D SPACE',''
  ) );
#2747 = ORIENTED_EDGE('',*,*,#2633,.T.);
#2748 = ORIENTED_EDGE('',*,*,#2703,.F.);
#2749 = ORIENTED_EDGE('',*,*,#2750,.F.);
#2750 = EDGE_CURVE('',#2726,#2661,#2751,.T.);
#2751 = SURFACE_CURVE('',#2752,(#2756,#2762),.PCURVE_S1.);
#2752 = LINE('',#2753,#2754);
#2753 = CARTESIAN_POINT('',(5.26,137.29771659316,-44.66667895911));
#2754 = VECTOR('',#2755,1.);
#2755 = DIRECTION('',(-0.,5.808674959774E-02,-0.998311539311));
#2756 = PCURVE('',#2646,#2757);
#2757 = DEFINITIONAL_REPRESENTATION('',(#2758),#2761);
#2758 = B_SPLINE_CURVE_WITH_KNOTS('',1,(#2759,#2760),.UNSPECIFIED.,.F.,
  .F.,(2,2),(-59.,-1.),.PIECEWISE_BEZIER_KNOTS.);
#2759 = CARTESIAN_POINT('',(87.94,-60.));
#2760 = CARTESIAN_POINT('',(87.94,-2.));
#2761 = ( GEOMETRIC_REPRESENTATION_CONTEXT(2) 
PARAMETRIC_REPRESENTATION_CONTEXT() REPRESENTATION_CONTEXT('2D SPACE',''
  ) );
#2762 = PCURVE('',#1497,#2763);
#2763 = DEFINITIONAL_REPRESENTATION('',(#2764),#2767);
#2764 = B_SPLINE_CURVE_WITH_KNOTS('',1,(#2765,#2766),.UNSPECIFIED.,.F.,
  .F.,(2,2),(-59.,-1.),.PIECEWISE_BEZIER_KNOTS.);
#2765 = CARTESIAN_POINT('',(58.,-22.99));
#2766 = CARTESIAN_POINT('',(0.,-22.99));
#2767 = ( GEOMETRIC_REPRESENTATION_CONTEXT(2) 
PARAMETRIC_REPRESENTATION_CONTEXT() REPRESENTATION_CONTEXT('2D SPACE',''
  ) );
#2768 = ADVANCED_FACE('',(#2769),#2554,.F.);
#2769 = FACE_BOUND('',#2770,.F.);
#2770 = EDGE_LOOP('',(#2771,#2792,#2811,#2812));
#2771 = ORIENTED_EDGE('',*,*,#2772,.F.);
#2772 = EDGE_CURVE('',#2773,#2726,#2775,.T.);
#2773 = VERTEX_POINT('',#2774);
#2774 = CARTESIAN_POINT('',(5.26,130.54152928343,14.04));
#2775 = SURFACE_CURVE('',#2776,(#2780,#2786),.PCURVE_S1.);
#2776 = LINE('',#2777,#2778);
#2777 = CARTESIAN_POINT('',(5.26,117.40594530408,13.275706142438));
#2778 = VECTOR('',#2779,1.);
#2779 = DIRECTION('',(0.,0.998311539311,5.808674959774E-02));
#2780 = PCURVE('',#2554,#2781);
#2781 = DEFINITIONAL_REPRESENTATION('',(#2782),#2785);
#2782 = B_SPLINE_CURVE_WITH_KNOTS('',1,(#2783,#2784),.UNSPECIFIED.,.F.,
  .F.,(2,2),(2.472500000726,16.492500000726),.PIECEWISE_BEZIER_KNOTS.);
#2783 = CARTESIAN_POINT('',(23.2,-4.024999998548));
#2784 = CARTESIAN_POINT('',(23.2,9.995000001452));
#2785 = ( GEOMETRIC_REPRESENTATION_CONTEXT(2) 
PARAMETRIC_REPRESENTATION_CONTEXT() REPRESENTATION_CONTEXT('2D SPACE',''
  ) );
#2786 = PCURVE('',#1497,#2787);
#2787 = DEFINITIONAL_REPRESENTATION('',(#2788),#2791);
#2788 = B_SPLINE_CURVE_WITH_KNOTS('',1,(#2789,#2790),.UNSPECIFIED.,.F.,
  .F.,(2,2),(2.472500000726,16.492500000726),.PIECEWISE_BEZIER_KNOTS.);
#2789 = CARTESIAN_POINT('',(58.,-8.97));
#2790 = CARTESIAN_POINT('',(58.,-22.99));
#2791 = ( GEOMETRIC_REPRESENTATION_CONTEXT(2) 
PARAMETRIC_REPRESENTATION_CONTEXT() REPRESENTATION_CONTEXT('2D SPACE',''
  ) );
#2792 = ORIENTED_EDGE('',*,*,#2793,.F.);
#2793 = EDGE_CURVE('',#2538,#2773,#2794,.T.);
#2794 = SURFACE_CURVE('',#2795,(#2799,#2805),.PCURVE_S1.);
#2795 = LINE('',#2796,#2797);
#2796 = CARTESIAN_POINT('',(-23.485,130.54152928343,14.04));
#2797 = VECTOR('',#2798,1.);
#2798 = DIRECTION('',(-1.,0.,0.));
#2799 = PCURVE('',#2554,#2800);
#2800 = DEFINITIONAL_REPRESENTATION('',(#2801),#2804);
#2801 = B_SPLINE_CURVE_WITH_KNOTS('',1,(#2802,#2803),.UNSPECIFIED.,.F.,
  .F.,(2,2),(-48.345,-28.745),.PIECEWISE_BEZIER_KNOTS.);
#2802 = CARTESIAN_POINT('',(42.8,6.660300408819));
#2803 = CARTESIAN_POINT('',(23.2,6.660300408819));
#2804 = ( GEOMETRIC_REPRESENTATION_CONTEXT(2) 
PARAMETRIC_REPRESENTATION_CONTEXT() REPRESENTATION_CONTEXT('2D SPACE',''
  ) );
#2805 = PCURVE('',#913,#2806);
#2806 = DEFINITIONAL_REPRESENTATION('',(#2807),#2810);
#2807 = B_SPLINE_CURVE_WITH_KNOTS('',1,(#2808,#2809),.UNSPECIFIED.,.F.,
  .F.,(2,2),(-48.345,-28.745),.PIECEWISE_BEZIER_KNOTS.);
#2808 = CARTESIAN_POINT('',(53.89,14.708446580527));
#2809 = CARTESIAN_POINT('',(34.29,14.708446580527));
#2810 = ( GEOMETRIC_REPRESENTATION_CONTEXT(2) 
PARAMETRIC_REPRESENTATION_CONTEXT() REPRESENTATION_CONTEXT('2D SPACE',''
  ) );
#2811 = ORIENTED_EDGE('',*,*,#2537,.T.);
#2812 = ORIENTED_EDGE('',*,*,#2725,.F.);
#2813 = ADVANCED_FACE('',(#2814),#1471,.T.);
#2814 = FACE_BOUND('',#2815,.T.);
#2815 = EDGE_LOOP('',(#2816,#2817,#2818,#2819));
#2816 = ORIENTED_EDGE('',*,*,#1456,.T.);
#2817 = ORIENTED_EDGE('',*,*,#2586,.T.);
#2818 = ORIENTED_EDGE('',*,*,#2683,.F.);
#2819 = ORIENTED_EDGE('',*,*,#2820,.F.);
#2820 = EDGE_CURVE('',#1457,#2663,#2821,.T.);
#2821 = SURFACE_CURVE('',#2822,(#2826,#2832),.PCURVE_S1.);
#2822 = LINE('',#2823,#2824);
#2823 = CARTESIAN_POINT('',(5.26,123.27234543722,-44.98189941882));
#2824 = VECTOR('',#2825,1.);
#2825 = DIRECTION('',(-0.,5.808674959774E-02,-0.998311539311));
#2826 = PCURVE('',#1471,#2827);
#2827 = DEFINITIONAL_REPRESENTATION('',(#2828),#2831);
#2828 = B_SPLINE_CURVE_WITH_KNOTS('',1,(#2829,#2830),.UNSPECIFIED.,.F.,
  .F.,(2,2),(-58.5,-0.5),.PIECEWISE_BEZIER_KNOTS.);
#2829 = CARTESIAN_POINT('',(59.,273.2));
#2830 = CARTESIAN_POINT('',(1.,273.2));
#2831 = ( GEOMETRIC_REPRESENTATION_CONTEXT(2) 
PARAMETRIC_REPRESENTATION_CONTEXT() REPRESENTATION_CONTEXT('2D SPACE',''
  ) );
#2832 = PCURVE('',#1497,#2833);
#2833 = DEFINITIONAL_REPRESENTATION('',(#2834),#2837);
#2834 = B_SPLINE_CURVE_WITH_KNOTS('',1,(#2835,#2836),.UNSPECIFIED.,.F.,
  .F.,(2,2),(-58.5,-0.5),.PIECEWISE_BEZIER_KNOTS.);
#2835 = CARTESIAN_POINT('',(58.,-8.97));
#2836 = CARTESIAN_POINT('',(0.,-8.97));
#2837 = ( GEOMETRIC_REPRESENTATION_CONTEXT(2) 
PARAMETRIC_REPRESENTATION_CONTEXT() REPRESENTATION_CONTEXT('2D SPACE',''
  ) );
#2838 = ADVANCED_FACE('',(#2839),#1497,.T.);
#2839 = FACE_BOUND('',#2840,.T.);
#2840 = EDGE_LOOP('',(#2841,#2842,#2863,#2882,#2883,#2884,#2885));
#2841 = ORIENTED_EDGE('',*,*,#2772,.F.);
#2842 = ORIENTED_EDGE('',*,*,#2843,.F.);
#2843 = EDGE_CURVE('',#2844,#2773,#2846,.T.);
#2844 = VERTEX_POINT('',#2845);
#2845 = CARTESIAN_POINT('',(5.26,130.8330827029,14.04));
#2846 = SURFACE_CURVE('',#2847,(#2851,#2857),.PCURVE_S1.);
#2847 = LINE('',#2848,#2849);
#2848 = CARTESIAN_POINT('',(5.26,115.06076512885,14.04));
#2849 = VECTOR('',#2850,1.);
#2850 = DIRECTION('',(0.,-1.,0.));
#2851 = PCURVE('',#1497,#2852);
#2852 = DEFINITIONAL_REPRESENTATION('',(#2853),#2856);
#2853 = B_SPLINE_CURVE_WITH_KNOTS('',1,(#2854,#2855),.UNSPECIFIED.,.F.,
  .F.,(2,2),(-15.77231757404,-15.48076415457),.PIECEWISE_BEZIER_KNOTS.);
#2854 = CARTESIAN_POINT('',(57.983064609529,-19.94636155035));
#2855 = CARTESIAN_POINT('',(58.,-19.65530040736));
#2856 = ( GEOMETRIC_REPRESENTATION_CONTEXT(2) 
PARAMETRIC_REPRESENTATION_CONTEXT() REPRESENTATION_CONTEXT('2D SPACE',''
  ) );
#2857 = PCURVE('',#913,#2858);
#2858 = DEFINITIONAL_REPRESENTATION('',(#2859),#2862);
#2859 = B_SPLINE_CURVE_WITH_KNOTS('',1,(#2860,#2861),.UNSPECIFIED.,.F.,
  .F.,(2,2),(-15.77231757404,-15.48076415457),.PIECEWISE_BEZIER_KNOTS.);
#2860 = CARTESIAN_POINT('',(34.29,15.));
#2861 = CARTESIAN_POINT('',(34.29,14.708446580527));
#2862 = ( GEOMETRIC_REPRESENTATION_CONTEXT(2) 
PARAMETRIC_REPRESENTATION_CONTEXT() REPRESENTATION_CONTEXT('2D SPACE',''
  ) );
#2863 = ORIENTED_EDGE('',*,*,#2864,.F.);
#2864 = EDGE_CURVE('',#1483,#2844,#2865,.T.);
#2865 = SURFACE_CURVE('',#2866,(#2870,#2876),.PCURVE_S1.);
#2866 = LINE('',#2867,#2868);
#2867 = CARTESIAN_POINT('',(5.26,130.8330827029,-20.56689089653));
#2868 = VECTOR('',#2869,1.);
#2869 = DIRECTION('',(0.,-0.,1.));
#2870 = PCURVE('',#1497,#2871);
#2871 = DEFINITIONAL_REPRESENTATION('',(#2872),#2875);
#2872 = B_SPLINE_CURVE_WITH_KNOTS('',1,(#2873,#2874),.UNSPECIFIED.,.F.,
  .F.,(2,2),(24.43689089653,34.60689089653),.PIECEWISE_BEZIER_KNOTS.);
#2873 = CARTESIAN_POINT('',(47.830236254738,-19.35561930694));
#2874 = CARTESIAN_POINT('',(57.983064609529,-19.94636155035));
#2875 = ( GEOMETRIC_REPRESENTATION_CONTEXT(2) 
PARAMETRIC_REPRESENTATION_CONTEXT() REPRESENTATION_CONTEXT('2D SPACE',''
  ) );
#2876 = PCURVE('',#1524,#2877);
#2877 = DEFINITIONAL_REPRESENTATION('',(#2878),#2881);
#2878 = B_SPLINE_CURVE_WITH_KNOTS('',1,(#2879,#2880),.UNSPECIFIED.,.F.,
  .F.,(2,2),(24.43689089653,34.60689089653),.PIECEWISE_BEZIER_KNOTS.);
#2879 = CARTESIAN_POINT('',(0.,34.29));
#2880 = CARTESIAN_POINT('',(10.17,34.29));
#2881 = ( GEOMETRIC_REPRESENTATION_CONTEXT(2) 
PARAMETRIC_REPRESENTATION_CONTEXT() REPRESENTATION_CONTEXT('2D SPACE',''
  ) );
#2882 = ORIENTED_EDGE('',*,*,#1482,.T.);
#2883 = ORIENTED_EDGE('',*,*,#2820,.T.);
#2884 = ORIENTED_EDGE('',*,*,#2660,.F.);
#2885 = ORIENTED_EDGE('',*,*,#2750,.F.);
#2886 = ADVANCED_FACE('',(#2887),#1524,.F.);
#2887 = FACE_BOUND('',#2888,.F.);
#2888 = EDGE_LOOP('',(#2889,#2890,#2911,#2932));
#2889 = ORIENTED_EDGE('',*,*,#1508,.F.);
#2890 = ORIENTED_EDGE('',*,*,#2891,.T.);
#2891 = EDGE_CURVE('',#1509,#2892,#2894,.T.);
#2892 = VERTEX_POINT('',#2893);
#2893 = CARTESIAN_POINT('',(2.86,130.8330827029,14.04));
#2894 = SURFACE_CURVE('',#2895,(#2899,#2905),.PCURVE_S1.);
#2895 = LINE('',#2896,#2897);
#2896 = CARTESIAN_POINT('',(2.86,130.8330827029,-20.56689089653));
#2897 = VECTOR('',#2898,1.);
#2898 = DIRECTION('',(0.,-0.,1.));
#2899 = PCURVE('',#1524,#2900);
#2900 = DEFINITIONAL_REPRESENTATION('',(#2901),#2904);
#2901 = B_SPLINE_CURVE_WITH_KNOTS('',1,(#2902,#2903),.UNSPECIFIED.,.F.,
  .F.,(2,2),(24.43689089653,34.60689089653),.PIECEWISE_BEZIER_KNOTS.);
#2902 = CARTESIAN_POINT('',(0.,31.89));
#2903 = CARTESIAN_POINT('',(10.17,31.89));
#2904 = ( GEOMETRIC_REPRESENTATION_CONTEXT(2) 
PARAMETRIC_REPRESENTATION_CONTEXT() REPRESENTATION_CONTEXT('2D SPACE',''
  ) );
#2905 = PCURVE('',#1551,#2906);
#2906 = DEFINITIONAL_REPRESENTATION('',(#2907),#2910);
#2907 = B_SPLINE_CURVE_WITH_KNOTS('',1,(#2908,#2909),.UNSPECIFIED.,.F.,
  .F.,(2,2),(24.43689089653,34.60689089653),.PIECEWISE_BEZIER_KNOTS.);
#2908 = CARTESIAN_POINT('',(47.830236254738,-19.35561930694));
#2909 = CARTESIAN_POINT('',(57.983064609529,-19.94636155035));
#2910 = ( GEOMETRIC_REPRESENTATION_CONTEXT(2) 
PARAMETRIC_REPRESENTATION_CONTEXT() REPRESENTATION_CONTEXT('2D SPACE',''
  ) );
#2911 = ORIENTED_EDGE('',*,*,#2912,.T.);
#2912 = EDGE_CURVE('',#2892,#2844,#2913,.T.);
#2913 = SURFACE_CURVE('',#2914,(#2918,#2925),.PCURVE_S1.);
#2914 = LINE('',#2915,#2916);
#2915 = CARTESIAN_POINT('',(-29.03,130.8330827029,14.04));
#2916 = VECTOR('',#2917,1.);
#2917 = DIRECTION('',(1.,0.,-0.));
#2918 = PCURVE('',#1524,#2919);
#2919 = DEFINITIONAL_REPRESENTATION('',(#2920),#2924);
#2920 = LINE('',#2921,#2922);
#2921 = CARTESIAN_POINT('',(10.17,0.));
#2922 = VECTOR('',#2923,1.);
#2923 = DIRECTION('',(0.,1.));
#2924 = ( GEOMETRIC_REPRESENTATION_CONTEXT(2) 
PARAMETRIC_REPRESENTATION_CONTEXT() REPRESENTATION_CONTEXT('2D SPACE',''
  ) );
#2925 = PCURVE('',#913,#2926);
#2926 = DEFINITIONAL_REPRESENTATION('',(#2927),#2931);
#2927 = LINE('',#2928,#2929);
#2928 = CARTESIAN_POINT('',(0.,15.));
#2929 = VECTOR('',#2930,1.);
#2930 = DIRECTION('',(1.,0.));
#2931 = ( GEOMETRIC_REPRESENTATION_CONTEXT(2) 
PARAMETRIC_REPRESENTATION_CONTEXT() REPRESENTATION_CONTEXT('2D SPACE',''
  ) );
#2932 = ORIENTED_EDGE('',*,*,#2864,.F.);
#2933 = ADVANCED_FACE('',(#2934),#1551,.F.);
#2934 = FACE_BOUND('',#2935,.F.);
#2935 = EDGE_LOOP('',(#2936,#2964,#2983,#2984,#2985,#3006,#3032));
#2936 = ORIENTED_EDGE('',*,*,#2937,.F.);
#2937 = EDGE_CURVE('',#2938,#2940,#2942,.T.);
#2938 = VERTEX_POINT('',#2939);
#2939 = CARTESIAN_POINT('',(2.86,130.54152928343,14.04));
#2940 = VERTEX_POINT('',#2941);
#2941 = CARTESIAN_POINT('',(2.86,133.87059836689,14.233701860221));
#2942 = SURFACE_CURVE('',#2943,(#2947,#2953),.PCURVE_S1.);
#2943 = LINE('',#2944,#2945);
#2944 = CARTESIAN_POINT('',(2.86,117.40594530408,13.275706142438));
#2945 = VECTOR('',#2946,1.);
#2946 = DIRECTION('',(0.,0.998311539311,5.808674959774E-02));
#2947 = PCURVE('',#1551,#2948);
#2948 = DEFINITIONAL_REPRESENTATION('',(#2949),#2952);
#2949 = B_SPLINE_CURVE_WITH_KNOTS('',1,(#2950,#2951),.UNSPECIFIED.,.F.,
  .F.,(2,2),(2.472500000726,16.492500000726),.PIECEWISE_BEZIER_KNOTS.);
#2950 = CARTESIAN_POINT('',(58.,-8.97));
#2951 = CARTESIAN_POINT('',(58.,-22.99));
#2952 = ( GEOMETRIC_REPRESENTATION_CONTEXT(2) 
PARAMETRIC_REPRESENTATION_CONTEXT() REPRESENTATION_CONTEXT('2D SPACE',''
  ) );
#2953 = PCURVE('',#2954,#2959);
#2954 = PLANE('',#2955);
#2955 = AXIS2_PLACEMENT_3D('',#2956,#2957,#2958);
#2956 = CARTESIAN_POINT('',(-17.94,123.89247453003,13.653124797907));
#2957 = DIRECTION('',(0.,-5.808674959774E-02,0.998311539311));
#2958 = DIRECTION('',(1.,0.,0.));
#2959 = DEFINITIONAL_REPRESENTATION('',(#2960),#2963);
#2960 = B_SPLINE_CURVE_WITH_KNOTS('',1,(#2961,#2962),.UNSPECIFIED.,.F.,
  .F.,(2,2),(2.472500000726,16.492500000726),.PIECEWISE_BEZIER_KNOTS.);
#2961 = CARTESIAN_POINT('',(20.8,-4.024999998548));
#2962 = CARTESIAN_POINT('',(20.8,9.995000001452));
#2963 = ( GEOMETRIC_REPRESENTATION_CONTEXT(2) 
PARAMETRIC_REPRESENTATION_CONTEXT() REPRESENTATION_CONTEXT('2D SPACE',''
  ) );
#2964 = ORIENTED_EDGE('',*,*,#2965,.F.);
#2965 = EDGE_CURVE('',#2892,#2938,#2966,.T.);
#2966 = SURFACE_CURVE('',#2967,(#2971,#2977),.PCURVE_S1.);
#2967 = LINE('',#2968,#2969);
#2968 = CARTESIAN_POINT('',(2.86,115.06076512885,14.04));
#2969 = VECTOR('',#2970,1.);
#2970 = DIRECTION('',(0.,-1.,0.));
#2971 = PCURVE('',#1551,#2972);
#2972 = DEFINITIONAL_REPRESENTATION('',(#2973),#2976);
#2973 = B_SPLINE_CURVE_WITH_KNOTS('',1,(#2974,#2975),.UNSPECIFIED.,.F.,
  .F.,(2,2),(-15.77231757404,-15.48076415457),.PIECEWISE_BEZIER_KNOTS.);
#2974 = CARTESIAN_POINT('',(57.983064609529,-19.94636155035));
#2975 = CARTESIAN_POINT('',(58.,-19.65530040736));
#2976 = ( GEOMETRIC_REPRESENTATION_CONTEXT(2) 
PARAMETRIC_REPRESENTATION_CONTEXT() REPRESENTATION_CONTEXT('2D SPACE',''
  ) );
#2977 = PCURVE('',#913,#2978);
#2978 = DEFINITIONAL_REPRESENTATION('',(#2979),#2982);
#2979 = B_SPLINE_CURVE_WITH_KNOTS('',1,(#2980,#2981),.UNSPECIFIED.,.F.,
  .F.,(2,2),(-15.77231757404,-15.48076415457),.PIECEWISE_BEZIER_KNOTS.);
#2980 = CARTESIAN_POINT('',(31.89,15.));
#2981 = CARTESIAN_POINT('',(31.89,14.708446580527));
#2982 = ( GEOMETRIC_REPRESENTATION_CONTEXT(2) 
PARAMETRIC_REPRESENTATION_CONTEXT() REPRESENTATION_CONTEXT('2D SPACE',''
  ) );
#2983 = ORIENTED_EDGE('',*,*,#2891,.F.);
#2984 = ORIENTED_EDGE('',*,*,#1536,.T.);
#2985 = ORIENTED_EDGE('',*,*,#2986,.T.);
#2986 = EDGE_CURVE('',#1537,#2987,#2989,.T.);
#2987 = VERTEX_POINT('',#2988);
#2988 = CARTESIAN_POINT('',(2.86,120.53870396389,2.));
#2989 = SURFACE_CURVE('',#2990,(#2994,#3000),.PCURVE_S1.);
#2990 = LINE('',#2991,#2992);
#2991 = CARTESIAN_POINT('',(2.86,123.27234543722,-44.98189941882));
#2992 = VECTOR('',#2993,1.);
#2993 = DIRECTION('',(-0.,5.808674959774E-02,-0.998311539311));
#2994 = PCURVE('',#1551,#2995);
#2995 = DEFINITIONAL_REPRESENTATION('',(#2996),#2999);
#2996 = B_SPLINE_CURVE_WITH_KNOTS('',1,(#2997,#2998),.UNSPECIFIED.,.F.,
  .F.,(2,2),(-58.5,-0.5),.PIECEWISE_BEZIER_KNOTS.);
#2997 = CARTESIAN_POINT('',(58.,-8.97));
#2998 = CARTESIAN_POINT('',(0.,-8.97));
#2999 = ( GEOMETRIC_REPRESENTATION_CONTEXT(2) 
PARAMETRIC_REPRESENTATION_CONTEXT() REPRESENTATION_CONTEXT('2D SPACE',''
  ) );
#3000 = PCURVE('',#1577,#3001);
#3001 = DEFINITIONAL_REPRESENTATION('',(#3002),#3005);
#3002 = B_SPLINE_CURVE_WITH_KNOTS('',1,(#3003,#3004),.UNSPECIFIED.,.F.,
  .F.,(2,2),(-58.5,-0.5),.PIECEWISE_BEZIER_KNOTS.);
#3003 = CARTESIAN_POINT('',(59.,270.8));
#3004 = CARTESIAN_POINT('',(1.,270.8));
#3005 = ( GEOMETRIC_REPRESENTATION_CONTEXT(2) 
PARAMETRIC_REPRESENTATION_CONTEXT() REPRESENTATION_CONTEXT('2D SPACE',''
  ) );
#3006 = ORIENTED_EDGE('',*,*,#3007,.F.);
#3007 = EDGE_CURVE('',#3008,#2987,#3010,.T.);
#3008 = VERTEX_POINT('',#3009);
#3009 = CARTESIAN_POINT('',(2.86,134.58241621996,2.));
#3010 = SURFACE_CURVE('',#3011,(#3015,#3021),.PCURVE_S1.);
#3011 = LINE('',#3012,#3013);
#3012 = CARTESIAN_POINT('',(2.86,-92.85577622259,2.));
#3013 = VECTOR('',#3014,1.);
#3014 = DIRECTION('',(0.,-1.,0.));
#3015 = PCURVE('',#1551,#3016);
#3016 = DEFINITIONAL_REPRESENTATION('',(#3017),#3020);
#3017 = B_SPLINE_CURVE_WITH_KNOTS('',1,(#3018,#3019),.UNSPECIFIED.,.F.,
  .F.,(2,2),(-227.4381924425,-213.3944801864),.PIECEWISE_BEZIER_KNOTS.);
#3018 = CARTESIAN_POINT('',(45.745607079062,-22.99));
#3019 = CARTESIAN_POINT('',(46.561360676304,-8.97));
#3020 = ( GEOMETRIC_REPRESENTATION_CONTEXT(2) 
PARAMETRIC_REPRESENTATION_CONTEXT() REPRESENTATION_CONTEXT('2D SPACE',''
  ) );
#3021 = PCURVE('',#3022,#3027);
#3022 = PLANE('',#3023);
#3023 = AXIS2_PLACEMENT_3D('',#3024,#3025,#3026);
#3024 = CARTESIAN_POINT('',(-300.,-300.,2.));
#3025 = DIRECTION('',(0.,0.,1.));
#3026 = DIRECTION('',(1.,0.,-0.));
#3027 = DEFINITIONAL_REPRESENTATION('',(#3028),#3031);
#3028 = B_SPLINE_CURVE_WITH_KNOTS('',1,(#3029,#3030),.UNSPECIFIED.,.F.,
  .F.,(2,2),(-227.4381924425,-213.3944801864),.PIECEWISE_BEZIER_KNOTS.);
#3029 = CARTESIAN_POINT('',(302.86,434.58241621996));
#3030 = CARTESIAN_POINT('',(302.86,420.53870396389));
#3031 = ( GEOMETRIC_REPRESENTATION_CONTEXT(2) 
PARAMETRIC_REPRESENTATION_CONTEXT() REPRESENTATION_CONTEXT('2D SPACE',''
  ) );
#3032 = ORIENTED_EDGE('',*,*,#3033,.F.);
#3033 = EDGE_CURVE('',#2940,#3008,#3034,.T.);
#3034 = SURFACE_CURVE('',#3035,(#3039,#3045),.PCURVE_S1.);
#3035 = LINE('',#3036,#3037);
#3036 = CARTESIAN_POINT('',(2.86,137.29771659316,-44.66667895911));
#3037 = VECTOR('',#3038,1.);
#3038 = DIRECTION('',(-0.,5.808674959774E-02,-0.998311539311));
#3039 = PCURVE('',#1551,#3040);
#3040 = DEFINITIONAL_REPRESENTATION('',(#3041),#3044);
#3041 = B_SPLINE_CURVE_WITH_KNOTS('',1,(#3042,#3043),.UNSPECIFIED.,.F.,
  .F.,(2,2),(-59.,-1.),.PIECEWISE_BEZIER_KNOTS.);
#3042 = CARTESIAN_POINT('',(58.,-22.99));
#3043 = CARTESIAN_POINT('',(0.,-22.99));
#3044 = ( GEOMETRIC_REPRESENTATION_CONTEXT(2) 
PARAMETRIC_REPRESENTATION_CONTEXT() REPRESENTATION_CONTEXT('2D SPACE',''
  ) );
#3045 = PCURVE('',#3046,#3051);
#3046 = PLANE('',#3047);
#3047 = AXIS2_PLACEMENT_3D('',#3048,#3049,#3050);
#3048 = CARTESIAN_POINT('',(-82.68,137.35580334275,-45.66499049842));
#3049 = DIRECTION('',(0.,0.998311539311,5.808674959774E-02));
#3050 = DIRECTION('',(1.,0.,0.));
#3051 = DEFINITIONAL_REPRESENTATION('',(#3052),#3055);
#3052 = B_SPLINE_CURVE_WITH_KNOTS('',1,(#3053,#3054),.UNSPECIFIED.,.F.,
  .F.,(2,2),(-59.,-1.),.PIECEWISE_BEZIER_KNOTS.);
#3053 = CARTESIAN_POINT('',(85.54,-60.));
#3054 = CARTESIAN_POINT('',(85.54,-2.));
#3055 = ( GEOMETRIC_REPRESENTATION_CONTEXT(2) 
PARAMETRIC_REPRESENTATION_CONTEXT() REPRESENTATION_CONTEXT('2D SPACE',''
  ) );
#3056 = ADVANCED_FACE('',(#3057),#3022,.T.);
#3057 = FACE_BOUND('',#3058,.T.);
#3058 = EDGE_LOOP('',(#3059,#3087,#3106,#3107));
#3059 = ORIENTED_EDGE('',*,*,#3060,.T.);
#3060 = EDGE_CURVE('',#3061,#3063,#3065,.T.);
#3061 = VERTEX_POINT('',#3062);
#3062 = CARTESIAN_POINT('',(-16.74,134.58241621996,2.));
#3063 = VERTEX_POINT('',#3064);
#3064 = CARTESIAN_POINT('',(-16.74,120.53870396389,2.));
#3065 = SURFACE_CURVE('',#3066,(#3070,#3076),.PCURVE_S1.);
#3066 = LINE('',#3067,#3068);
#3067 = CARTESIAN_POINT('',(-16.74,-92.85577622259,2.));
#3068 = VECTOR('',#3069,1.);
#3069 = DIRECTION('',(0.,-1.,0.));
#3070 = PCURVE('',#3022,#3071);
#3071 = DEFINITIONAL_REPRESENTATION('',(#3072),#3075);
#3072 = B_SPLINE_CURVE_WITH_KNOTS('',1,(#3073,#3074),.UNSPECIFIED.,.F.,
  .F.,(2,2),(-227.4381924425,-213.3944801864),.PIECEWISE_BEZIER_KNOTS.);
#3073 = CARTESIAN_POINT('',(283.26,434.58241621996));
#3074 = CARTESIAN_POINT('',(283.26,420.53870396389));
#3075 = ( GEOMETRIC_REPRESENTATION_CONTEXT(2) 
PARAMETRIC_REPRESENTATION_CONTEXT() REPRESENTATION_CONTEXT('2D SPACE',''
  ) );
#3076 = PCURVE('',#3077,#3082);
#3077 = PLANE('',#3078);
#3078 = AXIS2_PLACEMENT_3D('',#3079,#3080,#3081);
#3079 = CARTESIAN_POINT('',(-16.74,114.2884475548,-45.00378179305));
#3080 = DIRECTION('',(1.,0.,0.));
#3081 = DIRECTION('',(0.,-5.808674959774E-02,0.998311539311));
#3082 = DEFINITIONAL_REPRESENTATION('',(#3083),#3086);
#3083 = B_SPLINE_CURVE_WITH_KNOTS('',1,(#3084,#3085),.UNSPECIFIED.,.F.,
  .F.,(2,2),(-227.4381924425,-213.3944801864),.PIECEWISE_BEZIER_KNOTS.);
#3084 = CARTESIAN_POINT('',(45.745607079062,-22.99));
#3085 = CARTESIAN_POINT('',(46.561360676304,-8.97));
#3086 = ( GEOMETRIC_REPRESENTATION_CONTEXT(2) 
PARAMETRIC_REPRESENTATION_CONTEXT() REPRESENTATION_CONTEXT('2D SPACE',''
  ) );
#3087 = ORIENTED_EDGE('',*,*,#3088,.T.);
#3088 = EDGE_CURVE('',#3063,#2987,#3089,.T.);
#3089 = SURFACE_CURVE('',#3090,(#3094,#3100),.PCURVE_S1.);
#3090 = LINE('',#3091,#3092);
#3091 = CARTESIAN_POINT('',(-283.97,120.53870396389,2.));
#3092 = VECTOR('',#3093,1.);
#3093 = DIRECTION('',(1.,0.,0.));
#3094 = PCURVE('',#3022,#3095);
#3095 = DEFINITIONAL_REPRESENTATION('',(#3096),#3099);
#3096 = B_SPLINE_CURVE_WITH_KNOTS('',1,(#3097,#3098),.UNSPECIFIED.,.F.,
  .F.,(2,2),(267.23,286.83),.PIECEWISE_BEZIER_KNOTS.);
#3097 = CARTESIAN_POINT('',(283.26,420.53870396389));
#3098 = CARTESIAN_POINT('',(302.86,420.53870396389));
#3099 = ( GEOMETRIC_REPRESENTATION_CONTEXT(2) 
PARAMETRIC_REPRESENTATION_CONTEXT() REPRESENTATION_CONTEXT('2D SPACE',''
  ) );
#3100 = PCURVE('',#1577,#3101);
#3101 = DEFINITIONAL_REPRESENTATION('',(#3102),#3105);
#3102 = B_SPLINE_CURVE_WITH_KNOTS('',1,(#3103,#3104),.UNSPECIFIED.,.F.,
  .F.,(2,2),(267.23,286.83),.PIECEWISE_BEZIER_KNOTS.);
#3103 = CARTESIAN_POINT('',(47.561360676304,251.2));
#3104 = CARTESIAN_POINT('',(47.561360676304,270.8));
#3105 = ( GEOMETRIC_REPRESENTATION_CONTEXT(2) 
PARAMETRIC_REPRESENTATION_CONTEXT() REPRESENTATION_CONTEXT('2D SPACE',''
  ) );
#3106 = ORIENTED_EDGE('',*,*,#3007,.F.);
#3107 = ORIENTED_EDGE('',*,*,#3108,.F.);
#3108 = EDGE_CURVE('',#3061,#3008,#3109,.T.);
#3109 = SURFACE_CURVE('',#3110,(#3114,#3120),.PCURVE_S1.);
#3110 = LINE('',#3111,#3112);
#3111 = CARTESIAN_POINT('',(-191.34,134.58241621996,2.));
#3112 = VECTOR('',#3113,1.);
#3113 = DIRECTION('',(1.,0.,0.));
#3114 = PCURVE('',#3022,#3115);
#3115 = DEFINITIONAL_REPRESENTATION('',(#3116),#3119);
#3116 = B_SPLINE_CURVE_WITH_KNOTS('',1,(#3117,#3118),.UNSPECIFIED.,.F.,
  .F.,(2,2),(174.6,194.2),.PIECEWISE_BEZIER_KNOTS.);
#3117 = CARTESIAN_POINT('',(283.26,434.58241621996));
#3118 = CARTESIAN_POINT('',(302.86,434.58241621996));
#3119 = ( GEOMETRIC_REPRESENTATION_CONTEXT(2) 
PARAMETRIC_REPRESENTATION_CONTEXT() REPRESENTATION_CONTEXT('2D SPACE',''
  ) );
#3120 = PCURVE('',#3046,#3121);
#3121 = DEFINITIONAL_REPRESENTATION('',(#3122),#3125);
#3122 = B_SPLINE_CURVE_WITH_KNOTS('',1,(#3123,#3124),.UNSPECIFIED.,.F.,
  .F.,(2,2),(174.6,194.2),.PIECEWISE_BEZIER_KNOTS.);
#3123 = CARTESIAN_POINT('',(65.94,-47.74560707906));
#3124 = CARTESIAN_POINT('',(85.54,-47.74560707906));
#3125 = ( GEOMETRIC_REPRESENTATION_CONTEXT(2) 
PARAMETRIC_REPRESENTATION_CONTEXT() REPRESENTATION_CONTEXT('2D SPACE',''
  ) );
#3126 = ADVANCED_FACE('',(#3127),#3077,.T.);
#3127 = FACE_BOUND('',#3128,.T.);
#3128 = EDGE_LOOP('',(#3129,#3152,#3178,#3204,#3223,#3224));
#3129 = ORIENTED_EDGE('',*,*,#3130,.F.);
#3130 = EDGE_CURVE('',#3131,#3133,#3135,.T.);
#3131 = VERTEX_POINT('',#3132);
#3132 = CARTESIAN_POINT('',(-16.74,133.8506321361,14.232540125229));
#3133 = VERTEX_POINT('',#3134);
#3134 = CARTESIAN_POINT('',(-16.74,133.87059836689,14.233701860221));
#3135 = SURFACE_CURVE('',#3136,(#3140,#3146),.PCURVE_S1.);
#3136 = LINE('',#3137,#3138);
#3137 = CARTESIAN_POINT('',(-16.74,117.40594530408,13.275706142438));
#3138 = VECTOR('',#3139,1.);
#3139 = DIRECTION('',(0.,0.998311539311,5.808674959774E-02));
#3140 = PCURVE('',#3077,#3141);
#3141 = DEFINITIONAL_REPRESENTATION('',(#3142),#3145);
#3142 = B_SPLINE_CURVE_WITH_KNOTS('',1,(#3143,#3144),.UNSPECIFIED.,.F.,
  .F.,(2,2),(2.472500000726,16.492500000726),.PIECEWISE_BEZIER_KNOTS.);
#3143 = CARTESIAN_POINT('',(58.,-8.97));
#3144 = CARTESIAN_POINT('',(58.,-22.99));
#3145 = ( GEOMETRIC_REPRESENTATION_CONTEXT(2) 
PARAMETRIC_REPRESENTATION_CONTEXT() REPRESENTATION_CONTEXT('2D SPACE',''
  ) );
#3146 = PCURVE('',#2954,#3147);
#3147 = DEFINITIONAL_REPRESENTATION('',(#3148),#3151);
#3148 = B_SPLINE_CURVE_WITH_KNOTS('',1,(#3149,#3150),.UNSPECIFIED.,.F.,
  .F.,(2,2),(2.472500000726,16.492500000726),.PIECEWISE_BEZIER_KNOTS.);
#3149 = CARTESIAN_POINT('',(1.2,-4.024999998548));
#3150 = CARTESIAN_POINT('',(1.2,9.995000001452));
#3151 = ( GEOMETRIC_REPRESENTATION_CONTEXT(2) 
PARAMETRIC_REPRESENTATION_CONTEXT() REPRESENTATION_CONTEXT('2D SPACE',''
  ) );
#3152 = ORIENTED_EDGE('',*,*,#3153,.F.);
#3153 = EDGE_CURVE('',#3154,#3131,#3156,.T.);
#3154 = VERTEX_POINT('',#3155);
#3155 = CARTESIAN_POINT('',(-16.74,134.50492618294,2.987474743162));
#3156 = SURFACE_CURVE('',#3157,(#3161,#3167),.PCURVE_S1.);
#3157 = LINE('',#3158,#3159);
#3158 = CARTESIAN_POINT('',(-16.74,135.86229489786,-20.34102720581));
#3159 = VECTOR('',#3160,1.);
#3160 = DIRECTION('',(0.,-5.808674959774E-02,0.998311539311));
#3161 = PCURVE('',#3077,#3162);
#3162 = DEFINITIONAL_REPRESENTATION('',(#3163),#3166);
#3163 = B_SPLINE_CURVE_WITH_KNOTS('',1,(#3164,#3165),.UNSPECIFIED.,.F.,
  .F.,(2,2),(23.367957827158,34.632042172842),.PIECEWISE_BEZIER_KNOTS.);
#3164 = CARTESIAN_POINT('',(46.735915654315,-22.97));
#3165 = CARTESIAN_POINT('',(58.,-22.97));
#3166 = ( GEOMETRIC_REPRESENTATION_CONTEXT(2) 
PARAMETRIC_REPRESENTATION_CONTEXT() REPRESENTATION_CONTEXT('2D SPACE',''
  ) );
#3167 = PCURVE('',#3168,#3173);
#3168 = PLANE('',#3169);
#3169 = AXIS2_PLACEMENT_3D('',#3170,#3171,#3172);
#3170 = CARTESIAN_POINT('',(-29.03,134.50492618294,2.987474743162));
#3171 = DIRECTION('',(0.,0.998311539311,5.808674959774E-02));
#3172 = DIRECTION('',(0.,-5.808674959774E-02,0.998311539311));
#3173 = DEFINITIONAL_REPRESENTATION('',(#3174),#3177);
#3174 = B_SPLINE_CURVE_WITH_KNOTS('',1,(#3175,#3176),.UNSPECIFIED.,.F.,
  .F.,(2,2),(23.367957827158,34.632042172842),.PIECEWISE_BEZIER_KNOTS.);
#3175 = CARTESIAN_POINT('',(0.,12.29));
#3176 = CARTESIAN_POINT('',(11.264084345685,12.29));
#3177 = ( GEOMETRIC_REPRESENTATION_CONTEXT(2) 
PARAMETRIC_REPRESENTATION_CONTEXT() REPRESENTATION_CONTEXT('2D SPACE',''
  ) );
#3178 = ORIENTED_EDGE('',*,*,#3179,.T.);
#3179 = EDGE_CURVE('',#3154,#3180,#3182,.T.);
#3180 = VERTEX_POINT('',#3181);
#3181 = CARTESIAN_POINT('',(-16.74,120.52856463259,2.174260248793));
#3182 = SURFACE_CURVE('',#3183,(#3187,#3193),.PCURVE_S1.);
#3183 = LINE('',#3184,#3185);
#3184 = CARTESIAN_POINT('',(-16.74,113.5553585305,1.768524302853));
#3185 = VECTOR('',#3186,1.);
#3186 = DIRECTION('',(0.,-0.998311539311,-5.808674959774E-02));
#3187 = PCURVE('',#3077,#3188);
#3188 = DEFINITIONAL_REPRESENTATION('',(#3189),#3192);
#3189 = B_SPLINE_CURVE_WITH_KNOTS('',1,(#3190,#3191),.UNSPECIFIED.,.F.,
  .F.,(2,2),(-20.985,-6.985),.PIECEWISE_BEZIER_KNOTS.);
#3190 = CARTESIAN_POINT('',(46.735915654315,-22.97));
#3191 = CARTESIAN_POINT('',(46.735915654315,-8.97));
#3192 = ( GEOMETRIC_REPRESENTATION_CONTEXT(2) 
PARAMETRIC_REPRESENTATION_CONTEXT() REPRESENTATION_CONTEXT('2D SPACE',''
  ) );
#3193 = PCURVE('',#3194,#3199);
#3194 = PLANE('',#3195);
#3195 = AXIS2_PLACEMENT_3D('',#3196,#3197,#3198);
#3196 = CARTESIAN_POINT('',(-29.03,115.53700693603,1.883826500805));
#3197 = DIRECTION('',(0.,-5.808674959774E-02,0.998311539311));
#3198 = DIRECTION('',(1.,0.,0.));
#3199 = DEFINITIONAL_REPRESENTATION('',(#3200),#3203);
#3200 = B_SPLINE_CURVE_WITH_KNOTS('',1,(#3201,#3202),.UNSPECIFIED.,.F.,
  .F.,(2,2),(-20.985,-6.985),.PIECEWISE_BEZIER_KNOTS.);
#3201 = CARTESIAN_POINT('',(12.29,19.));
#3202 = CARTESIAN_POINT('',(12.29,5.));
#3203 = ( GEOMETRIC_REPRESENTATION_CONTEXT(2) 
PARAMETRIC_REPRESENTATION_CONTEXT() REPRESENTATION_CONTEXT('2D SPACE',''
  ) );
#3204 = ORIENTED_EDGE('',*,*,#3205,.T.);
#3205 = EDGE_CURVE('',#3180,#3063,#3206,.T.);
#3206 = SURFACE_CURVE('',#3207,(#3211,#3217),.PCURVE_S1.);
#3207 = LINE('',#3208,#3209);
#3208 = CARTESIAN_POINT('',(-16.74,123.27234543722,-44.98189941882));
#3209 = VECTOR('',#3210,1.);
#3210 = DIRECTION('',(-0.,5.808674959774E-02,-0.998311539311));
#3211 = PCURVE('',#3077,#3212);
#3212 = DEFINITIONAL_REPRESENTATION('',(#3213),#3216);
#3213 = B_SPLINE_CURVE_WITH_KNOTS('',1,(#3214,#3215),.UNSPECIFIED.,.F.,
  .F.,(2,2),(-58.5,-0.5),.PIECEWISE_BEZIER_KNOTS.);
#3214 = CARTESIAN_POINT('',(58.,-8.97));
#3215 = CARTESIAN_POINT('',(0.,-8.97));
#3216 = ( GEOMETRIC_REPRESENTATION_CONTEXT(2) 
PARAMETRIC_REPRESENTATION_CONTEXT() REPRESENTATION_CONTEXT('2D SPACE',''
  ) );
#3217 = PCURVE('',#1577,#3218);
#3218 = DEFINITIONAL_REPRESENTATION('',(#3219),#3222);
#3219 = B_SPLINE_CURVE_WITH_KNOTS('',1,(#3220,#3221),.UNSPECIFIED.,.F.,
  .F.,(2,2),(-58.5,-0.5),.PIECEWISE_BEZIER_KNOTS.);
#3220 = CARTESIAN_POINT('',(59.,251.2));
#3221 = CARTESIAN_POINT('',(1.,251.2));
#3222 = ( GEOMETRIC_REPRESENTATION_CONTEXT(2) 
PARAMETRIC_REPRESENTATION_CONTEXT() REPRESENTATION_CONTEXT('2D SPACE',''
  ) );
#3223 = ORIENTED_EDGE('',*,*,#3060,.F.);
#3224 = ORIENTED_EDGE('',*,*,#3225,.F.);
#3225 = EDGE_CURVE('',#3133,#3061,#3226,.T.);
#3226 = SURFACE_CURVE('',#3227,(#3231,#3237),.PCURVE_S1.);
#3227 = LINE('',#3228,#3229);
#3228 = CARTESIAN_POINT('',(-16.74,137.29771659316,-44.66667895911));
#3229 = VECTOR('',#3230,1.);
#3230 = DIRECTION('',(-0.,5.808674959774E-02,-0.998311539311));
#3231 = PCURVE('',#3077,#3232);
#3232 = DEFINITIONAL_REPRESENTATION('',(#3233),#3236);
#3233 = B_SPLINE_CURVE_WITH_KNOTS('',1,(#3234,#3235),.UNSPECIFIED.,.F.,
  .F.,(2,2),(-59.,-1.),.PIECEWISE_BEZIER_KNOTS.);
#3234 = CARTESIAN_POINT('',(58.,-22.99));
#3235 = CARTESIAN_POINT('',(0.,-22.99));
#3236 = ( GEOMETRIC_REPRESENTATION_CONTEXT(2) 
PARAMETRIC_REPRESENTATION_CONTEXT() REPRESENTATION_CONTEXT('2D SPACE',''
  ) );
#3237 = PCURVE('',#3046,#3238);
#3238 = DEFINITIONAL_REPRESENTATION('',(#3239),#3242);
#3239 = B_SPLINE_CURVE_WITH_KNOTS('',1,(#3240,#3241),.UNSPECIFIED.,.F.,
  .F.,(2,2),(-59.,-1.),.PIECEWISE_BEZIER_KNOTS.);
#3240 = CARTESIAN_POINT('',(65.94,-60.));
#3241 = CARTESIAN_POINT('',(65.94,-2.));
#3242 = ( GEOMETRIC_REPRESENTATION_CONTEXT(2) 
PARAMETRIC_REPRESENTATION_CONTEXT() REPRESENTATION_CONTEXT('2D SPACE',''
  ) );
#3243 = ADVANCED_FACE('',(#3244),#3168,.F.);
#3244 = FACE_BOUND('',#3245,.F.);
#3245 = EDGE_LOOP('',(#3246,#3269,#3295,#3321,#3349,#3370,#3398,#3417));
#3246 = ORIENTED_EDGE('',*,*,#3247,.F.);
#3247 = EDGE_CURVE('',#3248,#3154,#3250,.T.);
#3248 = VERTEX_POINT('',#3249);
#3249 = CARTESIAN_POINT('',(-19.14,134.50492618294,2.987474743162));
#3250 = SURFACE_CURVE('',#3251,(#3255,#3262),.PCURVE_S1.);
#3251 = LINE('',#3252,#3253);
#3252 = CARTESIAN_POINT('',(-29.03,134.50492618294,2.987474743162));
#3253 = VECTOR('',#3254,1.);
#3254 = DIRECTION('',(1.,0.,0.));
#3255 = PCURVE('',#3168,#3256);
#3256 = DEFINITIONAL_REPRESENTATION('',(#3257),#3261);
#3257 = LINE('',#3258,#3259);
#3258 = CARTESIAN_POINT('',(0.,0.));
#3259 = VECTOR('',#3260,1.);
#3260 = DIRECTION('',(0.,1.));
#3261 = ( GEOMETRIC_REPRESENTATION_CONTEXT(2) 
PARAMETRIC_REPRESENTATION_CONTEXT() REPRESENTATION_CONTEXT('2D SPACE',''
  ) );
#3262 = PCURVE('',#3194,#3263);
#3263 = DEFINITIONAL_REPRESENTATION('',(#3264),#3268);
#3264 = LINE('',#3265,#3266);
#3265 = CARTESIAN_POINT('',(0.,19.));
#3266 = VECTOR('',#3267,1.);
#3267 = DIRECTION('',(1.,0.));
#3268 = ( GEOMETRIC_REPRESENTATION_CONTEXT(2) 
PARAMETRIC_REPRESENTATION_CONTEXT() REPRESENTATION_CONTEXT('2D SPACE',''
  ) );
#3269 = ORIENTED_EDGE('',*,*,#3270,.T.);
#3270 = EDGE_CURVE('',#3248,#3271,#3273,.T.);
#3271 = VERTEX_POINT('',#3272);
#3272 = CARTESIAN_POINT('',(-19.14,133.8506321361,14.232540125229));
#3273 = SURFACE_CURVE('',#3274,(#3278,#3284),.PCURVE_S1.);
#3274 = LINE('',#3275,#3276);
#3275 = CARTESIAN_POINT('',(-19.14,135.86229489786,-20.34102720581));
#3276 = VECTOR('',#3277,1.);
#3277 = DIRECTION('',(0.,-5.808674959774E-02,0.998311539311));
#3278 = PCURVE('',#3168,#3279);
#3279 = DEFINITIONAL_REPRESENTATION('',(#3280),#3283);
#3280 = B_SPLINE_CURVE_WITH_KNOTS('',1,(#3281,#3282),.UNSPECIFIED.,.F.,
  .F.,(2,2),(23.367957827158,34.632042172842),.PIECEWISE_BEZIER_KNOTS.);
#3281 = CARTESIAN_POINT('',(0.,9.89));
#3282 = CARTESIAN_POINT('',(11.264084345685,9.89));
#3283 = ( GEOMETRIC_REPRESENTATION_CONTEXT(2) 
PARAMETRIC_REPRESENTATION_CONTEXT() REPRESENTATION_CONTEXT('2D SPACE',''
  ) );
#3284 = PCURVE('',#3285,#3290);
#3285 = PLANE('',#3286);
#3286 = AXIS2_PLACEMENT_3D('',#3287,#3288,#3289);
#3287 = CARTESIAN_POINT('',(-19.14,114.2884475548,-45.00378179305));
#3288 = DIRECTION('',(1.,0.,0.));
#3289 = DIRECTION('',(0.,-5.808674959774E-02,0.998311539311));
#3290 = DEFINITIONAL_REPRESENTATION('',(#3291),#3294);
#3291 = B_SPLINE_CURVE_WITH_KNOTS('',1,(#3292,#3293),.UNSPECIFIED.,.F.,
  .F.,(2,2),(23.367957827158,34.632042172842),.PIECEWISE_BEZIER_KNOTS.);
#3292 = CARTESIAN_POINT('',(46.735915654315,-22.97));
#3293 = CARTESIAN_POINT('',(58.,-22.97));
#3294 = ( GEOMETRIC_REPRESENTATION_CONTEXT(2) 
PARAMETRIC_REPRESENTATION_CONTEXT() REPRESENTATION_CONTEXT('2D SPACE',''
  ) );
#3295 = ORIENTED_EDGE('',*,*,#3296,.T.);
#3296 = EDGE_CURVE('',#3271,#3297,#3299,.T.);
#3297 = VERTEX_POINT('',#3298);
#3298 = CARTESIAN_POINT('',(-29.03,133.8506321361,14.232540125229));
#3299 = SURFACE_CURVE('',#3300,(#3304,#3310),.PCURVE_S1.);
#3300 = LINE('',#3301,#3302);
#3301 = CARTESIAN_POINT('',(-23.485,133.8506321361,14.232540125229));
#3302 = VECTOR('',#3303,1.);
#3303 = DIRECTION('',(-1.,0.,0.));
#3304 = PCURVE('',#3168,#3305);
#3305 = DEFINITIONAL_REPRESENTATION('',(#3306),#3309);
#3306 = B_SPLINE_CURVE_WITH_KNOTS('',1,(#3307,#3308),.UNSPECIFIED.,.F.,
  .F.,(2,2),(-4.345,5.545),.PIECEWISE_BEZIER_KNOTS.);
#3307 = CARTESIAN_POINT('',(11.264084345685,9.89));
#3308 = CARTESIAN_POINT('',(11.264084345685,0.));
#3309 = ( GEOMETRIC_REPRESENTATION_CONTEXT(2) 
PARAMETRIC_REPRESENTATION_CONTEXT() REPRESENTATION_CONTEXT('2D SPACE',''
  ) );
#3310 = PCURVE('',#3311,#3316);
#3311 = PLANE('',#3312);
#3312 = AXIS2_PLACEMENT_3D('',#3313,#3314,#3315);
#3313 = CARTESIAN_POINT('',(-17.94,123.89247453003,13.653124797907));
#3314 = DIRECTION('',(0.,-5.808674959774E-02,0.998311539311));
#3315 = DIRECTION('',(1.,0.,0.));
#3316 = DEFINITIONAL_REPRESENTATION('',(#3317),#3320);
#3317 = B_SPLINE_CURVE_WITH_KNOTS('',1,(#3318,#3319),.UNSPECIFIED.,.F.,
  .F.,(2,2),(-4.345,5.545),.PIECEWISE_BEZIER_KNOTS.);
#3318 = CARTESIAN_POINT('',(-1.2,9.975000001452));
#3319 = CARTESIAN_POINT('',(-11.09,9.975000001452));
#3320 = ( GEOMETRIC_REPRESENTATION_CONTEXT(2) 
PARAMETRIC_REPRESENTATION_CONTEXT() REPRESENTATION_CONTEXT('2D SPACE',''
  ) );
#3321 = ORIENTED_EDGE('',*,*,#3322,.T.);
#3322 = EDGE_CURVE('',#3297,#3323,#3325,.T.);
#3323 = VERTEX_POINT('',#3324);
#3324 = CARTESIAN_POINT('',(-29.03,133.67637188731,17.227474743162));
#3325 = SURFACE_CURVE('',#3326,(#3330,#3337),.PCURVE_S1.);
#3326 = LINE('',#3327,#3328);
#3327 = CARTESIAN_POINT('',(-29.03,134.50492618294,2.987474743162));
#3328 = VECTOR('',#3329,1.);
#3329 = DIRECTION('',(0.,-5.808674959774E-02,0.998311539311));
#3330 = PCURVE('',#3168,#3331);
#3331 = DEFINITIONAL_REPRESENTATION('',(#3332),#3336);
#3332 = LINE('',#3333,#3334);
#3333 = CARTESIAN_POINT('',(0.,0.));
#3334 = VECTOR('',#3335,1.);
#3335 = DIRECTION('',(1.,0.));
#3336 = ( GEOMETRIC_REPRESENTATION_CONTEXT(2) 
PARAMETRIC_REPRESENTATION_CONTEXT() REPRESENTATION_CONTEXT('2D SPACE',''
  ) );
#3337 = PCURVE('',#3338,#3343);
#3338 = PLANE('',#3339);
#3339 = AXIS2_PLACEMENT_3D('',#3340,#3341,#3342);
#3340 = CARTESIAN_POINT('',(-29.03,115.53700693603,1.883826500805));
#3341 = DIRECTION('',(1.,0.,0.));
#3342 = DIRECTION('',(0.,-5.808674959774E-02,0.998311539311));
#3343 = DEFINITIONAL_REPRESENTATION('',(#3344),#3348);
#3344 = LINE('',#3345,#3346);
#3345 = CARTESIAN_POINT('',(6.441840677328E-16,-19.));
#3346 = VECTOR('',#3347,1.);
#3347 = DIRECTION('',(1.,1.876410216124E-18));
#3348 = ( GEOMETRIC_REPRESENTATION_CONTEXT(2) 
PARAMETRIC_REPRESENTATION_CONTEXT() REPRESENTATION_CONTEXT('2D SPACE',''
  ) );
#3349 = ORIENTED_EDGE('',*,*,#3350,.F.);
#3350 = EDGE_CURVE('',#3351,#3323,#3353,.T.);
#3351 = VERTEX_POINT('',#3352);
#3352 = CARTESIAN_POINT('',(0.97,133.67637188731,17.227474743162));
#3353 = SURFACE_CURVE('',#3354,(#3358,#3364),.PCURVE_S1.);
#3354 = LINE('',#3355,#3356);
#3355 = CARTESIAN_POINT('',(-23.485,133.67637188731,17.227474743162));
#3356 = VECTOR('',#3357,1.);
#3357 = DIRECTION('',(-1.,0.,0.));
#3358 = PCURVE('',#3168,#3359);
#3359 = DEFINITIONAL_REPRESENTATION('',(#3360),#3363);
#3360 = B_SPLINE_CURVE_WITH_KNOTS('',1,(#3361,#3362),.UNSPECIFIED.,.F.,
  .F.,(2,2),(-24.455,5.545),.PIECEWISE_BEZIER_KNOTS.);
#3361 = CARTESIAN_POINT('',(14.264084345685,30.));
#3362 = CARTESIAN_POINT('',(14.264084345685,0.));
#3363 = ( GEOMETRIC_REPRESENTATION_CONTEXT(2) 
PARAMETRIC_REPRESENTATION_CONTEXT() REPRESENTATION_CONTEXT('2D SPACE',''
  ) );
#3364 = PCURVE('',#126,#3365);
#3365 = DEFINITIONAL_REPRESENTATION('',(#3366),#3369);
#3366 = B_SPLINE_CURVE_WITH_KNOTS('',1,(#3367,#3368),.UNSPECIFIED.,.F.,
  .F.,(2,2),(-24.455,5.545),.PIECEWISE_BEZIER_KNOTS.);
#3367 = CARTESIAN_POINT('',(18.91,9.975000000566));
#3368 = CARTESIAN_POINT('',(-11.09,9.975000000566));
#3369 = ( GEOMETRIC_REPRESENTATION_CONTEXT(2) 
PARAMETRIC_REPRESENTATION_CONTEXT() REPRESENTATION_CONTEXT('2D SPACE',''
  ) );
#3370 = ORIENTED_EDGE('',*,*,#3371,.F.);
#3371 = EDGE_CURVE('',#3372,#3351,#3374,.T.);
#3372 = VERTEX_POINT('',#3373);
#3373 = CARTESIAN_POINT('',(0.97,133.8506321361,14.232540125229));
#3374 = SURFACE_CURVE('',#3375,(#3379,#3386),.PCURVE_S1.);
#3375 = LINE('',#3376,#3377);
#3376 = CARTESIAN_POINT('',(0.97,134.50492618294,2.987474743162));
#3377 = VECTOR('',#3378,1.);
#3378 = DIRECTION('',(0.,-5.808674959774E-02,0.998311539311));
#3379 = PCURVE('',#3168,#3380);
#3380 = DEFINITIONAL_REPRESENTATION('',(#3381),#3385);
#3381 = LINE('',#3382,#3383);
#3382 = CARTESIAN_POINT('',(0.,30.));
#3383 = VECTOR('',#3384,1.);
#3384 = DIRECTION('',(1.,0.));
#3385 = ( GEOMETRIC_REPRESENTATION_CONTEXT(2) 
PARAMETRIC_REPRESENTATION_CONTEXT() REPRESENTATION_CONTEXT('2D SPACE',''
  ) );
#3386 = PCURVE('',#3387,#3392);
#3387 = PLANE('',#3388);
#3388 = AXIS2_PLACEMENT_3D('',#3389,#3390,#3391);
#3389 = CARTESIAN_POINT('',(0.97,115.53700693603,1.883826500805));
#3390 = DIRECTION('',(1.,0.,0.));
#3391 = DIRECTION('',(0.,-5.808674959774E-02,0.998311539311));
#3392 = DEFINITIONAL_REPRESENTATION('',(#3393),#3397);
#3393 = LINE('',#3394,#3395);
#3394 = CARTESIAN_POINT('',(0.,-19.));
#3395 = VECTOR('',#3396,1.);
#3396 = DIRECTION('',(1.,0.));
#3397 = ( GEOMETRIC_REPRESENTATION_CONTEXT(2) 
PARAMETRIC_REPRESENTATION_CONTEXT() REPRESENTATION_CONTEXT('2D SPACE',''
  ) );
#3398 = ORIENTED_EDGE('',*,*,#3399,.T.);
#3399 = EDGE_CURVE('',#3372,#3131,#3400,.T.);
#3400 = SURFACE_CURVE('',#3401,(#3405,#3411),.PCURVE_S1.);
#3401 = LINE('',#3402,#3403);
#3402 = CARTESIAN_POINT('',(-23.485,133.8506321361,14.232540125229));
#3403 = VECTOR('',#3404,1.);
#3404 = DIRECTION('',(-1.,0.,0.));
#3405 = PCURVE('',#3168,#3406);
#3406 = DEFINITIONAL_REPRESENTATION('',(#3407),#3410);
#3407 = B_SPLINE_CURVE_WITH_KNOTS('',1,(#3408,#3409),.UNSPECIFIED.,.F.,
  .F.,(2,2),(-24.455,-6.745),.PIECEWISE_BEZIER_KNOTS.);
#3408 = CARTESIAN_POINT('',(11.264084345685,30.));
#3409 = CARTESIAN_POINT('',(11.264084345685,12.29));
#3410 = ( GEOMETRIC_REPRESENTATION_CONTEXT(2) 
PARAMETRIC_REPRESENTATION_CONTEXT() REPRESENTATION_CONTEXT('2D SPACE',''
  ) );
#3411 = PCURVE('',#2954,#3412);
#3412 = DEFINITIONAL_REPRESENTATION('',(#3413),#3416);
#3413 = B_SPLINE_CURVE_WITH_KNOTS('',1,(#3414,#3415),.UNSPECIFIED.,.F.,
  .F.,(2,2),(-24.455,-6.745),.PIECEWISE_BEZIER_KNOTS.);
#3414 = CARTESIAN_POINT('',(18.91,9.975000001452));
#3415 = CARTESIAN_POINT('',(1.2,9.975000001452));
#3416 = ( GEOMETRIC_REPRESENTATION_CONTEXT(2) 
PARAMETRIC_REPRESENTATION_CONTEXT() REPRESENTATION_CONTEXT('2D SPACE',''
  ) );
#3417 = ORIENTED_EDGE('',*,*,#3153,.F.);
#3418 = ADVANCED_FACE('',(#3419),#3285,.F.);
#3419 = FACE_BOUND('',#3420,.F.);
#3420 = EDGE_LOOP('',(#3421,#3442,#3443,#3464,#3490,#3516));
#3421 = ORIENTED_EDGE('',*,*,#3422,.F.);
#3422 = EDGE_CURVE('',#3271,#3423,#3425,.T.);
#3423 = VERTEX_POINT('',#3424);
#3424 = CARTESIAN_POINT('',(-19.14,133.87059836689,14.233701860221));
#3425 = SURFACE_CURVE('',#3426,(#3430,#3436),.PCURVE_S1.);
#3426 = LINE('',#3427,#3428);
#3427 = CARTESIAN_POINT('',(-19.14,117.40594530408,13.275706142438));
#3428 = VECTOR('',#3429,1.);
#3429 = DIRECTION('',(0.,0.998311539311,5.808674959774E-02));
#3430 = PCURVE('',#3285,#3431);
#3431 = DEFINITIONAL_REPRESENTATION('',(#3432),#3435);
#3432 = B_SPLINE_CURVE_WITH_KNOTS('',1,(#3433,#3434),.UNSPECIFIED.,.F.,
  .F.,(2,2),(2.472500000726,16.492500000726),.PIECEWISE_BEZIER_KNOTS.);
#3433 = CARTESIAN_POINT('',(58.,-8.97));
#3434 = CARTESIAN_POINT('',(58.,-22.99));
#3435 = ( GEOMETRIC_REPRESENTATION_CONTEXT(2) 
PARAMETRIC_REPRESENTATION_CONTEXT() REPRESENTATION_CONTEXT('2D SPACE',''
  ) );
#3436 = PCURVE('',#3311,#3437);
#3437 = DEFINITIONAL_REPRESENTATION('',(#3438),#3441);
#3438 = B_SPLINE_CURVE_WITH_KNOTS('',1,(#3439,#3440),.UNSPECIFIED.,.F.,
  .F.,(2,2),(2.472500000726,16.492500000726),.PIECEWISE_BEZIER_KNOTS.);
#3439 = CARTESIAN_POINT('',(-1.2,-4.024999998548));
#3440 = CARTESIAN_POINT('',(-1.2,9.995000001452));
#3441 = ( GEOMETRIC_REPRESENTATION_CONTEXT(2) 
PARAMETRIC_REPRESENTATION_CONTEXT() REPRESENTATION_CONTEXT('2D SPACE',''
  ) );
#3442 = ORIENTED_EDGE('',*,*,#3270,.F.);
#3443 = ORIENTED_EDGE('',*,*,#3444,.T.);
#3444 = EDGE_CURVE('',#3248,#3445,#3447,.T.);
#3445 = VERTEX_POINT('',#3446);
#3446 = CARTESIAN_POINT('',(-19.14,120.52856463259,2.174260248793));
#3447 = SURFACE_CURVE('',#3448,(#3452,#3458),.PCURVE_S1.);
#3448 = LINE('',#3449,#3450);
#3449 = CARTESIAN_POINT('',(-19.14,113.5553585305,1.768524302853));
#3450 = VECTOR('',#3451,1.);
#3451 = DIRECTION('',(0.,-0.998311539311,-5.808674959774E-02));
#3452 = PCURVE('',#3285,#3453);
#3453 = DEFINITIONAL_REPRESENTATION('',(#3454),#3457);
#3454 = B_SPLINE_CURVE_WITH_KNOTS('',1,(#3455,#3456),.UNSPECIFIED.,.F.,
  .F.,(2,2),(-20.985,-6.985),.PIECEWISE_BEZIER_KNOTS.);
#3455 = CARTESIAN_POINT('',(46.735915654315,-22.97));
#3456 = CARTESIAN_POINT('',(46.735915654315,-8.97));
#3457 = ( GEOMETRIC_REPRESENTATION_CONTEXT(2) 
PARAMETRIC_REPRESENTATION_CONTEXT() REPRESENTATION_CONTEXT('2D SPACE',''
  ) );
#3458 = PCURVE('',#3194,#3459);
#3459 = DEFINITIONAL_REPRESENTATION('',(#3460),#3463);
#3460 = B_SPLINE_CURVE_WITH_KNOTS('',1,(#3461,#3462),.UNSPECIFIED.,.F.,
  .F.,(2,2),(-20.985,-6.985),.PIECEWISE_BEZIER_KNOTS.);
#3461 = CARTESIAN_POINT('',(9.89,19.));
#3462 = CARTESIAN_POINT('',(9.89,5.));
#3463 = ( GEOMETRIC_REPRESENTATION_CONTEXT(2) 
PARAMETRIC_REPRESENTATION_CONTEXT() REPRESENTATION_CONTEXT('2D SPACE',''
  ) );
#3464 = ORIENTED_EDGE('',*,*,#3465,.T.);
#3465 = EDGE_CURVE('',#3445,#3466,#3468,.T.);
#3466 = VERTEX_POINT('',#3467);
#3467 = CARTESIAN_POINT('',(-19.14,120.53870396389,2.));
#3468 = SURFACE_CURVE('',#3469,(#3473,#3479),.PCURVE_S1.);
#3469 = LINE('',#3470,#3471);
#3470 = CARTESIAN_POINT('',(-19.14,123.27234543722,-44.98189941882));
#3471 = VECTOR('',#3472,1.);
#3472 = DIRECTION('',(-0.,5.808674959774E-02,-0.998311539311));
#3473 = PCURVE('',#3285,#3474);
#3474 = DEFINITIONAL_REPRESENTATION('',(#3475),#3478);
#3475 = B_SPLINE_CURVE_WITH_KNOTS('',1,(#3476,#3477),.UNSPECIFIED.,.F.,
  .F.,(2,2),(-58.5,-0.5),.PIECEWISE_BEZIER_KNOTS.);
#3476 = CARTESIAN_POINT('',(58.,-8.97));
#3477 = CARTESIAN_POINT('',(0.,-8.97));
#3478 = ( GEOMETRIC_REPRESENTATION_CONTEXT(2) 
PARAMETRIC_REPRESENTATION_CONTEXT() REPRESENTATION_CONTEXT('2D SPACE',''
  ) );
#3479 = PCURVE('',#3480,#3485);
#3480 = PLANE('',#3481);
#3481 = AXIS2_PLACEMENT_3D('',#3482,#3483,#3484);
#3482 = CARTESIAN_POINT('',(-267.94,123.30138881202,-45.48105518847));
#3483 = DIRECTION('',(0.,0.998311539311,5.808674959774E-02));
#3484 = DIRECTION('',(0.,-5.808674959774E-02,0.998311539311));
#3485 = DEFINITIONAL_REPRESENTATION('',(#3486),#3489);
#3486 = B_SPLINE_CURVE_WITH_KNOTS('',1,(#3487,#3488),.UNSPECIFIED.,.F.,
  .F.,(2,2),(-58.5,-0.5),.PIECEWISE_BEZIER_KNOTS.);
#3487 = CARTESIAN_POINT('',(59.,248.8));
#3488 = CARTESIAN_POINT('',(1.,248.8));
#3489 = ( GEOMETRIC_REPRESENTATION_CONTEXT(2) 
PARAMETRIC_REPRESENTATION_CONTEXT() REPRESENTATION_CONTEXT('2D SPACE',''
  ) );
#3490 = ORIENTED_EDGE('',*,*,#3491,.F.);
#3491 = EDGE_CURVE('',#3492,#3466,#3494,.T.);
#3492 = VERTEX_POINT('',#3493);
#3493 = CARTESIAN_POINT('',(-19.14,134.58241621996,2.));
#3494 = SURFACE_CURVE('',#3495,(#3499,#3505),.PCURVE_S1.);
#3495 = LINE('',#3496,#3497);
#3496 = CARTESIAN_POINT('',(-19.14,-92.85577622259,2.));
#3497 = VECTOR('',#3498,1.);
#3498 = DIRECTION('',(0.,-1.,0.));
#3499 = PCURVE('',#3285,#3500);
#3500 = DEFINITIONAL_REPRESENTATION('',(#3501),#3504);
#3501 = B_SPLINE_CURVE_WITH_KNOTS('',1,(#3502,#3503),.UNSPECIFIED.,.F.,
  .F.,(2,2),(-227.4381924425,-213.3944801864),.PIECEWISE_BEZIER_KNOTS.);
#3502 = CARTESIAN_POINT('',(45.745607079062,-22.99));
#3503 = CARTESIAN_POINT('',(46.561360676304,-8.97));
#3504 = ( GEOMETRIC_REPRESENTATION_CONTEXT(2) 
PARAMETRIC_REPRESENTATION_CONTEXT() REPRESENTATION_CONTEXT('2D SPACE',''
  ) );
#3505 = PCURVE('',#3506,#3511);
#3506 = PLANE('',#3507);
#3507 = AXIS2_PLACEMENT_3D('',#3508,#3509,#3510);
#3508 = CARTESIAN_POINT('',(-300.,-300.,2.));
#3509 = DIRECTION('',(0.,0.,1.));
#3510 = DIRECTION('',(1.,0.,-0.));
#3511 = DEFINITIONAL_REPRESENTATION('',(#3512),#3515);
#3512 = B_SPLINE_CURVE_WITH_KNOTS('',1,(#3513,#3514),.UNSPECIFIED.,.F.,
  .F.,(2,2),(-227.4381924425,-213.3944801864),.PIECEWISE_BEZIER_KNOTS.);
#3513 = CARTESIAN_POINT('',(280.86,434.58241621996));
#3514 = CARTESIAN_POINT('',(280.86,420.53870396389));
#3515 = ( GEOMETRIC_REPRESENTATION_CONTEXT(2) 
PARAMETRIC_REPRESENTATION_CONTEXT() REPRESENTATION_CONTEXT('2D SPACE',''
  ) );
#3516 = ORIENTED_EDGE('',*,*,#3517,.F.);
#3517 = EDGE_CURVE('',#3423,#3492,#3518,.T.);
#3518 = SURFACE_CURVE('',#3519,(#3523,#3529),.PCURVE_S1.);
#3519 = LINE('',#3520,#3521);
#3520 = CARTESIAN_POINT('',(-19.14,137.29771659316,-44.66667895911));
#3521 = VECTOR('',#3522,1.);
#3522 = DIRECTION('',(-0.,5.808674959774E-02,-0.998311539311));
#3523 = PCURVE('',#3285,#3524);
#3524 = DEFINITIONAL_REPRESENTATION('',(#3525),#3528);
#3525 = B_SPLINE_CURVE_WITH_KNOTS('',1,(#3526,#3527),.UNSPECIFIED.,.F.,
  .F.,(2,2),(-59.,-1.),.PIECEWISE_BEZIER_KNOTS.);
#3526 = CARTESIAN_POINT('',(58.,-22.99));
#3527 = CARTESIAN_POINT('',(0.,-22.99));
#3528 = ( GEOMETRIC_REPRESENTATION_CONTEXT(2) 
PARAMETRIC_REPRESENTATION_CONTEXT() REPRESENTATION_CONTEXT('2D SPACE',''
  ) );
#3529 = PCURVE('',#3530,#3535);
#3530 = PLANE('',#3531);
#3531 = AXIS2_PLACEMENT_3D('',#3532,#3533,#3534);
#3532 = CARTESIAN_POINT('',(-82.68,137.35580334275,-45.66499049842));
#3533 = DIRECTION('',(0.,0.998311539311,5.808674959774E-02));
#3534 = DIRECTION('',(1.,0.,0.));
#3535 = DEFINITIONAL_REPRESENTATION('',(#3536),#3539);
#3536 = B_SPLINE_CURVE_WITH_KNOTS('',1,(#3537,#3538),.UNSPECIFIED.,.F.,
  .F.,(2,2),(-59.,-1.),.PIECEWISE_BEZIER_KNOTS.);
#3537 = CARTESIAN_POINT('',(63.54,-60.));
#3538 = CARTESIAN_POINT('',(63.54,-2.));
#3539 = ( GEOMETRIC_REPRESENTATION_CONTEXT(2) 
PARAMETRIC_REPRESENTATION_CONTEXT() REPRESENTATION_CONTEXT('2D SPACE',''
  ) );
#3540 = ADVANCED_FACE('',(#3541),#3480,.T.);
#3541 = FACE_BOUND('',#3542,.T.);
#3542 = EDGE_LOOP('',(#3543,#3564,#3590,#3611,#3634,#3653));
#3543 = ORIENTED_EDGE('',*,*,#3544,.F.);
#3544 = EDGE_CURVE('',#3545,#3466,#3547,.T.);
#3545 = VERTEX_POINT('',#3546);
#3546 = CARTESIAN_POINT('',(-38.74,120.53870396389,2.));
#3547 = SURFACE_CURVE('',#3548,(#3552,#3558),.PCURVE_S1.);
#3548 = LINE('',#3549,#3550);
#3549 = CARTESIAN_POINT('',(-283.97,120.53870396389,2.));
#3550 = VECTOR('',#3551,1.);
#3551 = DIRECTION('',(1.,0.,0.));
#3552 = PCURVE('',#3480,#3553);
#3553 = DEFINITIONAL_REPRESENTATION('',(#3554),#3557);
#3554 = B_SPLINE_CURVE_WITH_KNOTS('',1,(#3555,#3556),.UNSPECIFIED.,.F.,
  .F.,(2,2),(245.23,264.83),.PIECEWISE_BEZIER_KNOTS.);
#3555 = CARTESIAN_POINT('',(47.561360676304,229.2));
#3556 = CARTESIAN_POINT('',(47.561360676304,248.8));
#3557 = ( GEOMETRIC_REPRESENTATION_CONTEXT(2) 
PARAMETRIC_REPRESENTATION_CONTEXT() REPRESENTATION_CONTEXT('2D SPACE',''
  ) );
#3558 = PCURVE('',#3506,#3559);
#3559 = DEFINITIONAL_REPRESENTATION('',(#3560),#3563);
#3560 = B_SPLINE_CURVE_WITH_KNOTS('',1,(#3561,#3562),.UNSPECIFIED.,.F.,
  .F.,(2,2),(245.23,264.83),.PIECEWISE_BEZIER_KNOTS.);
#3561 = CARTESIAN_POINT('',(261.26,420.53870396389));
#3562 = CARTESIAN_POINT('',(280.86,420.53870396389));
#3563 = ( GEOMETRIC_REPRESENTATION_CONTEXT(2) 
PARAMETRIC_REPRESENTATION_CONTEXT() REPRESENTATION_CONTEXT('2D SPACE',''
  ) );
#3564 = ORIENTED_EDGE('',*,*,#3565,.F.);
#3565 = EDGE_CURVE('',#3566,#3545,#3568,.T.);
#3566 = VERTEX_POINT('',#3567);
#3567 = CARTESIAN_POINT('',(-38.74,119.87427058575,13.419325630861));
#3568 = SURFACE_CURVE('',#3569,(#3573,#3579),.PCURVE_S1.);
#3569 = LINE('',#3570,#3571);
#3570 = CARTESIAN_POINT('',(-38.74,123.27234543722,-44.98189941882));
#3571 = VECTOR('',#3572,1.);
#3572 = DIRECTION('',(-0.,5.808674959774E-02,-0.998311539311));
#3573 = PCURVE('',#3480,#3574);
#3574 = DEFINITIONAL_REPRESENTATION('',(#3575),#3578);
#3575 = B_SPLINE_CURVE_WITH_KNOTS('',1,(#3576,#3577),.UNSPECIFIED.,.F.,
  .F.,(2,2),(-58.5,-0.5),.PIECEWISE_BEZIER_KNOTS.);
#3576 = CARTESIAN_POINT('',(59.,229.2));
#3577 = CARTESIAN_POINT('',(1.,229.2));
#3578 = ( GEOMETRIC_REPRESENTATION_CONTEXT(2) 
PARAMETRIC_REPRESENTATION_CONTEXT() REPRESENTATION_CONTEXT('2D SPACE',''
  ) );
#3579 = PCURVE('',#3580,#3585);
#3580 = PLANE('',#3581);
#3581 = AXIS2_PLACEMENT_3D('',#3582,#3583,#3584);
#3582 = CARTESIAN_POINT('',(-38.74,114.2884475548,-45.00378179305));
#3583 = DIRECTION('',(1.,0.,0.));
#3584 = DIRECTION('',(0.,-5.808674959774E-02,0.998311539311));
#3585 = DEFINITIONAL_REPRESENTATION('',(#3586),#3589);
#3586 = B_SPLINE_CURVE_WITH_KNOTS('',1,(#3587,#3588),.UNSPECIFIED.,.F.,
  .F.,(2,2),(-58.5,-0.5),.PIECEWISE_BEZIER_KNOTS.);
#3587 = CARTESIAN_POINT('',(58.,-8.97));
#3588 = CARTESIAN_POINT('',(0.,-8.97));
#3589 = ( GEOMETRIC_REPRESENTATION_CONTEXT(2) 
PARAMETRIC_REPRESENTATION_CONTEXT() REPRESENTATION_CONTEXT('2D SPACE',''
  ) );
#3590 = ORIENTED_EDGE('',*,*,#3591,.F.);
#3591 = EDGE_CURVE('',#3592,#3566,#3594,.T.);
#3592 = VERTEX_POINT('',#3593);
#3593 = CARTESIAN_POINT('',(-29.03,119.87427058575,13.419325630861));
#3594 = SURFACE_CURVE('',#3595,(#3599,#3605),.PCURVE_S1.);
#3595 = LINE('',#3596,#3597);
#3596 = CARTESIAN_POINT('',(-142.94,119.87427058575,13.419325630861));
#3597 = VECTOR('',#3598,1.);
#3598 = DIRECTION('',(-1.,-0.,0.));
#3599 = PCURVE('',#3480,#3600);
#3600 = DEFINITIONAL_REPRESENTATION('',(#3601),#3604);
#3601 = B_SPLINE_CURVE_WITH_KNOTS('',1,(#3602,#3603),.UNSPECIFIED.,.F.,
  .F.,(2,2),(-194.735,-55.265),.PIECEWISE_BEZIER_KNOTS.);
#3602 = CARTESIAN_POINT('',(59.,319.735));
#3603 = CARTESIAN_POINT('',(59.,180.265));
#3604 = ( GEOMETRIC_REPRESENTATION_CONTEXT(2) 
PARAMETRIC_REPRESENTATION_CONTEXT() REPRESENTATION_CONTEXT('2D SPACE',''
  ) );
#3605 = PCURVE('',#3311,#3606);
#3606 = DEFINITIONAL_REPRESENTATION('',(#3607),#3610);
#3607 = B_SPLINE_CURVE_WITH_KNOTS('',1,(#3608,#3609),.UNSPECIFIED.,.F.,
  .F.,(2,2),(-194.735,-55.265),.PIECEWISE_BEZIER_KNOTS.);
#3608 = CARTESIAN_POINT('',(69.735,-4.024999998548));
#3609 = CARTESIAN_POINT('',(-69.735,-4.024999998548));
#3610 = ( GEOMETRIC_REPRESENTATION_CONTEXT(2) 
PARAMETRIC_REPRESENTATION_CONTEXT() REPRESENTATION_CONTEXT('2D SPACE',''
  ) );
#3611 = ORIENTED_EDGE('',*,*,#3612,.F.);
#3612 = EDGE_CURVE('',#3613,#3592,#3615,.T.);
#3613 = VERTEX_POINT('',#3614);
#3614 = CARTESIAN_POINT('',(-29.03,120.52856463259,2.174260248793));
#3615 = SURFACE_CURVE('',#3616,(#3620,#3627),.PCURVE_S1.);
#3616 = LINE('',#3617,#3618);
#3617 = CARTESIAN_POINT('',(-29.03,120.52856463259,2.174260248793));
#3618 = VECTOR('',#3619,1.);
#3619 = DIRECTION('',(0.,-5.808674959774E-02,0.998311539311));
#3620 = PCURVE('',#3480,#3621);
#3621 = DEFINITIONAL_REPRESENTATION('',(#3622),#3626);
#3622 = LINE('',#3623,#3624);
#3623 = CARTESIAN_POINT('',(47.735915654315,238.91));
#3624 = VECTOR('',#3625,1.);
#3625 = DIRECTION('',(1.,0.));
#3626 = ( GEOMETRIC_REPRESENTATION_CONTEXT(2) 
PARAMETRIC_REPRESENTATION_CONTEXT() REPRESENTATION_CONTEXT('2D SPACE',''
  ) );
#3627 = PCURVE('',#3338,#3628);
#3628 = DEFINITIONAL_REPRESENTATION('',(#3629),#3633);
#3629 = LINE('',#3630,#3631);
#3630 = CARTESIAN_POINT('',(-2.224054257471E-17,-5.));
#3631 = VECTOR('',#3632,1.);
#3632 = DIRECTION('',(1.,-6.018073594238E-16));
#3633 = ( GEOMETRIC_REPRESENTATION_CONTEXT(2) 
PARAMETRIC_REPRESENTATION_CONTEXT() REPRESENTATION_CONTEXT('2D SPACE',''
  ) );
#3634 = ORIENTED_EDGE('',*,*,#3635,.T.);
#3635 = EDGE_CURVE('',#3613,#3445,#3636,.T.);
#3636 = SURFACE_CURVE('',#3637,(#3641,#3647),.PCURVE_S1.);
#3637 = LINE('',#3638,#3639);
#3638 = CARTESIAN_POINT('',(-148.485,120.52856463259,2.174260248793));
#3639 = VECTOR('',#3640,1.);
#3640 = DIRECTION('',(1.,0.,-0.));
#3641 = PCURVE('',#3480,#3642);
#3642 = DEFINITIONAL_REPRESENTATION('',(#3643),#3646);
#3643 = B_SPLINE_CURVE_WITH_KNOTS('',1,(#3644,#3645),.UNSPECIFIED.,.F.,
  .F.,(2,2),(119.455,129.345),.PIECEWISE_BEZIER_KNOTS.);
#3644 = CARTESIAN_POINT('',(47.735915654315,238.91));
#3645 = CARTESIAN_POINT('',(47.735915654315,248.8));
#3646 = ( GEOMETRIC_REPRESENTATION_CONTEXT(2) 
PARAMETRIC_REPRESENTATION_CONTEXT() REPRESENTATION_CONTEXT('2D SPACE',''
  ) );
#3647 = PCURVE('',#3194,#3648);
#3648 = DEFINITIONAL_REPRESENTATION('',(#3649),#3652);
#3649 = B_SPLINE_CURVE_WITH_KNOTS('',1,(#3650,#3651),.UNSPECIFIED.,.F.,
  .F.,(2,2),(119.455,129.345),.PIECEWISE_BEZIER_KNOTS.);
#3650 = CARTESIAN_POINT('',(0.,5.));
#3651 = CARTESIAN_POINT('',(9.89,5.));
#3652 = ( GEOMETRIC_REPRESENTATION_CONTEXT(2) 
PARAMETRIC_REPRESENTATION_CONTEXT() REPRESENTATION_CONTEXT('2D SPACE',''
  ) );
#3653 = ORIENTED_EDGE('',*,*,#3465,.T.);
#3654 = ADVANCED_FACE('',(#3655),#3580,.T.);
#3655 = FACE_BOUND('',#3656,.T.);
#3656 = EDGE_LOOP('',(#3657,#3678,#3679,#3700));
#3657 = ORIENTED_EDGE('',*,*,#3658,.F.);
#3658 = EDGE_CURVE('',#3566,#3659,#3661,.T.);
#3659 = VERTEX_POINT('',#3660);
#3660 = CARTESIAN_POINT('',(-38.74,133.87059836689,14.233701860221));
#3661 = SURFACE_CURVE('',#3662,(#3666,#3672),.PCURVE_S1.);
#3662 = LINE('',#3663,#3664);
#3663 = CARTESIAN_POINT('',(-38.74,117.40594530408,13.275706142438));
#3664 = VECTOR('',#3665,1.);
#3665 = DIRECTION('',(0.,0.998311539311,5.808674959774E-02));
#3666 = PCURVE('',#3580,#3667);
#3667 = DEFINITIONAL_REPRESENTATION('',(#3668),#3671);
#3668 = B_SPLINE_CURVE_WITH_KNOTS('',1,(#3669,#3670),.UNSPECIFIED.,.F.,
  .F.,(2,2),(2.472500000726,16.492500000726),.PIECEWISE_BEZIER_KNOTS.);
#3669 = CARTESIAN_POINT('',(58.,-8.97));
#3670 = CARTESIAN_POINT('',(58.,-22.99));
#3671 = ( GEOMETRIC_REPRESENTATION_CONTEXT(2) 
PARAMETRIC_REPRESENTATION_CONTEXT() REPRESENTATION_CONTEXT('2D SPACE',''
  ) );
#3672 = PCURVE('',#3311,#3673);
#3673 = DEFINITIONAL_REPRESENTATION('',(#3674),#3677);
#3674 = B_SPLINE_CURVE_WITH_KNOTS('',1,(#3675,#3676),.UNSPECIFIED.,.F.,
  .F.,(2,2),(2.472500000726,16.492500000726),.PIECEWISE_BEZIER_KNOTS.);
#3675 = CARTESIAN_POINT('',(-20.8,-4.024999998548));
#3676 = CARTESIAN_POINT('',(-20.8,9.995000001452));
#3677 = ( GEOMETRIC_REPRESENTATION_CONTEXT(2) 
PARAMETRIC_REPRESENTATION_CONTEXT() REPRESENTATION_CONTEXT('2D SPACE',''
  ) );
#3678 = ORIENTED_EDGE('',*,*,#3565,.T.);
#3679 = ORIENTED_EDGE('',*,*,#3680,.F.);
#3680 = EDGE_CURVE('',#3681,#3545,#3683,.T.);
#3681 = VERTEX_POINT('',#3682);
#3682 = CARTESIAN_POINT('',(-38.74,134.58241621996,2.));
#3683 = SURFACE_CURVE('',#3684,(#3688,#3694),.PCURVE_S1.);
#3684 = LINE('',#3685,#3686);
#3685 = CARTESIAN_POINT('',(-38.74,-92.85577622259,2.));
#3686 = VECTOR('',#3687,1.);
#3687 = DIRECTION('',(0.,-1.,0.));
#3688 = PCURVE('',#3580,#3689);
#3689 = DEFINITIONAL_REPRESENTATION('',(#3690),#3693);
#3690 = B_SPLINE_CURVE_WITH_KNOTS('',1,(#3691,#3692),.UNSPECIFIED.,.F.,
  .F.,(2,2),(-227.4381924425,-213.3944801864),.PIECEWISE_BEZIER_KNOTS.);
#3691 = CARTESIAN_POINT('',(45.745607079062,-22.99));
#3692 = CARTESIAN_POINT('',(46.561360676304,-8.97));
#3693 = ( GEOMETRIC_REPRESENTATION_CONTEXT(2) 
PARAMETRIC_REPRESENTATION_CONTEXT() REPRESENTATION_CONTEXT('2D SPACE',''
  ) );
#3694 = PCURVE('',#3506,#3695);
#3695 = DEFINITIONAL_REPRESENTATION('',(#3696),#3699);
#3696 = B_SPLINE_CURVE_WITH_KNOTS('',1,(#3697,#3698),.UNSPECIFIED.,.F.,
  .F.,(2,2),(-227.4381924425,-213.3944801864),.PIECEWISE_BEZIER_KNOTS.);
#3697 = CARTESIAN_POINT('',(261.26,434.58241621996));
#3698 = CARTESIAN_POINT('',(261.26,420.53870396389));
#3699 = ( GEOMETRIC_REPRESENTATION_CONTEXT(2) 
PARAMETRIC_REPRESENTATION_CONTEXT() REPRESENTATION_CONTEXT('2D SPACE',''
  ) );
#3700 = ORIENTED_EDGE('',*,*,#3701,.F.);
#3701 = EDGE_CURVE('',#3659,#3681,#3702,.T.);
#3702 = SURFACE_CURVE('',#3703,(#3707,#3713),.PCURVE_S1.);
#3703 = LINE('',#3704,#3705);
#3704 = CARTESIAN_POINT('',(-38.74,137.29771659316,-44.66667895911));
#3705 = VECTOR('',#3706,1.);
#3706 = DIRECTION('',(-0.,5.808674959774E-02,-0.998311539311));
#3707 = PCURVE('',#3580,#3708);
#3708 = DEFINITIONAL_REPRESENTATION('',(#3709),#3712);
#3709 = B_SPLINE_CURVE_WITH_KNOTS('',1,(#3710,#3711),.UNSPECIFIED.,.F.,
  .F.,(2,2),(-59.,-1.),.PIECEWISE_BEZIER_KNOTS.);
#3710 = CARTESIAN_POINT('',(58.,-22.99));
#3711 = CARTESIAN_POINT('',(0.,-22.99));
#3712 = ( GEOMETRIC_REPRESENTATION_CONTEXT(2) 
PARAMETRIC_REPRESENTATION_CONTEXT() REPRESENTATION_CONTEXT('2D SPACE',''
  ) );
#3713 = PCURVE('',#3530,#3714);
#3714 = DEFINITIONAL_REPRESENTATION('',(#3715),#3718);
#3715 = B_SPLINE_CURVE_WITH_KNOTS('',1,(#3716,#3717),.UNSPECIFIED.,.F.,
  .F.,(2,2),(-59.,-1.),.PIECEWISE_BEZIER_KNOTS.);
#3716 = CARTESIAN_POINT('',(43.94,-60.));
#3717 = CARTESIAN_POINT('',(43.94,-2.));
#3718 = ( GEOMETRIC_REPRESENTATION_CONTEXT(2) 
PARAMETRIC_REPRESENTATION_CONTEXT() REPRESENTATION_CONTEXT('2D SPACE',''
  ) );
#3719 = ADVANCED_FACE('',(#3720),#3506,.T.);
#3720 = FACE_BOUND('',#3721,.T.);
#3721 = EDGE_LOOP('',(#3722,#3723,#3724,#3725));
#3722 = ORIENTED_EDGE('',*,*,#3680,.T.);
#3723 = ORIENTED_EDGE('',*,*,#3544,.T.);
#3724 = ORIENTED_EDGE('',*,*,#3491,.F.);
#3725 = ORIENTED_EDGE('',*,*,#3726,.F.);
#3726 = EDGE_CURVE('',#3681,#3492,#3727,.T.);
#3727 = SURFACE_CURVE('',#3728,(#3732,#3738),.PCURVE_S1.);
#3728 = LINE('',#3729,#3730);
#3729 = CARTESIAN_POINT('',(-191.34,134.58241621996,2.));
#3730 = VECTOR('',#3731,1.);
#3731 = DIRECTION('',(1.,0.,0.));
#3732 = PCURVE('',#3506,#3733);
#3733 = DEFINITIONAL_REPRESENTATION('',(#3734),#3737);
#3734 = B_SPLINE_CURVE_WITH_KNOTS('',1,(#3735,#3736),.UNSPECIFIED.,.F.,
  .F.,(2,2),(152.6,172.2),.PIECEWISE_BEZIER_KNOTS.);
#3735 = CARTESIAN_POINT('',(261.26,434.58241621996));
#3736 = CARTESIAN_POINT('',(280.86,434.58241621996));
#3737 = ( GEOMETRIC_REPRESENTATION_CONTEXT(2) 
PARAMETRIC_REPRESENTATION_CONTEXT() REPRESENTATION_CONTEXT('2D SPACE',''
  ) );
#3738 = PCURVE('',#3530,#3739);
#3739 = DEFINITIONAL_REPRESENTATION('',(#3740),#3743);
#3740 = B_SPLINE_CURVE_WITH_KNOTS('',1,(#3741,#3742),.UNSPECIFIED.,.F.,
  .F.,(2,2),(152.6,172.2),.PIECEWISE_BEZIER_KNOTS.);
#3741 = CARTESIAN_POINT('',(43.94,-47.74560707906));
#3742 = CARTESIAN_POINT('',(63.54,-47.74560707906));
#3743 = ( GEOMETRIC_REPRESENTATION_CONTEXT(2) 
PARAMETRIC_REPRESENTATION_CONTEXT() REPRESENTATION_CONTEXT('2D SPACE',''
  ) );
#3744 = ADVANCED_FACE('',(#3745),#3530,.F.);
#3745 = FACE_BOUND('',#3746,.F.);
#3746 = EDGE_LOOP('',(#3747,#3748,#3749,#3770));
#3747 = ORIENTED_EDGE('',*,*,#3726,.F.);
#3748 = ORIENTED_EDGE('',*,*,#3701,.F.);
#3749 = ORIENTED_EDGE('',*,*,#3750,.T.);
#3750 = EDGE_CURVE('',#3659,#3423,#3751,.T.);
#3751 = SURFACE_CURVE('',#3752,(#3756,#3763),.PCURVE_S1.);
#3752 = LINE('',#3753,#3754);
#3753 = CARTESIAN_POINT('',(-17.94,133.87059836689,14.233701860221));
#3754 = VECTOR('',#3755,1.);
#3755 = DIRECTION('',(1.,0.,0.));
#3756 = PCURVE('',#3530,#3757);
#3757 = DEFINITIONAL_REPRESENTATION('',(#3758),#3762);
#3758 = LINE('',#3759,#3760);
#3759 = CARTESIAN_POINT('',(64.74,-60.));
#3760 = VECTOR('',#3761,1.);
#3761 = DIRECTION('',(1.,0.));
#3762 = ( GEOMETRIC_REPRESENTATION_CONTEXT(2) 
PARAMETRIC_REPRESENTATION_CONTEXT() REPRESENTATION_CONTEXT('2D SPACE',''
  ) );
#3763 = PCURVE('',#3311,#3764);
#3764 = DEFINITIONAL_REPRESENTATION('',(#3765),#3769);
#3765 = LINE('',#3766,#3767);
#3766 = CARTESIAN_POINT('',(-1.925420939561E-15,9.995000001452));
#3767 = VECTOR('',#3768,1.);
#3768 = DIRECTION('',(1.,0.));
#3769 = ( GEOMETRIC_REPRESENTATION_CONTEXT(2) 
PARAMETRIC_REPRESENTATION_CONTEXT() REPRESENTATION_CONTEXT('2D SPACE',''
  ) );
#3770 = ORIENTED_EDGE('',*,*,#3517,.T.);
#3771 = ADVANCED_FACE('',(#3772),#3311,.F.);
#3772 = FACE_BOUND('',#3773,.F.);
#3773 = EDGE_LOOP('',(#3774,#3775,#3776,#3797,#3798,#3799));
#3774 = ORIENTED_EDGE('',*,*,#3658,.F.);
#3775 = ORIENTED_EDGE('',*,*,#3591,.F.);
#3776 = ORIENTED_EDGE('',*,*,#3777,.T.);
#3777 = EDGE_CURVE('',#3592,#3297,#3778,.T.);
#3778 = SURFACE_CURVE('',#3779,(#3783,#3790),.PCURVE_S1.);
#3779 = LINE('',#3780,#3781);
#3780 = CARTESIAN_POINT('',(-29.03,119.87427058575,13.419325630861));
#3781 = VECTOR('',#3782,1.);
#3782 = DIRECTION('',(0.,0.998311539311,5.808674959774E-02));
#3783 = PCURVE('',#3311,#3784);
#3784 = DEFINITIONAL_REPRESENTATION('',(#3785),#3789);
#3785 = LINE('',#3786,#3787);
#3786 = CARTESIAN_POINT('',(-11.09,-4.024999998548));
#3787 = VECTOR('',#3788,1.);
#3788 = DIRECTION('',(0.,1.));
#3789 = ( GEOMETRIC_REPRESENTATION_CONTEXT(2) 
PARAMETRIC_REPRESENTATION_CONTEXT() REPRESENTATION_CONTEXT('2D SPACE',''
  ) );
#3790 = PCURVE('',#3338,#3791);
#3791 = DEFINITIONAL_REPRESENTATION('',(#3792),#3796);
#3792 = LINE('',#3793,#3794);
#3793 = CARTESIAN_POINT('',(11.264084345685,-5.));
#3794 = VECTOR('',#3795,1.);
#3795 = DIRECTION('',(-4.313614371842E-16,-1.));
#3796 = ( GEOMETRIC_REPRESENTATION_CONTEXT(2) 
PARAMETRIC_REPRESENTATION_CONTEXT() REPRESENTATION_CONTEXT('2D SPACE',''
  ) );
#3797 = ORIENTED_EDGE('',*,*,#3296,.F.);
#3798 = ORIENTED_EDGE('',*,*,#3422,.T.);
#3799 = ORIENTED_EDGE('',*,*,#3750,.F.);
#3800 = ADVANCED_FACE('',(#3801),#3338,.T.);
#3801 = FACE_BOUND('',#3802,.T.);
#3802 = EDGE_LOOP('',(#3803,#3825,#3848,#3869,#3870,#3871));
#3803 = ORIENTED_EDGE('',*,*,#3804,.F.);
#3804 = EDGE_CURVE('',#3805,#3323,#3807,.T.);
#3805 = VERTEX_POINT('',#3806);
#3806 = CARTESIAN_POINT('',(-29.03,116.70507571903,16.24));
#3807 = SURFACE_CURVE('',#3808,(#3812,#3819),.PCURVE_S1.);
#3808 = LINE('',#3809,#3810);
#3809 = CARTESIAN_POINT('',(-29.03,119.21333346126,16.385942958348));
#3810 = VECTOR('',#3811,1.);
#3811 = DIRECTION('',(-0.,0.998311539311,5.808674959774E-02));
#3812 = PCURVE('',#3338,#3813);
#3813 = DEFINITIONAL_REPRESENTATION('',(#3814),#3818);
#3814 = LINE('',#3815,#3816);
#3815 = CARTESIAN_POINT('',(14.264084345685,-4.512499999717));
#3816 = VECTOR('',#3817,1.);
#3817 = DIRECTION('',(-1.876410216124E-18,-1.));
#3818 = ( GEOMETRIC_REPRESENTATION_CONTEXT(2) 
PARAMETRIC_REPRESENTATION_CONTEXT() REPRESENTATION_CONTEXT('2D SPACE',''
  ) );
#3819 = PCURVE('',#126,#3820);
#3820 = DEFINITIONAL_REPRESENTATION('',(#3821),#3824);
#3821 = B_SPLINE_CURVE_WITH_KNOTS('',1,(#3822,#3823),.UNSPECIFIED.,.F.,
  .F.,(2,2),(-2.512499999717,14.487500000283),.PIECEWISE_BEZIER_KNOTS.);
#3822 = CARTESIAN_POINT('',(-11.09,-7.024999999434));
#3823 = CARTESIAN_POINT('',(-11.09,9.975000000566));
#3824 = ( GEOMETRIC_REPRESENTATION_CONTEXT(2) 
PARAMETRIC_REPRESENTATION_CONTEXT() REPRESENTATION_CONTEXT('2D SPACE',''
  ) );
#3825 = ORIENTED_EDGE('',*,*,#3826,.T.);
#3826 = EDGE_CURVE('',#3805,#3827,#3829,.T.);
#3827 = VERTEX_POINT('',#3828);
#3828 = CARTESIAN_POINT('',(-29.03,117.53363001465,2.));
#3829 = SURFACE_CURVE('',#3830,(#3834,#3841),.PCURVE_S1.);
#3830 = LINE('',#3831,#3832);
#3831 = CARTESIAN_POINT('',(-29.03,116.70507571903,16.24));
#3832 = VECTOR('',#3833,1.);
#3833 = DIRECTION('',(0.,5.808674959774E-02,-0.998311539311));
#3834 = PCURVE('',#3338,#3835);
#3835 = DEFINITIONAL_REPRESENTATION('',(#3836),#3840);
#3836 = LINE('',#3837,#3838);
#3837 = CARTESIAN_POINT('',(14.264084345685,-2.));
#3838 = VECTOR('',#3839,1.);
#3839 = DIRECTION('',(-1.,1.19855223516E-15));
#3840 = ( GEOMETRIC_REPRESENTATION_CONTEXT(2) 
PARAMETRIC_REPRESENTATION_CONTEXT() REPRESENTATION_CONTEXT('2D SPACE',''
  ) );
#3841 = PCURVE('',#158,#3842);
#3842 = DEFINITIONAL_REPRESENTATION('',(#3843),#3847);
#3843 = LINE('',#3844,#3845);
#3844 = CARTESIAN_POINT('',(61.,188.91));
#3845 = VECTOR('',#3846,1.);
#3846 = DIRECTION('',(-1.,0.));
#3847 = ( GEOMETRIC_REPRESENTATION_CONTEXT(2) 
PARAMETRIC_REPRESENTATION_CONTEXT() REPRESENTATION_CONTEXT('2D SPACE',''
  ) );
#3848 = ORIENTED_EDGE('',*,*,#3849,.T.);
#3849 = EDGE_CURVE('',#3827,#3613,#3850,.T.);
#3850 = SURFACE_CURVE('',#3851,(#3855,#3862),.PCURVE_S1.);
#3851 = LINE('',#3852,#3853);
#3852 = CARTESIAN_POINT('',(-29.03,115.53700693603,1.883826500805));
#3853 = VECTOR('',#3854,1.);
#3854 = DIRECTION('',(0.,0.998311539311,5.808674959774E-02));
#3855 = PCURVE('',#3338,#3856);
#3856 = DEFINITIONAL_REPRESENTATION('',(#3857),#3861);
#3857 = LINE('',#3858,#3859);
#3858 = CARTESIAN_POINT('',(0.,0.));
#3859 = VECTOR('',#3860,1.);
#3860 = DIRECTION('',(-1.876410216124E-18,-1.));
#3861 = ( GEOMETRIC_REPRESENTATION_CONTEXT(2) 
PARAMETRIC_REPRESENTATION_CONTEXT() REPRESENTATION_CONTEXT('2D SPACE',''
  ) );
#3862 = PCURVE('',#3194,#3863);
#3863 = DEFINITIONAL_REPRESENTATION('',(#3864),#3868);
#3864 = LINE('',#3865,#3866);
#3865 = CARTESIAN_POINT('',(0.,0.));
#3866 = VECTOR('',#3867,1.);
#3867 = DIRECTION('',(0.,1.));
#3868 = ( GEOMETRIC_REPRESENTATION_CONTEXT(2) 
PARAMETRIC_REPRESENTATION_CONTEXT() REPRESENTATION_CONTEXT('2D SPACE',''
  ) );
#3869 = ORIENTED_EDGE('',*,*,#3612,.T.);
#3870 = ORIENTED_EDGE('',*,*,#3777,.T.);
#3871 = ORIENTED_EDGE('',*,*,#3322,.T.);
#3872 = ADVANCED_FACE('',(#3873),#3387,.F.);
#3873 = FACE_BOUND('',#3874,.F.);
#3874 = EDGE_LOOP('',(#3875,#3896,#3922,#3943,#3962));
#3875 = ORIENTED_EDGE('',*,*,#3876,.F.);
#3876 = EDGE_CURVE('',#3877,#3351,#3879,.T.);
#3877 = VERTEX_POINT('',#3878);
#3878 = CARTESIAN_POINT('',(0.97,116.70507571903,16.24));
#3879 = SURFACE_CURVE('',#3880,(#3884,#3890),.PCURVE_S1.);
#3880 = LINE('',#3881,#3882);
#3881 = CARTESIAN_POINT('',(0.97,119.21333346126,16.385942958348));
#3882 = VECTOR('',#3883,1.);
#3883 = DIRECTION('',(-0.,0.998311539311,5.808674959774E-02));
#3884 = PCURVE('',#3387,#3885);
#3885 = DEFINITIONAL_REPRESENTATION('',(#3886),#3889);
#3886 = B_SPLINE_CURVE_WITH_KNOTS('',1,(#3887,#3888),.UNSPECIFIED.,.F.,
  .F.,(2,2),(-2.512499999717,14.487500000283),.PIECEWISE_BEZIER_KNOTS.);
#3887 = CARTESIAN_POINT('',(14.264084345685,-2.));
#3888 = CARTESIAN_POINT('',(14.264084345685,-19.));
#3889 = ( GEOMETRIC_REPRESENTATION_CONTEXT(2) 
PARAMETRIC_REPRESENTATION_CONTEXT() REPRESENTATION_CONTEXT('2D SPACE',''
  ) );
#3890 = PCURVE('',#126,#3891);
#3891 = DEFINITIONAL_REPRESENTATION('',(#3892),#3895);
#3892 = B_SPLINE_CURVE_WITH_KNOTS('',1,(#3893,#3894),.UNSPECIFIED.,.F.,
  .F.,(2,2),(-2.512499999717,14.487500000283),.PIECEWISE_BEZIER_KNOTS.);
#3893 = CARTESIAN_POINT('',(18.91,-7.024999999434));
#3894 = CARTESIAN_POINT('',(18.91,9.975000000566));
#3895 = ( GEOMETRIC_REPRESENTATION_CONTEXT(2) 
PARAMETRIC_REPRESENTATION_CONTEXT() REPRESENTATION_CONTEXT('2D SPACE',''
  ) );
#3896 = ORIENTED_EDGE('',*,*,#3897,.T.);
#3897 = EDGE_CURVE('',#3877,#3898,#3900,.T.);
#3898 = VERTEX_POINT('',#3899);
#3899 = CARTESIAN_POINT('',(0.97,116.8330827029,14.04));
#3900 = SURFACE_CURVE('',#3901,(#3905,#3911),.PCURVE_S1.);
#3901 = LINE('',#3902,#3903);
#3902 = CARTESIAN_POINT('',(0.97,118.89099872957,-21.32850194898));
#3903 = VECTOR('',#3904,1.);
#3904 = DIRECTION('',(0.,5.808674959774E-02,-0.998311539311));
#3905 = PCURVE('',#3387,#3906);
#3906 = DEFINITIONAL_REPRESENTATION('',(#3907),#3910);
#3907 = B_SPLINE_CURVE_WITH_KNOTS('',1,(#3908,#3909),.UNSPECIFIED.,.F.,
  .F.,(2,2),(-37.63204217284,-23.36795782715),.PIECEWISE_BEZIER_KNOTS.);
#3908 = CARTESIAN_POINT('',(14.264084345685,-2.));
#3909 = CARTESIAN_POINT('',(0.,-2.));
#3910 = ( GEOMETRIC_REPRESENTATION_CONTEXT(2) 
PARAMETRIC_REPRESENTATION_CONTEXT() REPRESENTATION_CONTEXT('2D SPACE',''
  ) );
#3911 = PCURVE('',#3912,#3917);
#3912 = PLANE('',#3913);
#3913 = AXIS2_PLACEMENT_3D('',#3914,#3915,#3916);
#3914 = CARTESIAN_POINT('',(-217.94,120.24836744449,-44.65700389796));
#3915 = DIRECTION('',(0.,0.998311539311,5.808674959774E-02));
#3916 = DIRECTION('',(0.,-5.808674959774E-02,0.998311539311));
#3917 = DEFINITIONAL_REPRESENTATION('',(#3918),#3921);
#3918 = B_SPLINE_CURVE_WITH_KNOTS('',1,(#3919,#3920),.UNSPECIFIED.,.F.,
  .F.,(2,2),(-37.63204217284,-23.36795782715),.PIECEWISE_BEZIER_KNOTS.);
#3919 = CARTESIAN_POINT('',(61.,218.91));
#3920 = CARTESIAN_POINT('',(46.735915654315,218.91));
#3921 = ( GEOMETRIC_REPRESENTATION_CONTEXT(2) 
PARAMETRIC_REPRESENTATION_CONTEXT() REPRESENTATION_CONTEXT('2D SPACE',''
  ) );
#3922 = ORIENTED_EDGE('',*,*,#3923,.F.);
#3923 = EDGE_CURVE('',#3924,#3898,#3926,.T.);
#3924 = VERTEX_POINT('',#3925);
#3925 = CARTESIAN_POINT('',(0.97,130.54152928343,14.04));
#3926 = SURFACE_CURVE('',#3927,(#3931,#3937),.PCURVE_S1.);
#3927 = LINE('',#3928,#3929);
#3928 = CARTESIAN_POINT('',(0.97,115.68504481947,14.04));
#3929 = VECTOR('',#3930,1.);
#3930 = DIRECTION('',(0.,-1.,0.));
#3931 = PCURVE('',#3387,#3932);
#3932 = DEFINITIONAL_REPRESENTATION('',(#3933),#3936);
#3933 = B_SPLINE_CURVE_WITH_KNOTS('',1,(#3934,#3935),.UNSPECIFIED.,.F.,
  .F.,(2,2),(-15.14803788343,-1.148037883434),.PIECEWISE_BEZIER_KNOTS.);
#3934 = CARTESIAN_POINT('',(11.247148955213,-15.97636155035));
#3935 = CARTESIAN_POINT('',(12.060363449582,-2.));
#3936 = ( GEOMETRIC_REPRESENTATION_CONTEXT(2) 
PARAMETRIC_REPRESENTATION_CONTEXT() REPRESENTATION_CONTEXT('2D SPACE',''
  ) );
#3937 = PCURVE('',#913,#3938);
#3938 = DEFINITIONAL_REPRESENTATION('',(#3939),#3942);
#3939 = B_SPLINE_CURVE_WITH_KNOTS('',1,(#3940,#3941),.UNSPECIFIED.,.F.,
  .F.,(2,2),(-15.14803788343,-1.148037883434),.PIECEWISE_BEZIER_KNOTS.);
#3940 = CARTESIAN_POINT('',(30.,15.));
#3941 = CARTESIAN_POINT('',(30.,1.));
#3942 = ( GEOMETRIC_REPRESENTATION_CONTEXT(2) 
PARAMETRIC_REPRESENTATION_CONTEXT() REPRESENTATION_CONTEXT('2D SPACE',''
  ) );
#3943 = ORIENTED_EDGE('',*,*,#3944,.T.);
#3944 = EDGE_CURVE('',#3924,#3372,#3945,.T.);
#3945 = SURFACE_CURVE('',#3946,(#3950,#3956),.PCURVE_S1.);
#3946 = LINE('',#3947,#3948);
#3947 = CARTESIAN_POINT('',(0.97,119.38759370961,13.39100834039));
#3948 = VECTOR('',#3949,1.);
#3949 = DIRECTION('',(-0.,0.998311539311,5.808674959774E-02));
#3950 = PCURVE('',#3387,#3951);
#3951 = DEFINITIONAL_REPRESENTATION('',(#3952),#3955);
#3952 = B_SPLINE_CURVE_WITH_KNOTS('',1,(#3953,#3954),.UNSPECIFIED.,.F.,
  .F.,(2,2),(0.487500000726,14.487500000726),.PIECEWISE_BEZIER_KNOTS.);
#3953 = CARTESIAN_POINT('',(11.264084345685,-5.));
#3954 = CARTESIAN_POINT('',(11.264084345685,-19.));
#3955 = ( GEOMETRIC_REPRESENTATION_CONTEXT(2) 
PARAMETRIC_REPRESENTATION_CONTEXT() REPRESENTATION_CONTEXT('2D SPACE',''
  ) );
#3956 = PCURVE('',#2954,#3957);
#3957 = DEFINITIONAL_REPRESENTATION('',(#3958),#3961);
#3958 = B_SPLINE_CURVE_WITH_KNOTS('',1,(#3959,#3960),.UNSPECIFIED.,.F.,
  .F.,(2,2),(0.487500000726,14.487500000726),.PIECEWISE_BEZIER_KNOTS.);
#3959 = CARTESIAN_POINT('',(18.91,-4.024999998548));
#3960 = CARTESIAN_POINT('',(18.91,9.975000001452));
#3961 = ( GEOMETRIC_REPRESENTATION_CONTEXT(2) 
PARAMETRIC_REPRESENTATION_CONTEXT() REPRESENTATION_CONTEXT('2D SPACE',''
  ) );
#3962 = ORIENTED_EDGE('',*,*,#3371,.T.);
#3963 = ADVANCED_FACE('',(#3964),#3912,.F.);
#3964 = FACE_BOUND('',#3965,.F.);
#3965 = EDGE_LOOP('',(#3966,#3994,#4013,#4014));
#3966 = ORIENTED_EDGE('',*,*,#3967,.T.);
#3967 = EDGE_CURVE('',#3968,#3970,#3972,.T.);
#3968 = VERTEX_POINT('',#3969);
#3969 = CARTESIAN_POINT('',(54.534300226911,116.70507571903,16.24));
#3970 = VERTEX_POINT('',#3971);
#3971 = CARTESIAN_POINT('',(54.534300226911,116.8330827029,14.04));
#3972 = SURFACE_CURVE('',#3973,(#3977,#3983),.PCURVE_S1.);
#3973 = LINE('',#3974,#3975);
#3974 = CARTESIAN_POINT('',(54.534300226911,120.19028069489,
    -43.65869235865));
#3975 = VECTOR('',#3976,1.);
#3976 = DIRECTION('',(0.,5.808674959774E-02,-0.998311539311));
#3977 = PCURVE('',#3912,#3978);
#3978 = DEFINITIONAL_REPRESENTATION('',(#3979),#3982);
#3979 = B_SPLINE_CURVE_WITH_KNOTS('',1,(#3980,#3981),.UNSPECIFIED.,.F.,
  .F.,(2,2),(-60.0000006,5.999999999062E-07),.PIECEWISE_BEZIER_KNOTS.);
#3980 = CARTESIAN_POINT('',(61.0000006,272.47430022691));
#3981 = CARTESIAN_POINT('',(0.9999994,272.47430022691));
#3982 = ( GEOMETRIC_REPRESENTATION_CONTEXT(2) 
PARAMETRIC_REPRESENTATION_CONTEXT() REPRESENTATION_CONTEXT('2D SPACE',''
  ) );
#3983 = PCURVE('',#3984,#3989);
#3984 = CYLINDRICAL_SURFACE('',#3985,7.995);
#3985 = AXIS2_PLACEMENT_3D('',#3986,#3987,#3988);
#3986 = CARTESIAN_POINT('',(46.8,122.21186156199,-43.54106669071));
#3987 = DIRECTION('',(0.,5.808674959774E-02,-0.998311539311));
#3988 = DIRECTION('',(1.,0.,0.));
#3989 = DEFINITIONAL_REPRESENTATION('',(#3990),#3993);
#3990 = B_SPLINE_CURVE_WITH_KNOTS('',1,(#3991,#3992),.UNSPECIFIED.,.F.,
  .F.,(2,2),(-60.0000006,5.999999999062E-07),.PIECEWISE_BEZIER_KNOTS.);
#3991 = CARTESIAN_POINT('',(-6.027112579953,-60.0000006));
#3992 = CARTESIAN_POINT('',(-6.027112579953,5.999999999062E-07));
#3993 = ( GEOMETRIC_REPRESENTATION_CONTEXT(2) 
PARAMETRIC_REPRESENTATION_CONTEXT() REPRESENTATION_CONTEXT('2D SPACE',''
  ) );
#3994 = ORIENTED_EDGE('',*,*,#3995,.F.);
#3995 = EDGE_CURVE('',#3898,#3970,#3996,.T.);
#3996 = SURFACE_CURVE('',#3997,(#4001,#4007),.PCURVE_S1.);
#3997 = LINE('',#3998,#3999);
#3998 = CARTESIAN_POINT('',(-123.485,116.8330827029,14.04));
#3999 = VECTOR('',#4000,1.);
#4000 = DIRECTION('',(1.,0.,0.));
#4001 = PCURVE('',#3912,#4002);
#4002 = DEFINITIONAL_REPRESENTATION('',(#4003),#4006);
#4003 = B_SPLINE_CURVE_WITH_KNOTS('',1,(#4004,#4005),.UNSPECIFIED.,.F.,
  .F.,(2,2),(94.455,178.01930022691),.PIECEWISE_BEZIER_KNOTS.);
#4004 = CARTESIAN_POINT('',(58.796279103897,188.91));
#4005 = CARTESIAN_POINT('',(58.796279103897,272.47430022691));
#4006 = ( GEOMETRIC_REPRESENTATION_CONTEXT(2) 
PARAMETRIC_REPRESENTATION_CONTEXT() REPRESENTATION_CONTEXT('2D SPACE',''
  ) );
#4007 = PCURVE('',#913,#4008);
#4008 = DEFINITIONAL_REPRESENTATION('',(#4009),#4012);
#4009 = B_SPLINE_CURVE_WITH_KNOTS('',1,(#4010,#4011),.UNSPECIFIED.,.F.,
  .F.,(2,2),(94.455,178.01930022691),.PIECEWISE_BEZIER_KNOTS.);
#4010 = CARTESIAN_POINT('',(0.,1.));
#4011 = CARTESIAN_POINT('',(83.564300226911,1.));
#4012 = ( GEOMETRIC_REPRESENTATION_CONTEXT(2) 
PARAMETRIC_REPRESENTATION_CONTEXT() REPRESENTATION_CONTEXT('2D SPACE',''
  ) );
#4013 = ORIENTED_EDGE('',*,*,#3897,.F.);
#4014 = ORIENTED_EDGE('',*,*,#4015,.F.);
#4015 = EDGE_CURVE('',#3968,#3877,#4016,.T.);
#4016 = SURFACE_CURVE('',#4017,(#4021,#4027),.PCURVE_S1.);
#4017 = LINE('',#4018,#4019);
#4018 = CARTESIAN_POINT('',(-117.94,116.70507571903,16.24));
#4019 = VECTOR('',#4020,1.);
#4020 = DIRECTION('',(-1.,-0.,0.));
#4021 = PCURVE('',#3912,#4022);
#4022 = DEFINITIONAL_REPRESENTATION('',(#4023),#4026);
#4023 = B_SPLINE_CURVE_WITH_KNOTS('',1,(#4024,#4025),.UNSPECIFIED.,.F.,
  .F.,(2,2),(-172.735,-27.265),.PIECEWISE_BEZIER_KNOTS.);
#4024 = CARTESIAN_POINT('',(61.,272.735));
#4025 = CARTESIAN_POINT('',(61.,127.265));
#4026 = ( GEOMETRIC_REPRESENTATION_CONTEXT(2) 
PARAMETRIC_REPRESENTATION_CONTEXT() REPRESENTATION_CONTEXT('2D SPACE',''
  ) );
#4027 = PCURVE('',#126,#4028);
#4028 = DEFINITIONAL_REPRESENTATION('',(#4029),#4032);
#4029 = B_SPLINE_CURVE_WITH_KNOTS('',1,(#4030,#4031),.UNSPECIFIED.,.F.,
  .F.,(2,2),(-172.735,-27.265),.PIECEWISE_BEZIER_KNOTS.);
#4030 = CARTESIAN_POINT('',(72.735,-7.024999999434));
#4031 = CARTESIAN_POINT('',(-72.735,-7.024999999434));
#4032 = ( GEOMETRIC_REPRESENTATION_CONTEXT(2) 
PARAMETRIC_REPRESENTATION_CONTEXT() REPRESENTATION_CONTEXT('2D SPACE',''
  ) );
#4033 = ADVANCED_FACE('',(#4034),#3984,.T.);
#4034 = FACE_BOUND('',#4035,.F.);
#4035 = EDGE_LOOP('',(#4036,#4061,#4086,#4087));
#4036 = ORIENTED_EDGE('',*,*,#4037,.F.);
#4037 = EDGE_CURVE('',#4038,#4040,#4042,.T.);
#4038 = VERTEX_POINT('',#4039);
#4039 = CARTESIAN_POINT('',(54.795,118.86150761863,14.04));
#4040 = VERTEX_POINT('',#4041);
#4041 = CARTESIAN_POINT('',(54.795,118.72665658613,16.357625667935));
#4042 = SURFACE_CURVE('',#4043,(#4047,#4054),.PCURVE_S1.);
#4043 = LINE('',#4044,#4045);
#4044 = CARTESIAN_POINT('',(54.795,122.21186156199,-43.54106669071));
#4045 = VECTOR('',#4046,1.);
#4046 = DIRECTION('',(0.,-5.808674959774E-02,0.998311539311));
#4047 = PCURVE('',#3984,#4048);
#4048 = DEFINITIONAL_REPRESENTATION('',(#4049),#4053);
#4049 = LINE('',#4050,#4051);
#4050 = CARTESIAN_POINT('',(-6.28318530718,0.));
#4051 = VECTOR('',#4052,1.);
#4052 = DIRECTION('',(-0.,-1.));
#4053 = ( GEOMETRIC_REPRESENTATION_CONTEXT(2) 
PARAMETRIC_REPRESENTATION_CONTEXT() REPRESENTATION_CONTEXT('2D SPACE',''
  ) );
#4054 = PCURVE('',#941,#4055);
#4055 = DEFINITIONAL_REPRESENTATION('',(#4056),#4060);
#4056 = LINE('',#4057,#4058);
#4057 = CARTESIAN_POINT('',(-8.881784197001E-16,0.));
#4058 = VECTOR('',#4059,1.);
#4059 = DIRECTION('',(0.,-1.));
#4060 = ( GEOMETRIC_REPRESENTATION_CONTEXT(2) 
PARAMETRIC_REPRESENTATION_CONTEXT() REPRESENTATION_CONTEXT('2D SPACE',''
  ) );
#4061 = ORIENTED_EDGE('',*,*,#4062,.F.);
#4062 = EDGE_CURVE('',#3970,#4038,#4063,.T.);
#4063 = SURFACE_CURVE('',#4064,(#4069,#4079),.PCURVE_S1.);
#4064 = ELLIPSE('',#4065,8.008522074701,7.995);
#4065 = AXIS2_PLACEMENT_3D('',#4066,#4067,#4068);
#4066 = CARTESIAN_POINT('',(46.8,118.86150761863,14.04));
#4067 = DIRECTION('',(0.,0.,1.));
#4068 = DIRECTION('',(0.,1.,-0.));
#4069 = PCURVE('',#3984,#4070);
#4070 = DEFINITIONAL_REPRESENTATION('',(#4071),#4078);
#4071 = B_SPLINE_CURVE_WITH_KNOTS('',5,(#4072,#4073,#4074,#4075,#4076,
    #4077),.UNSPECIFIED.,.F.,.F.,(6,6),(4.456316253158,4.712388980385),
  .PIECEWISE_BEZIER_KNOTS.);
#4072 = CARTESIAN_POINT('',(-6.027112579953,-57.79627910389));
#4073 = CARTESIAN_POINT('',(-6.078327125398,-57.77323152381));
#4074 = CARTESIAN_POINT('',(-6.129541670844,-57.7497976372));
#4075 = CARTESIAN_POINT('',(-6.180756216289,-57.72610338223));
#4076 = CARTESIAN_POINT('',(-6.231970761734,-57.70227893776));
#4077 = CARTESIAN_POINT('',(-6.28318530718,-57.67845449373));
#4078 = ( GEOMETRIC_REPRESENTATION_CONTEXT(2) 
PARAMETRIC_REPRESENTATION_CONTEXT() REPRESENTATION_CONTEXT('2D SPACE',''
  ) );
#4079 = PCURVE('',#913,#4080);
#4080 = DEFINITIONAL_REPRESENTATION('',(#4081),#4085);
#4081 = ELLIPSE('',#4082,8.008522074701,7.995);
#4082 = AXIS2_PLACEMENT_2D('',#4083,#4084);
#4083 = CARTESIAN_POINT('',(75.83,3.028424915731));
#4084 = DIRECTION('',(0.,1.));
#4085 = ( GEOMETRIC_REPRESENTATION_CONTEXT(2) 
PARAMETRIC_REPRESENTATION_CONTEXT() REPRESENTATION_CONTEXT('2D SPACE',''
  ) );
#4086 = ORIENTED_EDGE('',*,*,#3967,.F.);
#4087 = ORIENTED_EDGE('',*,*,#4088,.T.);
#4088 = EDGE_CURVE('',#3968,#4040,#4089,.T.);
#4089 = SURFACE_CURVE('',#4090,(#4095,#4102),.PCURVE_S1.);
#4090 = CIRCLE('',#4091,7.995);
#4091 = AXIS2_PLACEMENT_3D('',#4092,#4093,#4094);
#4092 = CARTESIAN_POINT('',(46.8,118.72665658613,16.357625667935));
#4093 = DIRECTION('',(0.,-5.808674959774E-02,0.998311539311));
#4094 = DIRECTION('',(1.,0.,0.));
#4095 = PCURVE('',#3984,#4096);
#4096 = DEFINITIONAL_REPRESENTATION('',(#4097),#4101);
#4097 = LINE('',#4098,#4099);
#4098 = CARTESIAN_POINT('',(-0.,-60.));
#4099 = VECTOR('',#4100,1.);
#4100 = DIRECTION('',(-1.,0.));
#4101 = ( GEOMETRIC_REPRESENTATION_CONTEXT(2) 
PARAMETRIC_REPRESENTATION_CONTEXT() REPRESENTATION_CONTEXT('2D SPACE',''
  ) );
#4102 = PCURVE('',#126,#4103);
#4103 = DEFINITIONAL_REPRESENTATION('',(#4104),#4108);
#4104 = CIRCLE('',#4105,7.995);
#4105 = AXIS2_PLACEMENT_2D('',#4106,#4107);
#4106 = CARTESIAN_POINT('',(64.74,-4.999999999434));
#4107 = DIRECTION('',(1.,0.));
#4108 = ( GEOMETRIC_REPRESENTATION_CONTEXT(2) 
PARAMETRIC_REPRESENTATION_CONTEXT() REPRESENTATION_CONTEXT('2D SPACE',''
  ) );
#4109 = ADVANCED_FACE('',(#4110),#3194,.T.);
#4110 = FACE_BOUND('',#4111,.T.);
#4111 = EDGE_LOOP('',(#4112,#4113,#4134,#4157,#4176,#4177,#4178,#4179));
#4112 = ORIENTED_EDGE('',*,*,#3849,.F.);
#4113 = ORIENTED_EDGE('',*,*,#4114,.T.);
#4114 = EDGE_CURVE('',#3827,#4115,#4117,.T.);
#4115 = VERTEX_POINT('',#4116);
#4116 = CARTESIAN_POINT('',(0.97,117.53363001465,2.));
#4117 = SURFACE_CURVE('',#4118,(#4122,#4128),.PCURVE_S1.);
#4118 = LINE('',#4119,#4120);
#4119 = CARTESIAN_POINT('',(-123.485,117.53363001465,2.));
#4120 = VECTOR('',#4121,1.);
#4121 = DIRECTION('',(1.,0.,-0.));
#4122 = PCURVE('',#3194,#4123);
#4123 = DEFINITIONAL_REPRESENTATION('',(#4124),#4127);
#4124 = B_SPLINE_CURVE_WITH_KNOTS('',1,(#4125,#4126),.UNSPECIFIED.,.F.,
  .F.,(2,2),(94.455,124.455),.PIECEWISE_BEZIER_KNOTS.);
#4125 = CARTESIAN_POINT('',(0.,2.));
#4126 = CARTESIAN_POINT('',(30.,2.));
#4127 = ( GEOMETRIC_REPRESENTATION_CONTEXT(2) 
PARAMETRIC_REPRESENTATION_CONTEXT() REPRESENTATION_CONTEXT('2D SPACE',''
  ) );
#4128 = PCURVE('',#158,#4129);
#4129 = DEFINITIONAL_REPRESENTATION('',(#4130),#4133);
#4130 = B_SPLINE_CURVE_WITH_KNOTS('',1,(#4131,#4132),.UNSPECIFIED.,.F.,
  .F.,(2,2),(94.455,124.455),.PIECEWISE_BEZIER_KNOTS.);
#4131 = CARTESIAN_POINT('',(46.735915654315,188.91));
#4132 = CARTESIAN_POINT('',(46.735915654315,218.91));
#4133 = ( GEOMETRIC_REPRESENTATION_CONTEXT(2) 
PARAMETRIC_REPRESENTATION_CONTEXT() REPRESENTATION_CONTEXT('2D SPACE',''
  ) );
#4134 = ORIENTED_EDGE('',*,*,#4135,.T.);
#4135 = EDGE_CURVE('',#4115,#4136,#4138,.T.);
#4136 = VERTEX_POINT('',#4137);
#4137 = CARTESIAN_POINT('',(0.97,120.52856463259,2.174260248793));
#4138 = SURFACE_CURVE('',#4139,(#4143,#4150),.PCURVE_S1.);
#4139 = LINE('',#4140,#4141);
#4140 = CARTESIAN_POINT('',(0.97,115.53700693603,1.883826500805));
#4141 = VECTOR('',#4142,1.);
#4142 = DIRECTION('',(0.,0.998311539311,5.808674959774E-02));
#4143 = PCURVE('',#3194,#4144);
#4144 = DEFINITIONAL_REPRESENTATION('',(#4145),#4149);
#4145 = LINE('',#4146,#4147);
#4146 = CARTESIAN_POINT('',(30.,0.));
#4147 = VECTOR('',#4148,1.);
#4148 = DIRECTION('',(0.,1.));
#4149 = ( GEOMETRIC_REPRESENTATION_CONTEXT(2) 
PARAMETRIC_REPRESENTATION_CONTEXT() REPRESENTATION_CONTEXT('2D SPACE',''
  ) );
#4150 = PCURVE('',#1603,#4151);
#4151 = DEFINITIONAL_REPRESENTATION('',(#4152),#4156);
#4152 = LINE('',#4153,#4154);
#4153 = CARTESIAN_POINT('',(0.,0.));
#4154 = VECTOR('',#4155,1.);
#4155 = DIRECTION('',(0.,-1.));
#4156 = ( GEOMETRIC_REPRESENTATION_CONTEXT(2) 
PARAMETRIC_REPRESENTATION_CONTEXT() REPRESENTATION_CONTEXT('2D SPACE',''
  ) );
#4157 = ORIENTED_EDGE('',*,*,#4158,.F.);
#4158 = EDGE_CURVE('',#3180,#4136,#4159,.T.);
#4159 = SURFACE_CURVE('',#4160,(#4164,#4170),.PCURVE_S1.);
#4160 = LINE('',#4161,#4162);
#4161 = CARTESIAN_POINT('',(-148.485,120.52856463259,2.174260248793));
#4162 = VECTOR('',#4163,1.);
#4163 = DIRECTION('',(1.,0.,-0.));
#4164 = PCURVE('',#3194,#4165);
#4165 = DEFINITIONAL_REPRESENTATION('',(#4166),#4169);
#4166 = B_SPLINE_CURVE_WITH_KNOTS('',1,(#4167,#4168),.UNSPECIFIED.,.F.,
  .F.,(2,2),(131.745,149.455),.PIECEWISE_BEZIER_KNOTS.);
#4167 = CARTESIAN_POINT('',(12.29,5.));
#4168 = CARTESIAN_POINT('',(30.,5.));
#4169 = ( GEOMETRIC_REPRESENTATION_CONTEXT(2) 
PARAMETRIC_REPRESENTATION_CONTEXT() REPRESENTATION_CONTEXT('2D SPACE',''
  ) );
#4170 = PCURVE('',#1577,#4171);
#4171 = DEFINITIONAL_REPRESENTATION('',(#4172),#4175);
#4172 = B_SPLINE_CURVE_WITH_KNOTS('',1,(#4173,#4174),.UNSPECIFIED.,.F.,
  .F.,(2,2),(131.745,149.455),.PIECEWISE_BEZIER_KNOTS.);
#4173 = CARTESIAN_POINT('',(47.735915654315,251.2));
#4174 = CARTESIAN_POINT('',(47.735915654315,268.91));
#4175 = ( GEOMETRIC_REPRESENTATION_CONTEXT(2) 
PARAMETRIC_REPRESENTATION_CONTEXT() REPRESENTATION_CONTEXT('2D SPACE',''
  ) );
#4176 = ORIENTED_EDGE('',*,*,#3179,.F.);
#4177 = ORIENTED_EDGE('',*,*,#3247,.F.);
#4178 = ORIENTED_EDGE('',*,*,#3444,.T.);
#4179 = ORIENTED_EDGE('',*,*,#3635,.F.);
#4180 = ADVANCED_FACE('',(#4181),#3046,.F.);
#4181 = FACE_BOUND('',#4182,.F.);
#4182 = EDGE_LOOP('',(#4183,#4204,#4205,#4206));
#4183 = ORIENTED_EDGE('',*,*,#4184,.T.);
#4184 = EDGE_CURVE('',#3133,#2940,#4185,.T.);
#4185 = SURFACE_CURVE('',#4186,(#4190,#4197),.PCURVE_S1.);
#4186 = LINE('',#4187,#4188);
#4187 = CARTESIAN_POINT('',(-17.94,133.87059836689,14.233701860221));
#4188 = VECTOR('',#4189,1.);
#4189 = DIRECTION('',(1.,0.,0.));
#4190 = PCURVE('',#3046,#4191);
#4191 = DEFINITIONAL_REPRESENTATION('',(#4192),#4196);
#4192 = LINE('',#4193,#4194);
#4193 = CARTESIAN_POINT('',(64.74,-60.));
#4194 = VECTOR('',#4195,1.);
#4195 = DIRECTION('',(1.,0.));
#4196 = ( GEOMETRIC_REPRESENTATION_CONTEXT(2) 
PARAMETRIC_REPRESENTATION_CONTEXT() REPRESENTATION_CONTEXT('2D SPACE',''
  ) );
#4197 = PCURVE('',#2954,#4198);
#4198 = DEFINITIONAL_REPRESENTATION('',(#4199),#4203);
#4199 = LINE('',#4200,#4201);
#4200 = CARTESIAN_POINT('',(-1.925420939561E-15,9.995000001452));
#4201 = VECTOR('',#4202,1.);
#4202 = DIRECTION('',(1.,0.));
#4203 = ( GEOMETRIC_REPRESENTATION_CONTEXT(2) 
PARAMETRIC_REPRESENTATION_CONTEXT() REPRESENTATION_CONTEXT('2D SPACE',''
  ) );
#4204 = ORIENTED_EDGE('',*,*,#3033,.T.);
#4205 = ORIENTED_EDGE('',*,*,#3108,.F.);
#4206 = ORIENTED_EDGE('',*,*,#3225,.F.);
#4207 = ADVANCED_FACE('',(#4208),#2954,.F.);
#4208 = FACE_BOUND('',#4209,.F.);
#4209 = EDGE_LOOP('',(#4210,#4211,#4212,#4213,#4232,#4233));
#4210 = ORIENTED_EDGE('',*,*,#3130,.F.);
#4211 = ORIENTED_EDGE('',*,*,#3399,.F.);
#4212 = ORIENTED_EDGE('',*,*,#3944,.F.);
#4213 = ORIENTED_EDGE('',*,*,#4214,.F.);
#4214 = EDGE_CURVE('',#2938,#3924,#4215,.T.);
#4215 = SURFACE_CURVE('',#4216,(#4220,#4226),.PCURVE_S1.);
#4216 = LINE('',#4217,#4218);
#4217 = CARTESIAN_POINT('',(-23.485,130.54152928343,14.04));
#4218 = VECTOR('',#4219,1.);
#4219 = DIRECTION('',(-1.,0.,0.));
#4220 = PCURVE('',#2954,#4221);
#4221 = DEFINITIONAL_REPRESENTATION('',(#4222),#4225);
#4222 = B_SPLINE_CURVE_WITH_KNOTS('',1,(#4223,#4224),.UNSPECIFIED.,.F.,
  .F.,(2,2),(-26.345,-6.745),.PIECEWISE_BEZIER_KNOTS.);
#4223 = CARTESIAN_POINT('',(20.8,6.660300408819));
#4224 = CARTESIAN_POINT('',(1.2,6.660300408819));
#4225 = ( GEOMETRIC_REPRESENTATION_CONTEXT(2) 
PARAMETRIC_REPRESENTATION_CONTEXT() REPRESENTATION_CONTEXT('2D SPACE',''
  ) );
#4226 = PCURVE('',#913,#4227);
#4227 = DEFINITIONAL_REPRESENTATION('',(#4228),#4231);
#4228 = B_SPLINE_CURVE_WITH_KNOTS('',1,(#4229,#4230),.UNSPECIFIED.,.F.,
  .F.,(2,2),(-26.345,-6.745),.PIECEWISE_BEZIER_KNOTS.);
#4229 = CARTESIAN_POINT('',(31.89,14.708446580527));
#4230 = CARTESIAN_POINT('',(12.29,14.708446580527));
#4231 = ( GEOMETRIC_REPRESENTATION_CONTEXT(2) 
PARAMETRIC_REPRESENTATION_CONTEXT() REPRESENTATION_CONTEXT('2D SPACE',''
  ) );
#4232 = ORIENTED_EDGE('',*,*,#2937,.T.);
#4233 = ORIENTED_EDGE('',*,*,#4184,.F.);
#4234 = ADVANCED_FACE('',(#4235),#1577,.T.);
#4235 = FACE_BOUND('',#4236,.T.);
#4236 = EDGE_LOOP('',(#4237,#4238,#4239,#4240,#4241,#4242));
#4237 = ORIENTED_EDGE('',*,*,#1562,.T.);
#4238 = ORIENTED_EDGE('',*,*,#2986,.T.);
#4239 = ORIENTED_EDGE('',*,*,#3088,.F.);
#4240 = ORIENTED_EDGE('',*,*,#3205,.F.);
#4241 = ORIENTED_EDGE('',*,*,#4158,.T.);
#4242 = ORIENTED_EDGE('',*,*,#4243,.F.);
#4243 = EDGE_CURVE('',#1563,#4136,#4244,.T.);
#4244 = SURFACE_CURVE('',#4245,(#4249,#4255),.PCURVE_S1.);
#4245 = LINE('',#4246,#4247);
#4246 = CARTESIAN_POINT('',(0.97,121.9149767223,-21.65339746984));
#4247 = VECTOR('',#4248,1.);
#4248 = DIRECTION('',(0.,5.808674959774E-02,-0.998311539311));
#4249 = PCURVE('',#1577,#4250);
#4250 = DEFINITIONAL_REPRESENTATION('',(#4251),#4254);
#4251 = B_SPLINE_CURVE_WITH_KNOTS('',1,(#4252,#4253),.UNSPECIFIED.,.F.,
  .F.,(2,2),(-35.13204217284,-23.86795782715),.PIECEWISE_BEZIER_KNOTS.);
#4252 = CARTESIAN_POINT('',(59.,268.91));
#4253 = CARTESIAN_POINT('',(47.735915654315,268.91));
#4254 = ( GEOMETRIC_REPRESENTATION_CONTEXT(2) 
PARAMETRIC_REPRESENTATION_CONTEXT() REPRESENTATION_CONTEXT('2D SPACE',''
  ) );
#4255 = PCURVE('',#1603,#4256);
#4256 = DEFINITIONAL_REPRESENTATION('',(#4257),#4260);
#4257 = B_SPLINE_CURVE_WITH_KNOTS('',1,(#4258,#4259),.UNSPECIFIED.,.F.,
  .F.,(2,2),(-35.13204217284,-23.86795782715),.PIECEWISE_BEZIER_KNOTS.);
#4258 = CARTESIAN_POINT('',(11.264084345685,-5.));
#4259 = CARTESIAN_POINT('',(0.,-5.));
#4260 = ( GEOMETRIC_REPRESENTATION_CONTEXT(2) 
PARAMETRIC_REPRESENTATION_CONTEXT() REPRESENTATION_CONTEXT('2D SPACE',''
  ) );
#4261 = ADVANCED_FACE('',(#4262),#1603,.F.);
#4262 = FACE_BOUND('',#4263,.F.);
#4263 = EDGE_LOOP('',(#4264,#4265,#4284,#4285));
#4264 = ORIENTED_EDGE('',*,*,#1588,.T.);
#4265 = ORIENTED_EDGE('',*,*,#4266,.T.);
#4266 = EDGE_CURVE('',#1589,#4115,#4267,.T.);
#4267 = SURFACE_CURVE('',#4268,(#4272,#4278),.PCURVE_S1.);
#4268 = LINE('',#4269,#4270);
#4269 = CARTESIAN_POINT('',(0.97,118.89099872957,-21.32850194898));
#4270 = VECTOR('',#4271,1.);
#4271 = DIRECTION('',(0.,5.808674959774E-02,-0.998311539311));
#4272 = PCURVE('',#1603,#4273);
#4273 = DEFINITIONAL_REPRESENTATION('',(#4274),#4277);
#4274 = B_SPLINE_CURVE_WITH_KNOTS('',1,(#4275,#4276),.UNSPECIFIED.,.F.,
  .F.,(2,2),(-37.63204217284,-23.36795782715),.PIECEWISE_BEZIER_KNOTS.);
#4275 = CARTESIAN_POINT('',(14.264084345685,-2.));
#4276 = CARTESIAN_POINT('',(0.,-2.));
#4277 = ( GEOMETRIC_REPRESENTATION_CONTEXT(2) 
PARAMETRIC_REPRESENTATION_CONTEXT() REPRESENTATION_CONTEXT('2D SPACE',''
  ) );
#4278 = PCURVE('',#158,#4279);
#4279 = DEFINITIONAL_REPRESENTATION('',(#4280),#4283);
#4280 = B_SPLINE_CURVE_WITH_KNOTS('',1,(#4281,#4282),.UNSPECIFIED.,.F.,
  .F.,(2,2),(-37.63204217284,-23.36795782715),.PIECEWISE_BEZIER_KNOTS.);
#4281 = CARTESIAN_POINT('',(61.,218.91));
#4282 = CARTESIAN_POINT('',(46.735915654315,218.91));
#4283 = ( GEOMETRIC_REPRESENTATION_CONTEXT(2) 
PARAMETRIC_REPRESENTATION_CONTEXT() REPRESENTATION_CONTEXT('2D SPACE',''
  ) );
#4284 = ORIENTED_EDGE('',*,*,#4135,.T.);
#4285 = ORIENTED_EDGE('',*,*,#4243,.F.);
#4286 = ADVANCED_FACE('',(#4287),#881,.F.);
#4287 = FACE_BOUND('',#4288,.F.);
#4288 = EDGE_LOOP('',(#4289,#4290,#4291,#4312));
#4289 = ORIENTED_EDGE('',*,*,#1163,.F.);
#4290 = ORIENTED_EDGE('',*,*,#1745,.F.);
#4291 = ORIENTED_EDGE('',*,*,#4292,.T.);
#4292 = EDGE_CURVE('',#1746,#862,#4293,.T.);
#4293 = SURFACE_CURVE('',#4294,(#4298,#4305),.PCURVE_S1.);
#4294 = LINE('',#4295,#4296);
#4295 = CARTESIAN_POINT('',(-29.03,130.8330827029,14.04));
#4296 = VECTOR('',#4297,1.);
#4297 = DIRECTION('',(1.,0.,-0.));
#4298 = PCURVE('',#881,#4299);
#4299 = DEFINITIONAL_REPRESENTATION('',(#4300),#4304);
#4300 = LINE('',#4301,#4302);
#4301 = CARTESIAN_POINT('',(10.17,0.));
#4302 = VECTOR('',#4303,1.);
#4303 = DIRECTION('',(0.,1.));
#4304 = ( GEOMETRIC_REPRESENTATION_CONTEXT(2) 
PARAMETRIC_REPRESENTATION_CONTEXT() REPRESENTATION_CONTEXT('2D SPACE',''
  ) );
#4305 = PCURVE('',#913,#4306);
#4306 = DEFINITIONAL_REPRESENTATION('',(#4307),#4311);
#4307 = LINE('',#4308,#4309);
#4308 = CARTESIAN_POINT('',(0.,15.));
#4309 = VECTOR('',#4310,1.);
#4310 = DIRECTION('',(1.,0.));
#4311 = ( GEOMETRIC_REPRESENTATION_CONTEXT(2) 
PARAMETRIC_REPRESENTATION_CONTEXT() REPRESENTATION_CONTEXT('2D SPACE',''
  ) );
#4312 = ORIENTED_EDGE('',*,*,#861,.T.);
#4313 = ADVANCED_FACE('',(#4314),#913,.F.);
#4314 = FACE_BOUND('',#4315,.F.);
#4315 = EDGE_LOOP('',(#4316,#4317,#4318,#4319,#4320,#4321,#4322,#4323,
    #4324,#4325,#4326,#4327,#4328,#4329,#4330,#4331,#4332,#4333,#4334,
    #4335));
#4316 = ORIENTED_EDGE('',*,*,#893,.T.);
#4317 = ORIENTED_EDGE('',*,*,#4292,.F.);
#4318 = ORIENTED_EDGE('',*,*,#1772,.F.);
#4319 = ORIENTED_EDGE('',*,*,#1886,.T.);
#4320 = ORIENTED_EDGE('',*,*,#1960,.F.);
#4321 = ORIENTED_EDGE('',*,*,#2029,.F.);
#4322 = ORIENTED_EDGE('',*,*,#2082,.T.);
#4323 = ORIENTED_EDGE('',*,*,#2392,.T.);
#4324 = ORIENTED_EDGE('',*,*,#2443,.F.);
#4325 = ORIENTED_EDGE('',*,*,#2512,.F.);
#4326 = ORIENTED_EDGE('',*,*,#2565,.T.);
#4327 = ORIENTED_EDGE('',*,*,#2793,.T.);
#4328 = ORIENTED_EDGE('',*,*,#2843,.F.);
#4329 = ORIENTED_EDGE('',*,*,#2912,.F.);
#4330 = ORIENTED_EDGE('',*,*,#2965,.T.);
#4331 = ORIENTED_EDGE('',*,*,#4214,.T.);
#4332 = ORIENTED_EDGE('',*,*,#3923,.T.);
#4333 = ORIENTED_EDGE('',*,*,#3995,.T.);
#4334 = ORIENTED_EDGE('',*,*,#4062,.T.);
#4335 = ORIENTED_EDGE('',*,*,#4336,.T.);
#4336 = EDGE_CURVE('',#4038,#894,#4337,.T.);
#4337 = SURFACE_CURVE('',#4338,(#4342,#4348),.PCURVE_S1.);
#4338 = LINE('',#4339,#4340);
#4339 = CARTESIAN_POINT('',(54.795,119.02247213245,14.04));
#4340 = VECTOR('',#4341,1.);
#4341 = DIRECTION('',(0.,1.,-0.));
#4342 = PCURVE('',#913,#4343);
#4343 = DEFINITIONAL_REPRESENTATION('',(#4344),#4347);
#4344 = B_SPLINE_CURVE_WITH_KNOTS('',1,(#4345,#4346),.UNSPECIFIED.,.F.,
  .F.,(2,2),(-0.160964513816,9.855948644942),.PIECEWISE_BEZIER_KNOTS.);
#4345 = CARTESIAN_POINT('',(83.825,3.028424915731));
#4346 = CARTESIAN_POINT('',(83.825,13.045338074489));
#4347 = ( GEOMETRIC_REPRESENTATION_CONTEXT(2) 
PARAMETRIC_REPRESENTATION_CONTEXT() REPRESENTATION_CONTEXT('2D SPACE',''
  ) );
#4348 = PCURVE('',#941,#4349);
#4349 = DEFINITIONAL_REPRESENTATION('',(#4350),#4353);
#4350 = B_SPLINE_CURVE_WITH_KNOTS('',1,(#4351,#4352),.UNSPECIFIED.,.F.,
  .F.,(2,2),(-0.160964513816,9.855948644942),.PIECEWISE_BEZIER_KNOTS.);
#4351 = CARTESIAN_POINT('',(-9.426498110104E-16,-57.67845449373));
#4352 = CARTESIAN_POINT('',(9.999999994663,-57.09660456734));
#4353 = ( GEOMETRIC_REPRESENTATION_CONTEXT(2) 
PARAMETRIC_REPRESENTATION_CONTEXT() REPRESENTATION_CONTEXT('2D SPACE',''
  ) );
#4354 = ADVANCED_FACE('',(#4355),#941,.F.);
#4355 = FACE_BOUND('',#4356,.F.);
#4356 = EDGE_LOOP('',(#4357,#4358,#4359,#4360));
#4357 = ORIENTED_EDGE('',*,*,#925,.F.);
#4358 = ORIENTED_EDGE('',*,*,#4336,.F.);
#4359 = ORIENTED_EDGE('',*,*,#4037,.T.);
#4360 = ORIENTED_EDGE('',*,*,#4361,.T.);
#4361 = EDGE_CURVE('',#4040,#926,#4362,.T.);
#4362 = SURFACE_CURVE('',#4363,(#4367,#4374),.PCURVE_S1.);
#4363 = LINE('',#4364,#4365);
#4364 = CARTESIAN_POINT('',(54.795,123.71821428268,16.648059415924));
#4365 = VECTOR('',#4366,1.);
#4366 = DIRECTION('',(0.,0.998311539311,5.808674959774E-02));
#4367 = PCURVE('',#941,#4368);
#4368 = DEFINITIONAL_REPRESENTATION('',(#4369),#4373);
#4369 = LINE('',#4370,#4371);
#4370 = CARTESIAN_POINT('',(5.,-60.));
#4371 = VECTOR('',#4372,1.);
#4372 = DIRECTION('',(1.,0.));
#4373 = ( GEOMETRIC_REPRESENTATION_CONTEXT(2) 
PARAMETRIC_REPRESENTATION_CONTEXT() REPRESENTATION_CONTEXT('2D SPACE',''
  ) );
#4374 = PCURVE('',#126,#4375);
#4375 = DEFINITIONAL_REPRESENTATION('',(#4376),#4380);
#4376 = LINE('',#4377,#4378);
#4377 = CARTESIAN_POINT('',(72.735,5.657052300126E-10));
#4378 = VECTOR('',#4379,1.);
#4379 = DIRECTION('',(0.,1.));
#4380 = ( GEOMETRIC_REPRESENTATION_CONTEXT(2) 
PARAMETRIC_REPRESENTATION_CONTEXT() REPRESENTATION_CONTEXT('2D SPACE',''
  ) );
#4381 = ADVANCED_FACE('',(#4382),#788,.T.);
#4382 = FACE_BOUND('',#4383,.T.);
#4383 = EDGE_LOOP('',(#4384,#4385,#4408,#4431));
#4384 = ORIENTED_EDGE('',*,*,#772,.F.);
#4385 = ORIENTED_EDGE('',*,*,#4386,.F.);
#4386 = EDGE_CURVE('',#4387,#685,#4389,.T.);
#4387 = VERTEX_POINT('',#4388);
#4388 = CARTESIAN_POINT('',(-82.68,137.68062544935,0.399324615724));
#4389 = SURFACE_CURVE('',#4390,(#4394,#4401),.PCURVE_S1.);
#4390 = LINE('',#4391,#4392);
#4391 = CARTESIAN_POINT('',(-82.68,137.68062545469,0.399324615724));
#4392 = VECTOR('',#4393,1.);
#4393 = DIRECTION('',(1.,0.,0.));
#4394 = PCURVE('',#788,#4395);
#4395 = DEFINITIONAL_REPRESENTATION('',(#4396),#4400);
#4396 = LINE('',#4397,#4398);
#4397 = CARTESIAN_POINT('',(0.,-42.96766946823));
#4398 = VECTOR('',#4399,1.);
#4399 = DIRECTION('',(1.,0.));
#4400 = ( GEOMETRIC_REPRESENTATION_CONTEXT(2) 
PARAMETRIC_REPRESENTATION_CONTEXT() REPRESENTATION_CONTEXT('2D SPACE',''
  ) );
#4401 = PCURVE('',#574,#4402);
#4402 = DEFINITIONAL_REPRESENTATION('',(#4403),#4407);
#4403 = LINE('',#4404,#4405);
#4404 = CARTESIAN_POINT('',(-0.,-0.274505118408));
#4405 = VECTOR('',#4406,1.);
#4406 = DIRECTION('',(-1.,0.));
#4407 = ( GEOMETRIC_REPRESENTATION_CONTEXT(2) 
PARAMETRIC_REPRESENTATION_CONTEXT() REPRESENTATION_CONTEXT('2D SPACE',''
  ) );
#4408 = ORIENTED_EDGE('',*,*,#4409,.T.);
#4409 = EDGE_CURVE('',#4387,#4410,#4412,.T.);
#4410 = VERTEX_POINT('',#4411);
#4411 = CARTESIAN_POINT('',(-82.68,136.69127273336,17.402896726792));
#4412 = SURFACE_CURVE('',#4413,(#4417,#4424),.PCURVE_S1.);
#4413 = LINE('',#4414,#4415);
#4414 = CARTESIAN_POINT('',(-82.68,140.17647770923,-42.49579563185));
#4415 = VECTOR('',#4416,1.);
#4416 = DIRECTION('',(0.,-5.808674959774E-02,0.998311539311));
#4417 = PCURVE('',#788,#4418);
#4418 = DEFINITIONAL_REPRESENTATION('',(#4419),#4423);
#4419 = LINE('',#4420,#4421);
#4420 = CARTESIAN_POINT('',(0.,0.));
#4421 = VECTOR('',#4422,1.);
#4422 = DIRECTION('',(0.,-1.));
#4423 = ( GEOMETRIC_REPRESENTATION_CONTEXT(2) 
PARAMETRIC_REPRESENTATION_CONTEXT() REPRESENTATION_CONTEXT('2D SPACE',''
  ) );
#4424 = PCURVE('',#44,#4425);
#4425 = DEFINITIONAL_REPRESENTATION('',(#4426),#4430);
#4426 = LINE('',#4427,#4428);
#4427 = CARTESIAN_POINT('',(-1.570796326795,0.));
#4428 = VECTOR('',#4429,1.);
#4429 = DIRECTION('',(-0.,-1.));
#4430 = ( GEOMETRIC_REPRESENTATION_CONTEXT(2) 
PARAMETRIC_REPRESENTATION_CONTEXT() REPRESENTATION_CONTEXT('2D SPACE',''
  ) );
#4431 = ORIENTED_EDGE('',*,*,#4432,.T.);
#4432 = EDGE_CURVE('',#4410,#773,#4433,.T.);
#4433 = SURFACE_CURVE('',#4434,(#4438,#4445),.PCURVE_S1.);
#4434 = LINE('',#4435,#4436);
#4435 = CARTESIAN_POINT('',(-17.94,136.69127273603,17.402896726947));
#4436 = VECTOR('',#4437,1.);
#4437 = DIRECTION('',(1.,0.,0.));
#4438 = PCURVE('',#788,#4439);
#4439 = DEFINITIONAL_REPRESENTATION('',(#4440),#4444);
#4440 = LINE('',#4441,#4442);
#4441 = CARTESIAN_POINT('',(64.74,-60.));
#4442 = VECTOR('',#4443,1.);
#4443 = DIRECTION('',(1.,0.));
#4444 = ( GEOMETRIC_REPRESENTATION_CONTEXT(2) 
PARAMETRIC_REPRESENTATION_CONTEXT() REPRESENTATION_CONTEXT('2D SPACE',''
  ) );
#4445 = PCURVE('',#126,#4446);
#4446 = DEFINITIONAL_REPRESENTATION('',(#4447),#4451);
#4447 = LINE('',#4448,#4449);
#4448 = CARTESIAN_POINT('',(-3.891937095963E-15,12.995000000566));
#4449 = VECTOR('',#4450,1.);
#4450 = DIRECTION('',(1.,0.));
#4451 = ( GEOMETRIC_REPRESENTATION_CONTEXT(2) 
PARAMETRIC_REPRESENTATION_CONTEXT() REPRESENTATION_CONTEXT('2D SPACE',''
  ) );
#4452 = ADVANCED_FACE('',(#4453),#574,.F.);
#4453 = FACE_BOUND('',#4454,.T.);
#4454 = EDGE_LOOP('',(#4455,#4473,#4474,#4475));
#4455 = ORIENTED_EDGE('',*,*,#4456,.F.);
#4456 = EDGE_CURVE('',#4387,#559,#4457,.T.);
#4457 = SURFACE_CURVE('',#4458,(#4461,#4467),.PCURVE_S1.);
#4458 = B_SPLINE_CURVE_WITH_KNOTS('',1,(#4459,#4460),.UNSPECIFIED.,.F.,
  .F.,(2,2),(0.,12.592413085941),.PIECEWISE_BEZIER_KNOTS.);
#4459 = CARTESIAN_POINT('',(-82.68,137.68062544935,0.399324615724));
#4460 = CARTESIAN_POINT('',(-82.68,137.30386014919,0.));
#4461 = PCURVE('',#574,#4462);
#4462 = DEFINITIONAL_REPRESENTATION('',(#4463),#4466);
#4463 = B_SPLINE_CURVE_WITH_KNOTS('',1,(#4464,#4465),.UNSPECIFIED.,.F.,
  .F.,(2,2),(0.,12.592413085941),.PIECEWISE_BEZIER_KNOTS.);
#4464 = CARTESIAN_POINT('',(0.,-0.274505118408));
#4465 = CARTESIAN_POINT('',(0.,0.274505118408));
#4466 = ( GEOMETRIC_REPRESENTATION_CONTEXT(2) 
PARAMETRIC_REPRESENTATION_CONTEXT() REPRESENTATION_CONTEXT('2D SPACE',''
  ) );
#4467 = PCURVE('',#624,#4468);
#4468 = DEFINITIONAL_REPRESENTATION('',(#4469),#4472);
#4469 = B_SPLINE_CURVE_WITH_KNOTS('',1,(#4470,#4471),.UNSPECIFIED.,.F.,
  .F.,(2,2),(0.,12.592413085941),.PIECEWISE_BEZIER_KNOTS.);
#4470 = CARTESIAN_POINT('',(0.,24.636741698005));
#4471 = CARTESIAN_POINT('',(12.592413085941,24.636741698005));
#4472 = ( GEOMETRIC_REPRESENTATION_CONTEXT(2) 
PARAMETRIC_REPRESENTATION_CONTEXT() REPRESENTATION_CONTEXT('2D SPACE',''
  ) );
#4473 = ORIENTED_EDGE('',*,*,#4386,.T.);
#4474 = ORIENTED_EDGE('',*,*,#684,.T.);
#4475 = ORIENTED_EDGE('',*,*,#558,.F.);
#4476 = ADVANCED_FACE('',(#4477),#472,.T.);
#4477 = FACE_BOUND('',#4478,.T.);
#4478 = EDGE_LOOP('',(#4479,#4480,#4481,#4500));
#4479 = ORIENTED_EDGE('',*,*,#706,.F.);
#4480 = ORIENTED_EDGE('',*,*,#979,.T.);
#4481 = ORIENTED_EDGE('',*,*,#4482,.T.);
#4482 = EDGE_CURVE('',#980,#403,#4483,.T.);
#4483 = SURFACE_CURVE('',#4484,(#4488,#4494),.PCURVE_S1.);
#4484 = LINE('',#4485,#4486);
#4485 = CARTESIAN_POINT('',(54.595,119.65515091866,0.2));
#4486 = VECTOR('',#4487,1.);
#4487 = DIRECTION('',(-0.707106781187,-5.93224357051E-37,-0.707106781187
    ));
#4488 = PCURVE('',#472,#4489);
#4489 = DEFINITIONAL_REPRESENTATION('',(#4490),#4493);
#4490 = B_SPLINE_CURVE_WITH_KNOTS('',1,(#4491,#4492),.UNSPECIFIED.,.F.,
  .F.,(2,2),(-0.282842712475,0.282842712475),.PIECEWISE_BEZIER_KNOTS.);
#4491 = CARTESIAN_POINT('',(10.040187155826,-0.282842712475));
#4492 = CARTESIAN_POINT('',(10.040187155826,0.282842712475));
#4493 = ( GEOMETRIC_REPRESENTATION_CONTEXT(2) 
PARAMETRIC_REPRESENTATION_CONTEXT() REPRESENTATION_CONTEXT('2D SPACE',''
  ) );
#4494 = PCURVE('',#428,#4495);
#4495 = DEFINITIONAL_REPRESENTATION('',(#4496),#4499);
#4496 = B_SPLINE_CURVE_WITH_KNOTS('',1,(#4497,#4498),.UNSPECIFIED.,.F.,
  .F.,(2,2),(-0.282842712475,0.282842712475),.PIECEWISE_BEZIER_KNOTS.);
#4497 = CARTESIAN_POINT('',(0.,176.72606797507));
#4498 = CARTESIAN_POINT('',(2.010343989337,176.72606797507));
#4499 = ( GEOMETRIC_REPRESENTATION_CONTEXT(2) 
PARAMETRIC_REPRESENTATION_CONTEXT() REPRESENTATION_CONTEXT('2D SPACE',''
  ) );
#4500 = ORIENTED_EDGE('',*,*,#456,.F.);
#4501 = ADVANCED_FACE('',(#4502),#624,.F.);
#4502 = FACE_BOUND('',#4503,.F.);
#4503 = EDGE_LOOP('',(#4504,#4523,#4524,#4525));
#4504 = ORIENTED_EDGE('',*,*,#4505,.T.);
#4505 = EDGE_CURVE('',#22,#587,#4506,.T.);
#4506 = SURFACE_CURVE('',#4507,(#4511,#4517),.PCURVE_S1.);
#4507 = LINE('',#4508,#4509);
#4508 = CARTESIAN_POINT('',(-90.475,129.67206407742,0.2));
#4509 = VECTOR('',#4510,1.);
#4510 = DIRECTION('',(0.707106781187,1.892943673751E-34,-0.707106781187)
  );
#4511 = PCURVE('',#624,#4512);
#4512 = DEFINITIONAL_REPRESENTATION('',(#4513),#4516);
#4513 = B_SPLINE_CURVE_WITH_KNOTS('',1,(#4514,#4515),.UNSPECIFIED.,.F.,
  .F.,(2,2),(-0.282842712475,0.282842712475),.PIECEWISE_BEZIER_KNOTS.);
#4514 = CARTESIAN_POINT('',(0.,12.044328612063));
#4515 = CARTESIAN_POINT('',(12.592413085941,12.044328612063));
#4516 = ( GEOMETRIC_REPRESENTATION_CONTEXT(2) 
PARAMETRIC_REPRESENTATION_CONTEXT() REPRESENTATION_CONTEXT('2D SPACE',''
  ) );
#4517 = PCURVE('',#72,#4518);
#4518 = DEFINITIONAL_REPRESENTATION('',(#4519),#4522);
#4519 = B_SPLINE_CURVE_WITH_KNOTS('',1,(#4520,#4521),.UNSPECIFIED.,.F.,
  .F.,(2,2),(-0.282842712475,0.282842712475),.PIECEWISE_BEZIER_KNOTS.);
#4520 = CARTESIAN_POINT('',(-9.99363916169,-0.282842712475));
#4521 = CARTESIAN_POINT('',(-9.99363916169,0.282842712475));
#4522 = ( GEOMETRIC_REPRESENTATION_CONTEXT(2) 
PARAMETRIC_REPRESENTATION_CONTEXT() REPRESENTATION_CONTEXT('2D SPACE',''
  ) );
#4523 = ORIENTED_EDGE('',*,*,#586,.T.);
#4524 = ORIENTED_EDGE('',*,*,#4456,.F.);
#4525 = ORIENTED_EDGE('',*,*,#4526,.F.);
#4526 = EDGE_CURVE('',#22,#4387,#4527,.T.);
#4527 = SURFACE_CURVE('',#4528,(#4543,#4550),.PCURVE_S1.);
#4528 = B_SPLINE_CURVE_WITH_KNOTS('',7,(#4529,#4530,#4531,#4532,#4533,
    #4534,#4535,#4536,#4537,#4538,#4539,#4540,#4541,#4542),
  .UNSPECIFIED.,.F.,.F.,(8,6,8),(12.044328612063,12.067583107204,
    24.636741698005),.UNSPECIFIED.);
#4529 = CARTESIAN_POINT('',(-90.675,129.67206407742,0.4));
#4530 = CARTESIAN_POINT('',(-90.675,129.67538893414,0.4));
#4531 = CARTESIAN_POINT('',(-90.67499839228,129.67871379401,
    0.399999999982));
#4532 = CARTESIAN_POINT('',(-90.67499517688,129.68203864689,
    0.400000000003));
#4533 = CARTESIAN_POINT('',(-90.67499035378,129.68536349948,
    0.399999999987));
#4534 = CARTESIAN_POINT('',(-90.67498392294,129.68868836075,
    0.399999999803));
#4535 = CARTESIAN_POINT('',(-90.67497588436,129.69201322722,
    0.399999999339));
#4536 = CARTESIAN_POINT('',(-90.6697524114,131.49242957917,
    0.399999585958));
#4537 = CARTESIAN_POINT('',(-90.19482511297,133.28695364008,
    0.39992753769));
#4538 = CARTESIAN_POINT('',(-89.25201908765,134.93054596341,
    0.399752788897));
#4539 = CARTESIAN_POINT('',(-87.90073352592,136.27750251488,
    0.39956686987));
#4540 = CARTESIAN_POINT('',(-86.25770573257,137.21284236978,
    0.399402549268));
#4541 = CARTESIAN_POINT('',(-84.46884294282,137.68062544935,
    0.399324615724));
#4542 = CARTESIAN_POINT('',(-82.68,137.68062544935,0.399324615724));
#4543 = PCURVE('',#624,#4544);
#4544 = DEFINITIONAL_REPRESENTATION('',(#4545),#4549);
#4545 = LINE('',#4546,#4547);
#4546 = CARTESIAN_POINT('',(0.,0.));
#4547 = VECTOR('',#4548,1.);
#4548 = DIRECTION('',(0.,1.));
#4549 = ( GEOMETRIC_REPRESENTATION_CONTEXT(2) 
PARAMETRIC_REPRESENTATION_CONTEXT() REPRESENTATION_CONTEXT('2D SPACE',''
  ) );
#4550 = PCURVE('',#44,#4551);
#4551 = DEFINITIONAL_REPRESENTATION('',(#4552),#4562);
#4552 = B_SPLINE_CURVE_WITH_KNOTS('',8,(#4553,#4554,#4555,#4556,#4557,
    #4558,#4559,#4560,#4561),.UNSPECIFIED.,.F.,.F.,(9,9),(
    12.044328612063,24.636741698005),.PIECEWISE_BEZIER_KNOTS.);
#4553 = CARTESIAN_POINT('',(-3.14159265359,-43.4335350115));
#4554 = CARTESIAN_POINT('',(-2.944880742345,-43.34202679102));
#4555 = CARTESIAN_POINT('',(-2.748273105652,-43.25051579201));
#4556 = CARTESIAN_POINT('',(-2.551847239264,-43.16440356173));
#4557 = CARTESIAN_POINT('',(-2.355487079861,-43.0890673427));
#4558 = CARTESIAN_POINT('',(-2.15925257808,-43.02920674208));
#4559 = CARTESIAN_POINT('',(-1.963077112857,-42.98818217596));
#4560 = CARTESIAN_POINT('',(-1.766935596054,-42.96766946854));
#4561 = CARTESIAN_POINT('',(-1.570796326795,-42.96766946854));
#4562 = ( GEOMETRIC_REPRESENTATION_CONTEXT(2) 
PARAMETRIC_REPRESENTATION_CONTEXT() REPRESENTATION_CONTEXT('2D SPACE',''
  ) );
#4563 = ADVANCED_FACE('',(#4564),#428,.F.);
#4564 = FACE_BOUND('',#4565,.F.);
#4565 = EDGE_LOOP('',(#4566,#4567,#4568,#4601));
#4566 = ORIENTED_EDGE('',*,*,#4482,.T.);
#4567 = ORIENTED_EDGE('',*,*,#402,.T.);
#4568 = ORIENTED_EDGE('',*,*,#4569,.T.);
#4569 = EDGE_CURVE('',#380,#1054,#4570,.T.);
#4570 = SURFACE_CURVE('',#4571,(#4579,#4590),.PCURVE_S1.);
#4571 = B_SPLINE_CURVE_WITH_KNOTS('',6,(#4572,#4573,#4574,#4575,#4576,
    #4577,#4578),.UNSPECIFIED.,.F.,.F.,(7,7),(0.,1.),
  .PIECEWISE_BEZIER_KNOTS.);
#4572 = CARTESIAN_POINT('',(54.332461519964,118.05,7.133182933217E-15));
#4573 = CARTESIAN_POINT('',(54.376334986998,117.98226873735,
    6.390487461871E-02));
#4574 = CARTESIAN_POINT('',(54.416851789634,117.91529107462,
    0.127098722958));
#4575 = CARTESIAN_POINT('',(54.45381772252,117.84929936521,
    0.189362318101));
#4576 = CARTESIAN_POINT('',(54.487092156308,117.78456759661,
    0.250437151116));
#4577 = CARTESIAN_POINT('',(54.51662354881,117.72139521551,0.31004069217
    ));
#4578 = CARTESIAN_POINT('',(54.54245579557,117.66005537776,0.36791521699
    ));
#4579 = PCURVE('',#428,#4580);
#4580 = DEFINITIONAL_REPRESENTATION('',(#4581),#4589);
#4581 = B_SPLINE_CURVE_WITH_KNOTS('',6,(#4582,#4583,#4584,#4585,#4586,
    #4587,#4588),.UNSPECIFIED.,.F.,.F.,(7,7),(0.,1.),
  .PIECEWISE_BEZIER_KNOTS.);
#4582 = CARTESIAN_POINT('',(2.010343989337,178.33756945439));
#4583 = CARTESIAN_POINT('',(1.677822876027,178.40126892777));
#4584 = CARTESIAN_POINT('',(1.344401299434,178.46410018977));
#4585 = CARTESIAN_POINT('',(1.009988126596,178.52590945691));
#4586 = CARTESIAN_POINT('',(0.674494123422,178.5865035396));
#4587 = CARTESIAN_POINT('',(0.337843161026,178.64565977786));
#4588 = CARTESIAN_POINT('',(0.,178.70316874505));
#4589 = ( GEOMETRIC_REPRESENTATION_CONTEXT(2) 
PARAMETRIC_REPRESENTATION_CONTEXT() REPRESENTATION_CONTEXT('2D SPACE',''
  ) );
#4590 = PCURVE('',#189,#4591);
#4591 = DEFINITIONAL_REPRESENTATION('',(#4592),#4600);
#4592 = B_SPLINE_CURVE_WITH_KNOTS('',6,(#4593,#4594,#4595,#4596,#4597,
    #4598,#4599),.UNSPECIFIED.,.F.,.F.,(7,7),(0.,1.),
  .PIECEWISE_BEZIER_KNOTS.);
#4593 = CARTESIAN_POINT('',(144.74676174687,-0.290941471722));
#4594 = CARTESIAN_POINT('',(144.7906352139,-0.197821350699));
#4595 = CARTESIAN_POINT('',(144.83115201654,-0.105737314226));
#4596 = CARTESIAN_POINT('',(144.86811794943,-1.500881268895E-02));
#4597 = CARTESIAN_POINT('',(144.90139238321,7.398746303636E-02));
#4598 = CARTESIAN_POINT('',(144.93092377572,0.160839819596));
#4599 = CARTESIAN_POINT('',(144.95675602248,0.245172709497));
#4600 = ( GEOMETRIC_REPRESENTATION_CONTEXT(2) 
PARAMETRIC_REPRESENTATION_CONTEXT() REPRESENTATION_CONTEXT('2D SPACE',''
  ) );
#4601 = ORIENTED_EDGE('',*,*,#1053,.F.);
#4602 = ADVANCED_FACE('',(#4603),#189,.T.);
#4603 = FACE_BOUND('',#4604,.T.);
#4604 = EDGE_LOOP('',(#4605,#4606,#4607,#4608,#4609,#4630));
#4605 = ORIENTED_EDGE('',*,*,#283,.F.);
#4606 = ORIENTED_EDGE('',*,*,#379,.T.);
#4607 = ORIENTED_EDGE('',*,*,#4569,.T.);
#4608 = ORIENTED_EDGE('',*,*,#1086,.T.);
#4609 = ORIENTED_EDGE('',*,*,#4610,.F.);
#4610 = EDGE_CURVE('',#144,#1087,#4611,.T.);
#4611 = SURFACE_CURVE('',#4612,(#4616,#4623),.PCURVE_S1.);
#4612 = LINE('',#4613,#4614);
#4613 = CARTESIAN_POINT('',(-90.41430022691,117.62676530016,
    0.399324615724));
#4614 = VECTOR('',#4615,1.);
#4615 = DIRECTION('',(1.,0.,0.));
#4616 = PCURVE('',#189,#4617);
#4617 = DEFINITIONAL_REPRESENTATION('',(#4618),#4622);
#4618 = LINE('',#4619,#4620);
#4619 = CARTESIAN_POINT('',(0.,0.290941471722));
#4620 = VECTOR('',#4621,1.);
#4621 = DIRECTION('',(1.,0.));
#4622 = ( GEOMETRIC_REPRESENTATION_CONTEXT(2) 
PARAMETRIC_REPRESENTATION_CONTEXT() REPRESENTATION_CONTEXT('2D SPACE',''
  ) );
#4623 = PCURVE('',#158,#4624);
#4624 = DEFINITIONAL_REPRESENTATION('',(#4625),#4629);
#4625 = LINE('',#4626,#4627);
#4626 = CARTESIAN_POINT('',(45.132533021495,127.52569977308));
#4627 = VECTOR('',#4628,1.);
#4628 = DIRECTION('',(0.,1.));
#4629 = ( GEOMETRIC_REPRESENTATION_CONTEXT(2) 
PARAMETRIC_REPRESENTATION_CONTEXT() REPRESENTATION_CONTEXT('2D SPACE',''
  ) );
#4630 = ORIENTED_EDGE('',*,*,#169,.F.);
#4631 = ADVANCED_FACE('',(#4632),#158,.F.);
#4632 = FACE_BOUND('',#4633,.F.);
#4633 = EDGE_LOOP('',(#4634,#4635,#4636,#4655,#4656,#4657,#4658,#4659));
#4634 = ORIENTED_EDGE('',*,*,#4610,.F.);
#4635 = ORIENTED_EDGE('',*,*,#141,.F.);
#4636 = ORIENTED_EDGE('',*,*,#4637,.F.);
#4637 = EDGE_CURVE('',#3805,#142,#4638,.T.);
#4638 = SURFACE_CURVE('',#4639,(#4643,#4649),.PCURVE_S1.);
#4639 = LINE('',#4640,#4641);
#4640 = CARTESIAN_POINT('',(-117.94,116.70507571903,16.24));
#4641 = VECTOR('',#4642,1.);
#4642 = DIRECTION('',(-1.,-0.,0.));
#4643 = PCURVE('',#158,#4644);
#4644 = DEFINITIONAL_REPRESENTATION('',(#4645),#4648);
#4645 = B_SPLINE_CURVE_WITH_KNOTS('',1,(#4646,#4647),.UNSPECIFIED.,.F.,
  .F.,(2,2),(-172.735,-27.265),.PIECEWISE_BEZIER_KNOTS.);
#4646 = CARTESIAN_POINT('',(61.,272.735));
#4647 = CARTESIAN_POINT('',(61.,127.265));
#4648 = ( GEOMETRIC_REPRESENTATION_CONTEXT(2) 
PARAMETRIC_REPRESENTATION_CONTEXT() REPRESENTATION_CONTEXT('2D SPACE',''
  ) );
#4649 = PCURVE('',#126,#4650);
#4650 = DEFINITIONAL_REPRESENTATION('',(#4651),#4654);
#4651 = B_SPLINE_CURVE_WITH_KNOTS('',1,(#4652,#4653),.UNSPECIFIED.,.F.,
  .F.,(2,2),(-172.735,-27.265),.PIECEWISE_BEZIER_KNOTS.);
#4652 = CARTESIAN_POINT('',(72.735,-7.024999999434));
#4653 = CARTESIAN_POINT('',(-72.735,-7.024999999434));
#4654 = ( GEOMETRIC_REPRESENTATION_CONTEXT(2) 
PARAMETRIC_REPRESENTATION_CONTEXT() REPRESENTATION_CONTEXT('2D SPACE',''
  ) );
#4655 = ORIENTED_EDGE('',*,*,#3826,.T.);
#4656 = ORIENTED_EDGE('',*,*,#4114,.T.);
#4657 = ORIENTED_EDGE('',*,*,#4266,.F.);
#4658 = ORIENTED_EDGE('',*,*,#1614,.T.);
#4659 = ORIENTED_EDGE('',*,*,#1113,.T.);
#4660 = ADVANCED_FACE('',(#4661,#4696,#4727),#126,.T.);
#4661 = FACE_BOUND('',#4662,.T.);
#4662 = EDGE_LOOP('',(#4663,#4664,#4665,#4666,#4667,#4668,#4669,#4670,
    #4671,#4672,#4673,#4674));
#4663 = ORIENTED_EDGE('',*,*,#112,.F.);
#4664 = ORIENTED_EDGE('',*,*,#258,.T.);
#4665 = ORIENTED_EDGE('',*,*,#4637,.F.);
#4666 = ORIENTED_EDGE('',*,*,#3804,.T.);
#4667 = ORIENTED_EDGE('',*,*,#3350,.F.);
#4668 = ORIENTED_EDGE('',*,*,#3876,.F.);
#4669 = ORIENTED_EDGE('',*,*,#4015,.F.);
#4670 = ORIENTED_EDGE('',*,*,#4088,.T.);
#4671 = ORIENTED_EDGE('',*,*,#4361,.T.);
#4672 = ORIENTED_EDGE('',*,*,#953,.T.);
#4673 = ORIENTED_EDGE('',*,*,#4432,.F.);
#4674 = ORIENTED_EDGE('',*,*,#4675,.T.);
#4675 = EDGE_CURVE('',#4410,#24,#4676,.T.);
#4676 = SURFACE_CURVE('',#4677,(#4682,#4689),.PCURVE_S1.);
#4677 = CIRCLE('',#4678,7.995);
#4678 = AXIS2_PLACEMENT_3D('',#4679,#4680,#4681);
#4679 = CARTESIAN_POINT('',(-82.68,128.70977197391,16.938493163603));
#4680 = DIRECTION('',(0.,-5.808674959774E-02,0.998311539311));
#4681 = DIRECTION('',(1.,0.,0.));
#4682 = PCURVE('',#126,#4683);
#4683 = DEFINITIONAL_REPRESENTATION('',(#4684),#4688);
#4684 = CIRCLE('',#4685,7.995);
#4685 = AXIS2_PLACEMENT_2D('',#4686,#4687);
#4686 = CARTESIAN_POINT('',(-64.74,4.999999995228));
#4687 = DIRECTION('',(1.,0.));
#4688 = ( GEOMETRIC_REPRESENTATION_CONTEXT(2) 
PARAMETRIC_REPRESENTATION_CONTEXT() REPRESENTATION_CONTEXT('2D SPACE',''
  ) );
#4689 = PCURVE('',#44,#4690);
#4690 = DEFINITIONAL_REPRESENTATION('',(#4691),#4695);
#4691 = LINE('',#4692,#4693);
#4692 = CARTESIAN_POINT('',(-0.,-60.));
#4693 = VECTOR('',#4694,1.);
#4694 = DIRECTION('',(-1.,0.));
#4695 = ( GEOMETRIC_REPRESENTATION_CONTEXT(2) 
PARAMETRIC_REPRESENTATION_CONTEXT() REPRESENTATION_CONTEXT('2D SPACE',''
  ) );
#4696 = FACE_BOUND('',#4697,.T.);
#4697 = EDGE_LOOP('',(#4698));
#4698 = ORIENTED_EDGE('',*,*,#4699,.F.);
#4699 = EDGE_CURVE('',#4700,#4700,#4702,.T.);
#4700 = VERTEX_POINT('',#4701);
#4701 = CARTESIAN_POINT('',(-74.425,129.70309196085,16.996289479763));
#4702 = SURFACE_CURVE('',#4703,(#4708,#4715),.PCURVE_S1.);
#4703 = CIRCLE('',#4704,2.25);
#4704 = AXIS2_PLACEMENT_3D('',#4705,#4706,#4707);
#4705 = CARTESIAN_POINT('',(-76.675,129.70309196085,16.996289479763));
#4706 = DIRECTION('',(0.,-5.808674959774E-02,0.998311539311));
#4707 = DIRECTION('',(1.,0.,0.));
#4708 = PCURVE('',#126,#4709);
#4709 = DEFINITIONAL_REPRESENTATION('',(#4710),#4714);
#4710 = CIRCLE('',#4711,2.25);
#4711 = AXIS2_PLACEMENT_2D('',#4712,#4713);
#4712 = CARTESIAN_POINT('',(-58.735,5.995000000566));
#4713 = DIRECTION('',(1.,0.));
#4714 = ( GEOMETRIC_REPRESENTATION_CONTEXT(2) 
PARAMETRIC_REPRESENTATION_CONTEXT() REPRESENTATION_CONTEXT('2D SPACE',''
  ) );
#4715 = PCURVE('',#4716,#4721);
#4716 = CYLINDRICAL_SURFACE('',#4717,2.25);
#4717 = AXIS2_PLACEMENT_3D('',#4718,#4719,#4720);
#4718 = CARTESIAN_POINT('',(-76.675,129.70309196085,16.996289479763));
#4719 = DIRECTION('',(0.,-5.808674959774E-02,0.998311539311));
#4720 = DIRECTION('',(1.,0.,0.));
#4721 = DEFINITIONAL_REPRESENTATION('',(#4722),#4726);
#4722 = LINE('',#4723,#4724);
#4723 = CARTESIAN_POINT('',(0.,0.));
#4724 = VECTOR('',#4725,1.);
#4725 = DIRECTION('',(1.,0.));
#4726 = ( GEOMETRIC_REPRESENTATION_CONTEXT(2) 
PARAMETRIC_REPRESENTATION_CONTEXT() REPRESENTATION_CONTEXT('2D SPACE',''
  ) );
#4727 = FACE_BOUND('',#4728,.T.);
#4728 = EDGE_LOOP('',(#4729));
#4729 = ORIENTED_EDGE('',*,*,#4730,.F.);
#4730 = EDGE_CURVE('',#4731,#4731,#4733,.T.);
#4731 = VERTEX_POINT('',#4732);
#4732 = CARTESIAN_POINT('',(43.045,129.70309196085,16.996289479763));
#4733 = SURFACE_CURVE('',#4734,(#4739,#4746),.PCURVE_S1.);
#4734 = CIRCLE('',#4735,2.25);
#4735 = AXIS2_PLACEMENT_3D('',#4736,#4737,#4738);
#4736 = CARTESIAN_POINT('',(40.795,129.70309196085,16.996289479763));
#4737 = DIRECTION('',(0.,-5.808674959774E-02,0.998311539311));
#4738 = DIRECTION('',(1.,0.,0.));
#4739 = PCURVE('',#126,#4740);
#4740 = DEFINITIONAL_REPRESENTATION('',(#4741),#4745);
#4741 = CIRCLE('',#4742,2.25);
#4742 = AXIS2_PLACEMENT_2D('',#4743,#4744);
#4743 = CARTESIAN_POINT('',(58.735,5.995000000566));
#4744 = DIRECTION('',(1.,0.));
#4745 = ( GEOMETRIC_REPRESENTATION_CONTEXT(2) 
PARAMETRIC_REPRESENTATION_CONTEXT() REPRESENTATION_CONTEXT('2D SPACE',''
  ) );
#4746 = PCURVE('',#4747,#4752);
#4747 = CYLINDRICAL_SURFACE('',#4748,2.25);
#4748 = AXIS2_PLACEMENT_3D('',#4749,#4750,#4751);
#4749 = CARTESIAN_POINT('',(40.795,129.70309196085,16.996289479763));
#4750 = DIRECTION('',(0.,-5.808674959774E-02,0.998311539311));
#4751 = DIRECTION('',(1.,0.,0.));
#4752 = DEFINITIONAL_REPRESENTATION('',(#4753),#4757);
#4753 = LINE('',#4754,#4755);
#4754 = CARTESIAN_POINT('',(0.,0.));
#4755 = VECTOR('',#4756,1.);
#4756 = DIRECTION('',(1.,0.));
#4757 = ( GEOMETRIC_REPRESENTATION_CONTEXT(2) 
PARAMETRIC_REPRESENTATION_CONTEXT() REPRESENTATION_CONTEXT('2D SPACE',''
  ) );
#4758 = ADVANCED_FACE('',(#4759),#4747,.T.);
#4759 = FACE_BOUND('',#4760,.T.);
#4760 = EDGE_LOOP('',(#4761,#4790,#4811,#4812));
#4761 = ORIENTED_EDGE('',*,*,#4762,.F.);
#4762 = EDGE_CURVE('',#4763,#4763,#4765,.T.);
#4763 = VERTEX_POINT('',#4764);
#4764 = CARTESIAN_POINT('',(43.045,129.64500521125,17.994601019073));
#4765 = SURFACE_CURVE('',#4766,(#4771,#4778),.PCURVE_S1.);
#4766 = CIRCLE('',#4767,2.25);
#4767 = AXIS2_PLACEMENT_3D('',#4768,#4769,#4770);
#4768 = CARTESIAN_POINT('',(40.795,129.64500521125,17.994601019073));
#4769 = DIRECTION('',(0.,-5.808674959774E-02,0.998311539311));
#4770 = DIRECTION('',(1.,0.,0.));
#4771 = PCURVE('',#4747,#4772);
#4772 = DEFINITIONAL_REPRESENTATION('',(#4773),#4777);
#4773 = LINE('',#4774,#4775);
#4774 = CARTESIAN_POINT('',(0.,1.));
#4775 = VECTOR('',#4776,1.);
#4776 = DIRECTION('',(1.,0.));
#4777 = ( GEOMETRIC_REPRESENTATION_CONTEXT(2) 
PARAMETRIC_REPRESENTATION_CONTEXT() REPRESENTATION_CONTEXT('2D SPACE',''
  ) );
#4778 = PCURVE('',#4779,#4784);
#4779 = PLANE('',#4780);
#4780 = AXIS2_PLACEMENT_3D('',#4781,#4782,#4783);
#4781 = CARTESIAN_POINT('',(-217.94,116.64698896943,17.238311539311));
#4782 = DIRECTION('',(0.,-5.808674959774E-02,0.998311539311));
#4783 = DIRECTION('',(1.,0.,0.));
#4784 = DEFINITIONAL_REPRESENTATION('',(#4785),#4789);
#4785 = CIRCLE('',#4786,2.25);
#4786 = AXIS2_PLACEMENT_2D('',#4787,#4788);
#4787 = CARTESIAN_POINT('',(258.735,13.02));
#4788 = DIRECTION('',(1.,0.));
#4789 = ( GEOMETRIC_REPRESENTATION_CONTEXT(2) 
PARAMETRIC_REPRESENTATION_CONTEXT() REPRESENTATION_CONTEXT('2D SPACE',''
  ) );
#4790 = ORIENTED_EDGE('',*,*,#4791,.F.);
#4791 = EDGE_CURVE('',#4731,#4763,#4792,.T.);
#4792 = SEAM_CURVE('',#4793,(#4797,#4804),.PCURVE_S1.);
#4793 = LINE('',#4794,#4795);
#4794 = CARTESIAN_POINT('',(43.045,129.70309196085,16.996289479763));
#4795 = VECTOR('',#4796,1.);
#4796 = DIRECTION('',(0.,-5.808674959774E-02,0.998311539311));
#4797 = PCURVE('',#4747,#4798);
#4798 = DEFINITIONAL_REPRESENTATION('',(#4799),#4803);
#4799 = LINE('',#4800,#4801);
#4800 = CARTESIAN_POINT('',(6.28318530718,-0.));
#4801 = VECTOR('',#4802,1.);
#4802 = DIRECTION('',(0.,1.));
#4803 = ( GEOMETRIC_REPRESENTATION_CONTEXT(2) 
PARAMETRIC_REPRESENTATION_CONTEXT() REPRESENTATION_CONTEXT('2D SPACE',''
  ) );
#4804 = PCURVE('',#4747,#4805);
#4805 = DEFINITIONAL_REPRESENTATION('',(#4806),#4810);
#4806 = LINE('',#4807,#4808);
#4807 = CARTESIAN_POINT('',(0.,-0.));
#4808 = VECTOR('',#4809,1.);
#4809 = DIRECTION('',(0.,1.));
#4810 = ( GEOMETRIC_REPRESENTATION_CONTEXT(2) 
PARAMETRIC_REPRESENTATION_CONTEXT() REPRESENTATION_CONTEXT('2D SPACE',''
  ) );
#4811 = ORIENTED_EDGE('',*,*,#4730,.T.);
#4812 = ORIENTED_EDGE('',*,*,#4791,.T.);
#4813 = ADVANCED_FACE('',(#4814),#4779,.T.);
#4814 = FACE_BOUND('',#4815,.T.);
#4815 = EDGE_LOOP('',(#4816));
#4816 = ORIENTED_EDGE('',*,*,#4762,.T.);
#4817 = ADVANCED_FACE('',(#4818),#4716,.T.);
#4818 = FACE_BOUND('',#4819,.T.);
#4819 = EDGE_LOOP('',(#4820,#4849,#4870,#4871));
#4820 = ORIENTED_EDGE('',*,*,#4821,.F.);
#4821 = EDGE_CURVE('',#4822,#4822,#4824,.T.);
#4822 = VERTEX_POINT('',#4823);
#4823 = CARTESIAN_POINT('',(-74.425,129.64500521125,17.994601019073));
#4824 = SURFACE_CURVE('',#4825,(#4830,#4837),.PCURVE_S1.);
#4825 = CIRCLE('',#4826,2.25);
#4826 = AXIS2_PLACEMENT_3D('',#4827,#4828,#4829);
#4827 = CARTESIAN_POINT('',(-76.675,129.64500521125,17.994601019073));
#4828 = DIRECTION('',(0.,-5.808674959774E-02,0.998311539311));
#4829 = DIRECTION('',(1.,0.,0.));
#4830 = PCURVE('',#4716,#4831);
#4831 = DEFINITIONAL_REPRESENTATION('',(#4832),#4836);
#4832 = LINE('',#4833,#4834);
#4833 = CARTESIAN_POINT('',(0.,1.));
#4834 = VECTOR('',#4835,1.);
#4835 = DIRECTION('',(1.,0.));
#4836 = ( GEOMETRIC_REPRESENTATION_CONTEXT(2) 
PARAMETRIC_REPRESENTATION_CONTEXT() REPRESENTATION_CONTEXT('2D SPACE',''
  ) );
#4837 = PCURVE('',#4838,#4843);
#4838 = PLANE('',#4839);
#4839 = AXIS2_PLACEMENT_3D('',#4840,#4841,#4842);
#4840 = CARTESIAN_POINT('',(-217.94,116.64698896943,17.238311539311));
#4841 = DIRECTION('',(0.,-5.808674959774E-02,0.998311539311));
#4842 = DIRECTION('',(1.,0.,0.));
#4843 = DEFINITIONAL_REPRESENTATION('',(#4844),#4848);
#4844 = CIRCLE('',#4845,2.25);
#4845 = AXIS2_PLACEMENT_2D('',#4846,#4847);
#4846 = CARTESIAN_POINT('',(141.265,13.02));
#4847 = DIRECTION('',(1.,0.));
#4848 = ( GEOMETRIC_REPRESENTATION_CONTEXT(2) 
PARAMETRIC_REPRESENTATION_CONTEXT() REPRESENTATION_CONTEXT('2D SPACE',''
  ) );
#4849 = ORIENTED_EDGE('',*,*,#4850,.F.);
#4850 = EDGE_CURVE('',#4700,#4822,#4851,.T.);
#4851 = SEAM_CURVE('',#4852,(#4856,#4863),.PCURVE_S1.);
#4852 = LINE('',#4853,#4854);
#4853 = CARTESIAN_POINT('',(-74.425,129.70309196085,16.996289479763));
#4854 = VECTOR('',#4855,1.);
#4855 = DIRECTION('',(0.,-5.808674959774E-02,0.998311539311));
#4856 = PCURVE('',#4716,#4857);
#4857 = DEFINITIONAL_REPRESENTATION('',(#4858),#4862);
#4858 = LINE('',#4859,#4860);
#4859 = CARTESIAN_POINT('',(6.28318530718,-0.));
#4860 = VECTOR('',#4861,1.);
#4861 = DIRECTION('',(0.,1.));
#4862 = ( GEOMETRIC_REPRESENTATION_CONTEXT(2) 
PARAMETRIC_REPRESENTATION_CONTEXT() REPRESENTATION_CONTEXT('2D SPACE',''
  ) );
#4863 = PCURVE('',#4716,#4864);
#4864 = DEFINITIONAL_REPRESENTATION('',(#4865),#4869);
#4865 = LINE('',#4866,#4867);
#4866 = CARTESIAN_POINT('',(0.,-0.));
#4867 = VECTOR('',#4868,1.);
#4868 = DIRECTION('',(0.,1.));
#4869 = ( GEOMETRIC_REPRESENTATION_CONTEXT(2) 
PARAMETRIC_REPRESENTATION_CONTEXT() REPRESENTATION_CONTEXT('2D SPACE',''
  ) );
#4870 = ORIENTED_EDGE('',*,*,#4699,.T.);
#4871 = ORIENTED_EDGE('',*,*,#4850,.T.);
#4872 = ADVANCED_FACE('',(#4873),#4838,.T.);
#4873 = FACE_BOUND('',#4874,.T.);
#4874 = EDGE_LOOP('',(#4875));
#4875 = ORIENTED_EDGE('',*,*,#4821,.T.);
#4876 = ADVANCED_FACE('',(#4877),#72,.F.);
#4877 = FACE_BOUND('',#4878,.T.);
#4878 = EDGE_LOOP('',(#4879,#4880,#4881,#4882));
#4879 = ORIENTED_EDGE('',*,*,#356,.F.);
#4880 = ORIENTED_EDGE('',*,*,#56,.T.);
#4881 = ORIENTED_EDGE('',*,*,#4505,.T.);
#4882 = ORIENTED_EDGE('',*,*,#660,.F.);
#4883 = ADVANCED_FACE('',(#4884),#44,.T.);
#4884 = FACE_BOUND('',#4885,.F.);
#4885 = EDGE_LOOP('',(#4886,#4887,#4888,#4889));
#4886 = ORIENTED_EDGE('',*,*,#21,.F.);
#4887 = ORIENTED_EDGE('',*,*,#4526,.T.);
#4888 = ORIENTED_EDGE('',*,*,#4409,.T.);
#4889 = ORIENTED_EDGE('',*,*,#4675,.T.);
#4890 = ORIENTED_CLOSED_SHELL('',*,#4891,.F.);
#4891 = CLOSED_SHELL('',(#4892,#5008,#5081,#5146,#5178,#5203));
#4892 = ADVANCED_FACE('',(#4893),#4907,.T.);
#4893 = FACE_BOUND('',#4894,.T.);
#4894 = EDGE_LOOP('',(#4895,#4928,#4956,#4984));
#4895 = ORIENTED_EDGE('',*,*,#4896,.F.);
#4896 = EDGE_CURVE('',#4897,#4899,#4901,.T.);
#4897 = VERTEX_POINT('',#4898);
#4898 = CARTESIAN_POINT('',(-87.675,119.87427058575,13.419325630861));
#4899 = VERTEX_POINT('',#4900);
#4900 = CARTESIAN_POINT('',(-87.675,120.53870396389,2.));
#4901 = SURFACE_CURVE('',#4902,(#4906,#4917),.PCURVE_S1.);
#4902 = LINE('',#4903,#4904);
#4903 = CARTESIAN_POINT('',(-87.675,123.33043218682,-45.98021095813));
#4904 = VECTOR('',#4905,1.);
#4905 = DIRECTION('',(0.,5.808674959774E-02,-0.998311539311));
#4906 = PCURVE('',#4907,#4912);
#4907 = PLANE('',#4908);
#4908 = AXIS2_PLACEMENT_3D('',#4909,#4910,#4911);
#4909 = CARTESIAN_POINT('',(-87.675,122.38612181079,-46.53600130864));
#4910 = DIRECTION('',(-1.,0.,0.));
#4911 = DIRECTION('',(0.,0.998311539311,5.808674959774E-02));
#4912 = DEFINITIONAL_REPRESENTATION('',(#4913),#4916);
#4913 = B_SPLINE_CURVE_WITH_KNOTS('',1,(#4914,#4915),.UNSPECIFIED.,.F.,
  .F.,(2,2),(-59.5,-0.5),.PIECEWISE_BEZIER_KNOTS.);
#4914 = CARTESIAN_POINT('',(0.975,-60.));
#4915 = CARTESIAN_POINT('',(0.975,-1.));
#4916 = ( GEOMETRIC_REPRESENTATION_CONTEXT(2) 
PARAMETRIC_REPRESENTATION_CONTEXT() REPRESENTATION_CONTEXT('2D SPACE',''
  ) );
#4917 = PCURVE('',#4918,#4923);
#4918 = PLANE('',#4919);
#4919 = AXIS2_PLACEMENT_3D('',#4920,#4921,#4922);
#4920 = CARTESIAN_POINT('',(-267.94,123.30138881202,-45.48105518847));
#4921 = DIRECTION('',(0.,0.998311539311,5.808674959774E-02));
#4922 = DIRECTION('',(0.,-5.808674959774E-02,0.998311539311));
#4923 = DEFINITIONAL_REPRESENTATION('',(#4924),#4927);
#4924 = B_SPLINE_CURVE_WITH_KNOTS('',1,(#4925,#4926),.UNSPECIFIED.,.F.,
  .F.,(2,2),(-59.5,-0.5),.PIECEWISE_BEZIER_KNOTS.);
#4925 = CARTESIAN_POINT('',(59.,180.265));
#4926 = CARTESIAN_POINT('',(0.,180.265));
#4927 = ( GEOMETRIC_REPRESENTATION_CONTEXT(2) 
PARAMETRIC_REPRESENTATION_CONTEXT() REPRESENTATION_CONTEXT('2D SPACE',''
  ) );
#4928 = ORIENTED_EDGE('',*,*,#4929,.T.);
#4929 = EDGE_CURVE('',#4897,#4930,#4932,.T.);
#4930 = VERTEX_POINT('',#4931);
#4931 = CARTESIAN_POINT('',(-87.675,128.88403221042,13.943558544955));
#4932 = SURFACE_CURVE('',#4933,(#4937,#4944),.PCURVE_S1.);
#4933 = LINE('',#4934,#4935);
#4934 = CARTESIAN_POINT('',(-87.675,123.89247453148,13.653124797992));
#4935 = VECTOR('',#4936,1.);
#4936 = DIRECTION('',(0.,0.998311539311,5.808674959774E-02));
#4937 = PCURVE('',#4907,#4938);
#4938 = DEFINITIONAL_REPRESENTATION('',(#4939),#4943);
#4939 = LINE('',#4940,#4941);
#4940 = CARTESIAN_POINT('',(5.,-60.));
#4941 = VECTOR('',#4942,1.);
#4942 = DIRECTION('',(1.,0.));
#4943 = ( GEOMETRIC_REPRESENTATION_CONTEXT(2) 
PARAMETRIC_REPRESENTATION_CONTEXT() REPRESENTATION_CONTEXT('2D SPACE',''
  ) );
#4944 = PCURVE('',#4945,#4950);
#4945 = PLANE('',#4946);
#4946 = AXIS2_PLACEMENT_3D('',#4947,#4948,#4949);
#4947 = CARTESIAN_POINT('',(-17.94,123.89247453003,13.653124797907));
#4948 = DIRECTION('',(0.,-5.808674959774E-02,0.998311539311));
#4949 = DIRECTION('',(1.,0.,0.));
#4950 = DEFINITIONAL_REPRESENTATION('',(#4951),#4955);
#4951 = LINE('',#4952,#4953);
#4952 = CARTESIAN_POINT('',(-69.735,1.45220968799E-09));
#4953 = VECTOR('',#4954,1.);
#4954 = DIRECTION('',(0.,1.));
#4955 = ( GEOMETRIC_REPRESENTATION_CONTEXT(2) 
PARAMETRIC_REPRESENTATION_CONTEXT() REPRESENTATION_CONTEXT('2D SPACE',''
  ) );
#4956 = ORIENTED_EDGE('',*,*,#4957,.F.);
#4957 = EDGE_CURVE('',#4958,#4930,#4960,.T.);
#4958 = VERTEX_POINT('',#4959);
#4959 = CARTESIAN_POINT('',(-87.675,129.57896807682,2.));
#4960 = SURFACE_CURVE('',#4961,(#4965,#4972),.PCURVE_S1.);
#4961 = LINE('',#4962,#4963);
#4962 = CARTESIAN_POINT('',(-87.675,132.36923718628,-45.95513381369));
#4963 = VECTOR('',#4964,1.);
#4964 = DIRECTION('',(0.,-5.808674959774E-02,0.998311539311));
#4965 = PCURVE('',#4907,#4966);
#4966 = DEFINITIONAL_REPRESENTATION('',(#4967),#4971);
#4967 = LINE('',#4968,#4969);
#4968 = CARTESIAN_POINT('',(9.999999982356,0.));
#4969 = VECTOR('',#4970,1.);
#4970 = DIRECTION('',(0.,-1.));
#4971 = ( GEOMETRIC_REPRESENTATION_CONTEXT(2) 
PARAMETRIC_REPRESENTATION_CONTEXT() REPRESENTATION_CONTEXT('2D SPACE',''
  ) );
#4972 = PCURVE('',#4973,#4978);
#4973 = CYLINDRICAL_SURFACE('',#4974,4.995);
#4974 = AXIS2_PLACEMENT_3D('',#4975,#4976,#4977);
#4975 = CARTESIAN_POINT('',(-82.68,132.36923718628,-45.95513381369));
#4976 = DIRECTION('',(0.,5.808674959774E-02,-0.998311539311));
#4977 = DIRECTION('',(1.,0.,0.));
#4978 = DEFINITIONAL_REPRESENTATION('',(#4979),#4983);
#4979 = LINE('',#4980,#4981);
#4980 = CARTESIAN_POINT('',(-3.14159265359,0.));
#4981 = VECTOR('',#4982,1.);
#4982 = DIRECTION('',(-0.,-1.));
#4983 = ( GEOMETRIC_REPRESENTATION_CONTEXT(2) 
PARAMETRIC_REPRESENTATION_CONTEXT() REPRESENTATION_CONTEXT('2D SPACE',''
  ) );
#4984 = ORIENTED_EDGE('',*,*,#4985,.F.);
#4985 = EDGE_CURVE('',#4899,#4958,#4986,.T.);
#4986 = SURFACE_CURVE('',#4987,(#4991,#4997),.PCURVE_S1.);
#4987 = LINE('',#4988,#4989);
#4988 = CARTESIAN_POINT('',(-87.675,-88.8069390946,2.));
#4989 = VECTOR('',#4990,1.);
#4990 = DIRECTION('',(0.,1.,-0.));
#4991 = PCURVE('',#4907,#4992);
#4992 = DEFINITIONAL_REPRESENTATION('',(#4993),#4996);
#4993 = B_SPLINE_CURVE_WITH_KNOTS('',1,(#4994,#4995),.UNSPECIFIED.,.F.,
  .F.,(2,2),(209.34564305849,218.38590717142),.PIECEWISE_BEZIER_KNOTS.);
#4994 = CARTESIAN_POINT('',(0.975,-48.5613606763));
#4995 = CARTESIAN_POINT('',(9.999999982356,-48.03624111847));
#4996 = ( GEOMETRIC_REPRESENTATION_CONTEXT(2) 
PARAMETRIC_REPRESENTATION_CONTEXT() REPRESENTATION_CONTEXT('2D SPACE',''
  ) );
#4997 = PCURVE('',#4998,#5003);
#4998 = PLANE('',#4999);
#4999 = AXIS2_PLACEMENT_3D('',#5000,#5001,#5002);
#5000 = CARTESIAN_POINT('',(-300.,-300.,2.));
#5001 = DIRECTION('',(0.,0.,1.));
#5002 = DIRECTION('',(1.,0.,-0.));
#5003 = DEFINITIONAL_REPRESENTATION('',(#5004),#5007);
#5004 = B_SPLINE_CURVE_WITH_KNOTS('',1,(#5005,#5006),.UNSPECIFIED.,.F.,
  .F.,(2,2),(209.34564305849,218.38590717142),.PIECEWISE_BEZIER_KNOTS.);
#5005 = CARTESIAN_POINT('',(212.325,420.53870396389));
#5006 = CARTESIAN_POINT('',(212.325,429.57896807682));
#5007 = ( GEOMETRIC_REPRESENTATION_CONTEXT(2) 
PARAMETRIC_REPRESENTATION_CONTEXT() REPRESENTATION_CONTEXT('2D SPACE',''
  ) );
#5008 = ADVANCED_FACE('',(#5009),#4945,.T.);
#5009 = FACE_BOUND('',#5010,.T.);
#5010 = EDGE_LOOP('',(#5011,#5012,#5033,#5059));
#5011 = ORIENTED_EDGE('',*,*,#4929,.F.);
#5012 = ORIENTED_EDGE('',*,*,#5013,.F.);
#5013 = EDGE_CURVE('',#5014,#4897,#5016,.T.);
#5014 = VERTEX_POINT('',#5015);
#5015 = CARTESIAN_POINT('',(-85.14,119.87427058575,13.419325630861));
#5016 = SURFACE_CURVE('',#5017,(#5021,#5027),.PCURVE_S1.);
#5017 = LINE('',#5018,#5019);
#5018 = CARTESIAN_POINT('',(-142.94,119.87427058575,13.419325630861));
#5019 = VECTOR('',#5020,1.);
#5020 = DIRECTION('',(-1.,-0.,0.));
#5021 = PCURVE('',#4945,#5022);
#5022 = DEFINITIONAL_REPRESENTATION('',(#5023),#5026);
#5023 = B_SPLINE_CURVE_WITH_KNOTS('',1,(#5024,#5025),.UNSPECIFIED.,.F.,
  .F.,(2,2),(-194.735,-55.265),.PIECEWISE_BEZIER_KNOTS.);
#5024 = CARTESIAN_POINT('',(69.735,-4.024999998548));
#5025 = CARTESIAN_POINT('',(-69.735,-4.024999998548));
#5026 = ( GEOMETRIC_REPRESENTATION_CONTEXT(2) 
PARAMETRIC_REPRESENTATION_CONTEXT() REPRESENTATION_CONTEXT('2D SPACE',''
  ) );
#5027 = PCURVE('',#4918,#5028);
#5028 = DEFINITIONAL_REPRESENTATION('',(#5029),#5032);
#5029 = B_SPLINE_CURVE_WITH_KNOTS('',1,(#5030,#5031),.UNSPECIFIED.,.F.,
  .F.,(2,2),(-194.735,-55.265),.PIECEWISE_BEZIER_KNOTS.);
#5030 = CARTESIAN_POINT('',(59.,319.735));
#5031 = CARTESIAN_POINT('',(59.,180.265));
#5032 = ( GEOMETRIC_REPRESENTATION_CONTEXT(2) 
PARAMETRIC_REPRESENTATION_CONTEXT() REPRESENTATION_CONTEXT('2D SPACE',''
  ) );
#5033 = ORIENTED_EDGE('',*,*,#5034,.T.);
#5034 = EDGE_CURVE('',#5014,#5035,#5037,.T.);
#5035 = VERTEX_POINT('',#5036);
#5036 = CARTESIAN_POINT('',(-85.14,133.22392395816,14.196075114489));
#5037 = SURFACE_CURVE('',#5038,(#5042,#5048),.PCURVE_S1.);
#5038 = LINE('',#5039,#5040);
#5039 = CARTESIAN_POINT('',(-85.14,117.40594530408,13.275706142438));
#5040 = VECTOR('',#5041,1.);
#5041 = DIRECTION('',(0.,0.998311539311,5.808674959774E-02));
#5042 = PCURVE('',#4945,#5043);
#5043 = DEFINITIONAL_REPRESENTATION('',(#5044),#5047);
#5044 = B_SPLINE_CURVE_WITH_KNOTS('',1,(#5045,#5046),.UNSPECIFIED.,.F.,
  .F.,(2,2),(2.472500000726,16.492500000726),.PIECEWISE_BEZIER_KNOTS.);
#5045 = CARTESIAN_POINT('',(-67.2,-4.024999998548));
#5046 = CARTESIAN_POINT('',(-67.2,9.995000001452));
#5047 = ( GEOMETRIC_REPRESENTATION_CONTEXT(2) 
PARAMETRIC_REPRESENTATION_CONTEXT() REPRESENTATION_CONTEXT('2D SPACE',''
  ) );
#5048 = PCURVE('',#5049,#5054);
#5049 = PLANE('',#5050);
#5050 = AXIS2_PLACEMENT_3D('',#5051,#5052,#5053);
#5051 = CARTESIAN_POINT('',(-85.14,114.2884475548,-45.00378179305));
#5052 = DIRECTION('',(1.,0.,0.));
#5053 = DIRECTION('',(0.,-5.808674959774E-02,0.998311539311));
#5054 = DEFINITIONAL_REPRESENTATION('',(#5055),#5058);
#5055 = B_SPLINE_CURVE_WITH_KNOTS('',1,(#5056,#5057),.UNSPECIFIED.,.F.,
  .F.,(2,2),(2.472500000726,16.492500000726),.PIECEWISE_BEZIER_KNOTS.);
#5056 = CARTESIAN_POINT('',(58.,-8.97));
#5057 = CARTESIAN_POINT('',(58.,-22.99));
#5058 = ( GEOMETRIC_REPRESENTATION_CONTEXT(2) 
PARAMETRIC_REPRESENTATION_CONTEXT() REPRESENTATION_CONTEXT('2D SPACE',''
  ) );
#5059 = ORIENTED_EDGE('',*,*,#5060,.T.);
#5060 = EDGE_CURVE('',#5035,#4930,#5061,.T.);
#5061 = SURFACE_CURVE('',#5062,(#5067,#5074),.PCURVE_S1.);
#5062 = CIRCLE('',#5063,4.995);
#5063 = AXIS2_PLACEMENT_3D('',#5064,#5065,#5066);
#5064 = CARTESIAN_POINT('',(-82.68,128.88403221042,13.943558544955));
#5065 = DIRECTION('',(0.,-5.808674959774E-02,0.998311539311));
#5066 = DIRECTION('',(1.,0.,0.));
#5067 = PCURVE('',#4945,#5068);
#5068 = DEFINITIONAL_REPRESENTATION('',(#5069),#5073);
#5069 = CIRCLE('',#5070,4.995);
#5070 = AXIS2_PLACEMENT_2D('',#5071,#5072);
#5071 = CARTESIAN_POINT('',(-64.74,4.999999983808));
#5072 = DIRECTION('',(1.,0.));
#5073 = ( GEOMETRIC_REPRESENTATION_CONTEXT(2) 
PARAMETRIC_REPRESENTATION_CONTEXT() REPRESENTATION_CONTEXT('2D SPACE',''
  ) );
#5074 = PCURVE('',#4973,#5075);
#5075 = DEFINITIONAL_REPRESENTATION('',(#5076),#5080);
#5076 = LINE('',#5077,#5078);
#5077 = CARTESIAN_POINT('',(-0.,-60.));
#5078 = VECTOR('',#5079,1.);
#5079 = DIRECTION('',(-1.,0.));
#5080 = ( GEOMETRIC_REPRESENTATION_CONTEXT(2) 
PARAMETRIC_REPRESENTATION_CONTEXT() REPRESENTATION_CONTEXT('2D SPACE',''
  ) );
#5081 = ADVANCED_FACE('',(#5082),#5049,.T.);
#5082 = FACE_BOUND('',#5083,.T.);
#5083 = EDGE_LOOP('',(#5084,#5085,#5106,#5127));
#5084 = ORIENTED_EDGE('',*,*,#5034,.F.);
#5085 = ORIENTED_EDGE('',*,*,#5086,.T.);
#5086 = EDGE_CURVE('',#5014,#5087,#5089,.T.);
#5087 = VERTEX_POINT('',#5088);
#5088 = CARTESIAN_POINT('',(-85.14,120.53870396389,2.));
#5089 = SURFACE_CURVE('',#5090,(#5094,#5100),.PCURVE_S1.);
#5090 = LINE('',#5091,#5092);
#5091 = CARTESIAN_POINT('',(-85.14,123.27234543722,-44.98189941882));
#5092 = VECTOR('',#5093,1.);
#5093 = DIRECTION('',(-0.,5.808674959774E-02,-0.998311539311));
#5094 = PCURVE('',#5049,#5095);
#5095 = DEFINITIONAL_REPRESENTATION('',(#5096),#5099);
#5096 = B_SPLINE_CURVE_WITH_KNOTS('',1,(#5097,#5098),.UNSPECIFIED.,.F.,
  .F.,(2,2),(-58.5,-0.5),.PIECEWISE_BEZIER_KNOTS.);
#5097 = CARTESIAN_POINT('',(58.,-8.97));
#5098 = CARTESIAN_POINT('',(0.,-8.97));
#5099 = ( GEOMETRIC_REPRESENTATION_CONTEXT(2) 
PARAMETRIC_REPRESENTATION_CONTEXT() REPRESENTATION_CONTEXT('2D SPACE',''
  ) );
#5100 = PCURVE('',#4918,#5101);
#5101 = DEFINITIONAL_REPRESENTATION('',(#5102),#5105);
#5102 = B_SPLINE_CURVE_WITH_KNOTS('',1,(#5103,#5104),.UNSPECIFIED.,.F.,
  .F.,(2,2),(-58.5,-0.5),.PIECEWISE_BEZIER_KNOTS.);
#5103 = CARTESIAN_POINT('',(59.,182.8));
#5104 = CARTESIAN_POINT('',(1.,182.8));
#5105 = ( GEOMETRIC_REPRESENTATION_CONTEXT(2) 
PARAMETRIC_REPRESENTATION_CONTEXT() REPRESENTATION_CONTEXT('2D SPACE',''
  ) );
#5106 = ORIENTED_EDGE('',*,*,#5107,.F.);
#5107 = EDGE_CURVE('',#5108,#5087,#5110,.T.);
#5108 = VERTEX_POINT('',#5109);
#5109 = CARTESIAN_POINT('',(-85.14,133.9335524993,2.));
#5110 = SURFACE_CURVE('',#5111,(#5115,#5121),.PCURVE_S1.);
#5111 = LINE('',#5112,#5113);
#5112 = CARTESIAN_POINT('',(-85.14,-92.85577622259,2.));
#5113 = VECTOR('',#5114,1.);
#5114 = DIRECTION('',(0.,-1.,0.));
#5115 = PCURVE('',#5049,#5116);
#5116 = DEFINITIONAL_REPRESENTATION('',(#5117),#5120);
#5117 = B_SPLINE_CURVE_WITH_KNOTS('',1,(#5118,#5119),.UNSPECIFIED.,.F.,
  .F.,(2,2),(-226.7893287219,-213.3944801864),.PIECEWISE_BEZIER_KNOTS.);
#5118 = CARTESIAN_POINT('',(45.783297463527,-22.34223186022));
#5119 = CARTESIAN_POINT('',(46.561360676304,-8.97));
#5120 = ( GEOMETRIC_REPRESENTATION_CONTEXT(2) 
PARAMETRIC_REPRESENTATION_CONTEXT() REPRESENTATION_CONTEXT('2D SPACE',''
  ) );
#5121 = PCURVE('',#4998,#5122);
#5122 = DEFINITIONAL_REPRESENTATION('',(#5123),#5126);
#5123 = B_SPLINE_CURVE_WITH_KNOTS('',1,(#5124,#5125),.UNSPECIFIED.,.F.,
  .F.,(2,2),(-226.7893287219,-213.3944801864),.PIECEWISE_BEZIER_KNOTS.);
#5124 = CARTESIAN_POINT('',(214.86,433.9335524993));
#5125 = CARTESIAN_POINT('',(214.86,420.53870396389));
#5126 = ( GEOMETRIC_REPRESENTATION_CONTEXT(2) 
PARAMETRIC_REPRESENTATION_CONTEXT() REPRESENTATION_CONTEXT('2D SPACE',''
  ) );
#5127 = ORIENTED_EDGE('',*,*,#5128,.F.);
#5128 = EDGE_CURVE('',#5035,#5108,#5129,.T.);
#5129 = SURFACE_CURVE('',#5130,(#5134,#5140),.PCURVE_S1.);
#5130 = LINE('',#5131,#5132);
#5131 = CARTESIAN_POINT('',(-85.14,136.70912893402,-45.70261724416));
#5132 = VECTOR('',#5133,1.);
#5133 = DIRECTION('',(0.,5.808674959774E-02,-0.998311539311));
#5134 = PCURVE('',#5049,#5135);
#5135 = DEFINITIONAL_REPRESENTATION('',(#5136),#5139);
#5136 = B_SPLINE_CURVE_WITH_KNOTS('',1,(#5137,#5138),.UNSPECIFIED.,.F.,
  .F.,(2,2),(-60.0000006,-0.9999994),.PIECEWISE_BEZIER_KNOTS.);
#5137 = CARTESIAN_POINT('',(58.0000006,-22.34223186022));
#5138 = CARTESIAN_POINT('',(-1.0000006,-22.34223186022));
#5139 = ( GEOMETRIC_REPRESENTATION_CONTEXT(2) 
PARAMETRIC_REPRESENTATION_CONTEXT() REPRESENTATION_CONTEXT('2D SPACE',''
  ) );
#5140 = PCURVE('',#4973,#5141);
#5141 = DEFINITIONAL_REPRESENTATION('',(#5142),#5145);
#5142 = B_SPLINE_CURVE_WITH_KNOTS('',1,(#5143,#5144),.UNSPECIFIED.,.F.,
  .F.,(2,2),(-60.0000006,-0.9999994),.PIECEWISE_BEZIER_KNOTS.);
#5143 = CARTESIAN_POINT('',(-2.085747658158,-60.0000006));
#5144 = CARTESIAN_POINT('',(-2.085747658158,-0.9999994));
#5145 = ( GEOMETRIC_REPRESENTATION_CONTEXT(2) 
PARAMETRIC_REPRESENTATION_CONTEXT() REPRESENTATION_CONTEXT('2D SPACE',''
  ) );
#5146 = ADVANCED_FACE('',(#5147),#4973,.T.);
#5147 = FACE_BOUND('',#5148,.F.);
#5148 = EDGE_LOOP('',(#5149,#5150,#5176,#5177));
#5149 = ORIENTED_EDGE('',*,*,#4957,.F.);
#5150 = ORIENTED_EDGE('',*,*,#5151,.F.);
#5151 = EDGE_CURVE('',#5108,#4958,#5152,.T.);
#5152 = SURFACE_CURVE('',#5153,(#5158,#5169),.PCURVE_S1.);
#5153 = ELLIPSE('',#5154,5.00344812547,4.995);
#5154 = AXIS2_PLACEMENT_3D('',#5155,#5156,#5157);
#5155 = CARTESIAN_POINT('',(-82.68,129.57896807682,2.));
#5156 = DIRECTION('',(0.,0.,1.));
#5157 = DIRECTION('',(0.,1.,-0.));
#5158 = PCURVE('',#4973,#5159);
#5159 = DEFINITIONAL_REPRESENTATION('',(#5160),#5168);
#5160 = B_SPLINE_CURVE_WITH_KNOTS('',6,(#5161,#5162,#5163,#5164,#5165,
    #5166,#5167),.UNSPECIFIED.,.F.,.F.,(7,7),(0.514951331363,
    1.570796326795),.PIECEWISE_BEZIER_KNOTS.);
#5161 = CARTESIAN_POINT('',(-2.085747658158,-47.78329746352));
#5162 = CARTESIAN_POINT('',(-2.261721824063,-47.80848554018));
#5163 = CARTESIAN_POINT('',(-2.437695989969,-47.84307267065));
#5164 = CARTESIAN_POINT('',(-2.613670155874,-47.88565778565));
#5165 = CARTESIAN_POINT('',(-2.789644321779,-47.93395338227));
#5166 = CARTESIAN_POINT('',(-2.965618487685,-47.98509703598));
#5167 = CARTESIAN_POINT('',(-3.14159265359,-48.03624111847));
#5168 = ( GEOMETRIC_REPRESENTATION_CONTEXT(2) 
PARAMETRIC_REPRESENTATION_CONTEXT() REPRESENTATION_CONTEXT('2D SPACE',''
  ) );
#5169 = PCURVE('',#4998,#5170);
#5170 = DEFINITIONAL_REPRESENTATION('',(#5171),#5175);
#5171 = ELLIPSE('',#5172,5.00344812547,4.995);
#5172 = AXIS2_PLACEMENT_2D('',#5173,#5174);
#5173 = CARTESIAN_POINT('',(217.32,429.57896807682));
#5174 = DIRECTION('',(0.,1.));
#5175 = ( GEOMETRIC_REPRESENTATION_CONTEXT(2) 
PARAMETRIC_REPRESENTATION_CONTEXT() REPRESENTATION_CONTEXT('2D SPACE',''
  ) );
#5176 = ORIENTED_EDGE('',*,*,#5128,.F.);
#5177 = ORIENTED_EDGE('',*,*,#5060,.T.);
#5178 = ADVANCED_FACE('',(#5179),#4998,.F.);
#5179 = FACE_BOUND('',#5180,.F.);
#5180 = EDGE_LOOP('',(#5181,#5182,#5201,#5202));
#5181 = ORIENTED_EDGE('',*,*,#4985,.F.);
#5182 = ORIENTED_EDGE('',*,*,#5183,.T.);
#5183 = EDGE_CURVE('',#4899,#5087,#5184,.T.);
#5184 = SURFACE_CURVE('',#5185,(#5189,#5195),.PCURVE_S1.);
#5185 = LINE('',#5186,#5187);
#5186 = CARTESIAN_POINT('',(-283.97,120.53870396389,2.));
#5187 = VECTOR('',#5188,1.);
#5188 = DIRECTION('',(1.,0.,0.));
#5189 = PCURVE('',#4998,#5190);
#5190 = DEFINITIONAL_REPRESENTATION('',(#5191),#5194);
#5191 = B_SPLINE_CURVE_WITH_KNOTS('',1,(#5192,#5193),.UNSPECIFIED.,.F.,
  .F.,(2,2),(196.295,198.83),.PIECEWISE_BEZIER_KNOTS.);
#5192 = CARTESIAN_POINT('',(212.325,420.53870396389));
#5193 = CARTESIAN_POINT('',(214.86,420.53870396389));
#5194 = ( GEOMETRIC_REPRESENTATION_CONTEXT(2) 
PARAMETRIC_REPRESENTATION_CONTEXT() REPRESENTATION_CONTEXT('2D SPACE',''
  ) );
#5195 = PCURVE('',#4918,#5196);
#5196 = DEFINITIONAL_REPRESENTATION('',(#5197),#5200);
#5197 = B_SPLINE_CURVE_WITH_KNOTS('',1,(#5198,#5199),.UNSPECIFIED.,.F.,
  .F.,(2,2),(196.295,198.83),.PIECEWISE_BEZIER_KNOTS.);
#5198 = CARTESIAN_POINT('',(47.561360676304,180.265));
#5199 = CARTESIAN_POINT('',(47.561360676304,182.8));
#5200 = ( GEOMETRIC_REPRESENTATION_CONTEXT(2) 
PARAMETRIC_REPRESENTATION_CONTEXT() REPRESENTATION_CONTEXT('2D SPACE',''
  ) );
#5201 = ORIENTED_EDGE('',*,*,#5107,.F.);
#5202 = ORIENTED_EDGE('',*,*,#5151,.T.);
#5203 = ADVANCED_FACE('',(#5204),#4918,.F.);
#5204 = FACE_BOUND('',#5205,.F.);
#5205 = EDGE_LOOP('',(#5206,#5207,#5208,#5209));
#5206 = ORIENTED_EDGE('',*,*,#5183,.F.);
#5207 = ORIENTED_EDGE('',*,*,#4896,.F.);
#5208 = ORIENTED_EDGE('',*,*,#5013,.F.);
#5209 = ORIENTED_EDGE('',*,*,#5086,.T.);
#5210 = ORIENTED_CLOSED_SHELL('',*,#5211,.F.);
#5211 = CLOSED_SHELL('',(#5212,#5324,#5394,#5475,#5542,#5568,#5593));
#5212 = ADVANCED_FACE('',(#5213),#5227,.F.);
#5213 = FACE_BOUND('',#5214,.F.);
#5214 = EDGE_LOOP('',(#5215,#5248,#5274,#5300));
#5215 = ORIENTED_EDGE('',*,*,#5216,.F.);
#5216 = EDGE_CURVE('',#5217,#5219,#5221,.T.);
#5217 = VERTEX_POINT('',#5218);
#5218 = CARTESIAN_POINT('',(-82.74,120.53870396389,2.));
#5219 = VERTEX_POINT('',#5220);
#5220 = CARTESIAN_POINT('',(-63.14,120.53870396389,2.));
#5221 = SURFACE_CURVE('',#5222,(#5226,#5237),.PCURVE_S1.);
#5222 = LINE('',#5223,#5224);
#5223 = CARTESIAN_POINT('',(-283.97,120.53870396389,2.));
#5224 = VECTOR('',#5225,1.);
#5225 = DIRECTION('',(1.,0.,0.));
#5226 = PCURVE('',#5227,#5232);
#5227 = PLANE('',#5228);
#5228 = AXIS2_PLACEMENT_3D('',#5229,#5230,#5231);
#5229 = CARTESIAN_POINT('',(-267.94,123.30138881202,-45.48105518847));
#5230 = DIRECTION('',(0.,0.998311539311,5.808674959774E-02));
#5231 = DIRECTION('',(0.,-5.808674959774E-02,0.998311539311));
#5232 = DEFINITIONAL_REPRESENTATION('',(#5233),#5236);
#5233 = B_SPLINE_CURVE_WITH_KNOTS('',1,(#5234,#5235),.UNSPECIFIED.,.F.,
  .F.,(2,2),(201.23,220.83),.PIECEWISE_BEZIER_KNOTS.);
#5234 = CARTESIAN_POINT('',(47.561360676304,185.2));
#5235 = CARTESIAN_POINT('',(47.561360676304,204.8));
#5236 = ( GEOMETRIC_REPRESENTATION_CONTEXT(2) 
PARAMETRIC_REPRESENTATION_CONTEXT() REPRESENTATION_CONTEXT('2D SPACE',''
  ) );
#5237 = PCURVE('',#5238,#5243);
#5238 = PLANE('',#5239);
#5239 = AXIS2_PLACEMENT_3D('',#5240,#5241,#5242);
#5240 = CARTESIAN_POINT('',(-300.,-300.,2.));
#5241 = DIRECTION('',(0.,0.,1.));
#5242 = DIRECTION('',(1.,0.,-0.));
#5243 = DEFINITIONAL_REPRESENTATION('',(#5244),#5247);
#5244 = B_SPLINE_CURVE_WITH_KNOTS('',1,(#5245,#5246),.UNSPECIFIED.,.F.,
  .F.,(2,2),(201.23,220.83),.PIECEWISE_BEZIER_KNOTS.);
#5245 = CARTESIAN_POINT('',(217.26,420.53870396389));
#5246 = CARTESIAN_POINT('',(236.86,420.53870396389));
#5247 = ( GEOMETRIC_REPRESENTATION_CONTEXT(2) 
PARAMETRIC_REPRESENTATION_CONTEXT() REPRESENTATION_CONTEXT('2D SPACE',''
  ) );
#5248 = ORIENTED_EDGE('',*,*,#5249,.F.);
#5249 = EDGE_CURVE('',#5250,#5217,#5252,.T.);
#5250 = VERTEX_POINT('',#5251);
#5251 = CARTESIAN_POINT('',(-82.74,119.87427058575,13.419325630861));
#5252 = SURFACE_CURVE('',#5253,(#5257,#5263),.PCURVE_S1.);
#5253 = LINE('',#5254,#5255);
#5254 = CARTESIAN_POINT('',(-82.74,123.27234543722,-44.98189941882));
#5255 = VECTOR('',#5256,1.);
#5256 = DIRECTION('',(-0.,5.808674959774E-02,-0.998311539311));
#5257 = PCURVE('',#5227,#5258);
#5258 = DEFINITIONAL_REPRESENTATION('',(#5259),#5262);
#5259 = B_SPLINE_CURVE_WITH_KNOTS('',1,(#5260,#5261),.UNSPECIFIED.,.F.,
  .F.,(2,2),(-58.5,-0.5),.PIECEWISE_BEZIER_KNOTS.);
#5260 = CARTESIAN_POINT('',(59.,185.2));
#5261 = CARTESIAN_POINT('',(1.,185.2));
#5262 = ( GEOMETRIC_REPRESENTATION_CONTEXT(2) 
PARAMETRIC_REPRESENTATION_CONTEXT() REPRESENTATION_CONTEXT('2D SPACE',''
  ) );
#5263 = PCURVE('',#5264,#5269);
#5264 = PLANE('',#5265);
#5265 = AXIS2_PLACEMENT_3D('',#5266,#5267,#5268);
#5266 = CARTESIAN_POINT('',(-82.74,114.2884475548,-45.00378179305));
#5267 = DIRECTION('',(1.,0.,0.));
#5268 = DIRECTION('',(0.,-5.808674959774E-02,0.998311539311));
#5269 = DEFINITIONAL_REPRESENTATION('',(#5270),#5273);
#5270 = B_SPLINE_CURVE_WITH_KNOTS('',1,(#5271,#5272),.UNSPECIFIED.,.F.,
  .F.,(2,2),(-58.5,-0.5),.PIECEWISE_BEZIER_KNOTS.);
#5271 = CARTESIAN_POINT('',(58.,-8.97));
#5272 = CARTESIAN_POINT('',(0.,-8.97));
#5273 = ( GEOMETRIC_REPRESENTATION_CONTEXT(2) 
PARAMETRIC_REPRESENTATION_CONTEXT() REPRESENTATION_CONTEXT('2D SPACE',''
  ) );
#5274 = ORIENTED_EDGE('',*,*,#5275,.F.);
#5275 = EDGE_CURVE('',#5276,#5250,#5278,.T.);
#5276 = VERTEX_POINT('',#5277);
#5277 = CARTESIAN_POINT('',(-63.14,119.87427058575,13.419325630861));
#5278 = SURFACE_CURVE('',#5279,(#5283,#5289),.PCURVE_S1.);
#5279 = LINE('',#5280,#5281);
#5280 = CARTESIAN_POINT('',(-142.94,119.87427058575,13.419325630861));
#5281 = VECTOR('',#5282,1.);
#5282 = DIRECTION('',(-1.,-0.,0.));
#5283 = PCURVE('',#5227,#5284);
#5284 = DEFINITIONAL_REPRESENTATION('',(#5285),#5288);
#5285 = B_SPLINE_CURVE_WITH_KNOTS('',1,(#5286,#5287),.UNSPECIFIED.,.F.,
  .F.,(2,2),(-194.735,-55.265),.PIECEWISE_BEZIER_KNOTS.);
#5286 = CARTESIAN_POINT('',(59.,319.735));
#5287 = CARTESIAN_POINT('',(59.,180.265));
#5288 = ( GEOMETRIC_REPRESENTATION_CONTEXT(2) 
PARAMETRIC_REPRESENTATION_CONTEXT() REPRESENTATION_CONTEXT('2D SPACE',''
  ) );
#5289 = PCURVE('',#5290,#5295);
#5290 = PLANE('',#5291);
#5291 = AXIS2_PLACEMENT_3D('',#5292,#5293,#5294);
#5292 = CARTESIAN_POINT('',(-17.94,123.89247453003,13.653124797907));
#5293 = DIRECTION('',(0.,-5.808674959774E-02,0.998311539311));
#5294 = DIRECTION('',(1.,0.,0.));
#5295 = DEFINITIONAL_REPRESENTATION('',(#5296),#5299);
#5296 = B_SPLINE_CURVE_WITH_KNOTS('',1,(#5297,#5298),.UNSPECIFIED.,.F.,
  .F.,(2,2),(-194.735,-55.265),.PIECEWISE_BEZIER_KNOTS.);
#5297 = CARTESIAN_POINT('',(69.735,-4.024999998548));
#5298 = CARTESIAN_POINT('',(-69.735,-4.024999998548));
#5299 = ( GEOMETRIC_REPRESENTATION_CONTEXT(2) 
PARAMETRIC_REPRESENTATION_CONTEXT() REPRESENTATION_CONTEXT('2D SPACE',''
  ) );
#5300 = ORIENTED_EDGE('',*,*,#5301,.T.);
#5301 = EDGE_CURVE('',#5276,#5219,#5302,.T.);
#5302 = SURFACE_CURVE('',#5303,(#5307,#5313),.PCURVE_S1.);
#5303 = LINE('',#5304,#5305);
#5304 = CARTESIAN_POINT('',(-63.14,123.27234543722,-44.98189941882));
#5305 = VECTOR('',#5306,1.);
#5306 = DIRECTION('',(-0.,5.808674959774E-02,-0.998311539311));
#5307 = PCURVE('',#5227,#5308);
#5308 = DEFINITIONAL_REPRESENTATION('',(#5309),#5312);
#5309 = B_SPLINE_CURVE_WITH_KNOTS('',1,(#5310,#5311),.UNSPECIFIED.,.F.,
  .F.,(2,2),(-58.5,-0.5),.PIECEWISE_BEZIER_KNOTS.);
#5310 = CARTESIAN_POINT('',(59.,204.8));
#5311 = CARTESIAN_POINT('',(1.,204.8));
#5312 = ( GEOMETRIC_REPRESENTATION_CONTEXT(2) 
PARAMETRIC_REPRESENTATION_CONTEXT() REPRESENTATION_CONTEXT('2D SPACE',''
  ) );
#5313 = PCURVE('',#5314,#5319);
#5314 = PLANE('',#5315);
#5315 = AXIS2_PLACEMENT_3D('',#5316,#5317,#5318);
#5316 = CARTESIAN_POINT('',(-63.14,114.2884475548,-45.00378179305));
#5317 = DIRECTION('',(1.,0.,0.));
#5318 = DIRECTION('',(0.,-5.808674959774E-02,0.998311539311));
#5319 = DEFINITIONAL_REPRESENTATION('',(#5320),#5323);
#5320 = B_SPLINE_CURVE_WITH_KNOTS('',1,(#5321,#5322),.UNSPECIFIED.,.F.,
  .F.,(2,2),(-58.5,-0.5),.PIECEWISE_BEZIER_KNOTS.);
#5321 = CARTESIAN_POINT('',(58.,-8.97));
#5322 = CARTESIAN_POINT('',(0.,-8.97));
#5323 = ( GEOMETRIC_REPRESENTATION_CONTEXT(2) 
PARAMETRIC_REPRESENTATION_CONTEXT() REPRESENTATION_CONTEXT('2D SPACE',''
  ) );
#5324 = ADVANCED_FACE('',(#5325),#5264,.F.);
#5325 = FACE_BOUND('',#5326,.F.);
#5326 = EDGE_LOOP('',(#5327,#5348,#5349,#5370));
#5327 = ORIENTED_EDGE('',*,*,#5328,.F.);
#5328 = EDGE_CURVE('',#5250,#5329,#5331,.T.);
#5329 = VERTEX_POINT('',#5330);
#5330 = CARTESIAN_POINT('',(-82.74,133.87023858439,14.233680926279));
#5331 = SURFACE_CURVE('',#5332,(#5336,#5342),.PCURVE_S1.);
#5332 = LINE('',#5333,#5334);
#5333 = CARTESIAN_POINT('',(-82.74,117.40594530408,13.275706142438));
#5334 = VECTOR('',#5335,1.);
#5335 = DIRECTION('',(0.,0.998311539311,5.808674959774E-02));
#5336 = PCURVE('',#5264,#5337);
#5337 = DEFINITIONAL_REPRESENTATION('',(#5338),#5341);
#5338 = B_SPLINE_CURVE_WITH_KNOTS('',1,(#5339,#5340),.UNSPECIFIED.,.F.,
  .F.,(2,2),(2.472500000726,16.492500000726),.PIECEWISE_BEZIER_KNOTS.);
#5339 = CARTESIAN_POINT('',(58.,-8.97));
#5340 = CARTESIAN_POINT('',(58.,-22.99));
#5341 = ( GEOMETRIC_REPRESENTATION_CONTEXT(2) 
PARAMETRIC_REPRESENTATION_CONTEXT() REPRESENTATION_CONTEXT('2D SPACE',''
  ) );
#5342 = PCURVE('',#5290,#5343);
#5343 = DEFINITIONAL_REPRESENTATION('',(#5344),#5347);
#5344 = B_SPLINE_CURVE_WITH_KNOTS('',1,(#5345,#5346),.UNSPECIFIED.,.F.,
  .F.,(2,2),(2.472500000726,16.492500000726),.PIECEWISE_BEZIER_KNOTS.);
#5345 = CARTESIAN_POINT('',(-64.8,-4.024999998548));
#5346 = CARTESIAN_POINT('',(-64.8,9.995000001452));
#5347 = ( GEOMETRIC_REPRESENTATION_CONTEXT(2) 
PARAMETRIC_REPRESENTATION_CONTEXT() REPRESENTATION_CONTEXT('2D SPACE',''
  ) );
#5348 = ORIENTED_EDGE('',*,*,#5249,.T.);
#5349 = ORIENTED_EDGE('',*,*,#5350,.F.);
#5350 = EDGE_CURVE('',#5351,#5217,#5353,.T.);
#5351 = VERTEX_POINT('',#5352);
#5352 = CARTESIAN_POINT('',(-82.74,134.58205521942,2.));
#5353 = SURFACE_CURVE('',#5354,(#5358,#5364),.PCURVE_S1.);
#5354 = LINE('',#5355,#5356);
#5355 = CARTESIAN_POINT('',(-82.74,-92.85577622259,2.));
#5356 = VECTOR('',#5357,1.);
#5357 = DIRECTION('',(0.,-1.,0.));
#5358 = PCURVE('',#5264,#5359);
#5359 = DEFINITIONAL_REPRESENTATION('',(#5360),#5363);
#5360 = B_SPLINE_CURVE_WITH_KNOTS('',1,(#5361,#5362),.UNSPECIFIED.,.F.,
  .F.,(2,2),(-227.437831442,-213.3944801864),.PIECEWISE_BEZIER_KNOTS.);
#5361 = CARTESIAN_POINT('',(45.74562804841,-22.98963960899));
#5362 = CARTESIAN_POINT('',(46.561360676304,-8.97));
#5363 = ( GEOMETRIC_REPRESENTATION_CONTEXT(2) 
PARAMETRIC_REPRESENTATION_CONTEXT() REPRESENTATION_CONTEXT('2D SPACE',''
  ) );
#5364 = PCURVE('',#5238,#5365);
#5365 = DEFINITIONAL_REPRESENTATION('',(#5366),#5369);
#5366 = B_SPLINE_CURVE_WITH_KNOTS('',1,(#5367,#5368),.UNSPECIFIED.,.F.,
  .F.,(2,2),(-227.437831442,-213.3944801864),.PIECEWISE_BEZIER_KNOTS.);
#5367 = CARTESIAN_POINT('',(217.26,434.58205521942));
#5368 = CARTESIAN_POINT('',(217.26,420.53870396389));
#5369 = ( GEOMETRIC_REPRESENTATION_CONTEXT(2) 
PARAMETRIC_REPRESENTATION_CONTEXT() REPRESENTATION_CONTEXT('2D SPACE',''
  ) );
#5370 = ORIENTED_EDGE('',*,*,#5371,.F.);
#5371 = EDGE_CURVE('',#5329,#5351,#5372,.T.);
#5372 = SURFACE_CURVE('',#5373,(#5377,#5383),.PCURVE_S1.);
#5373 = LINE('',#5374,#5375);
#5374 = CARTESIAN_POINT('',(-82.74,137.35544356026,-45.66501143237));
#5375 = VECTOR('',#5376,1.);
#5376 = DIRECTION('',(0.,5.808674959774E-02,-0.998311539311));
#5377 = PCURVE('',#5264,#5378);
#5378 = DEFINITIONAL_REPRESENTATION('',(#5379),#5382);
#5379 = B_SPLINE_CURVE_WITH_KNOTS('',1,(#5380,#5381),.UNSPECIFIED.,.F.,
  .F.,(2,2),(-60.0000006,-0.9999994),.PIECEWISE_BEZIER_KNOTS.);
#5380 = CARTESIAN_POINT('',(58.0000006,-22.98963960899));
#5381 = CARTESIAN_POINT('',(-1.0000006,-22.98963960899));
#5382 = ( GEOMETRIC_REPRESENTATION_CONTEXT(2) 
PARAMETRIC_REPRESENTATION_CONTEXT() REPRESENTATION_CONTEXT('2D SPACE',''
  ) );
#5383 = PCURVE('',#5384,#5389);
#5384 = CYLINDRICAL_SURFACE('',#5385,4.995);
#5385 = AXIS2_PLACEMENT_3D('',#5386,#5387,#5388);
#5386 = CARTESIAN_POINT('',(-82.68,132.36923718628,-45.95513381369));
#5387 = DIRECTION('',(0.,5.808674959774E-02,-0.998311539311));
#5388 = DIRECTION('',(1.,0.,0.));
#5389 = DEFINITIONAL_REPRESENTATION('',(#5390),#5393);
#5390 = B_SPLINE_CURVE_WITH_KNOTS('',1,(#5391,#5392),.UNSPECIFIED.,.F.,
  .F.,(2,2),(-60.0000006,-0.9999994),.PIECEWISE_BEZIER_KNOTS.);
#5391 = CARTESIAN_POINT('',(-1.582808627691,-60.0000006));
#5392 = CARTESIAN_POINT('',(-1.582808627691,-0.9999994));
#5393 = ( GEOMETRIC_REPRESENTATION_CONTEXT(2) 
PARAMETRIC_REPRESENTATION_CONTEXT() REPRESENTATION_CONTEXT('2D SPACE',''
  ) );
#5394 = ADVANCED_FACE('',(#5395),#5384,.T.);
#5395 = FACE_BOUND('',#5396,.F.);
#5396 = EDGE_LOOP('',(#5397,#5398,#5425,#5453));
#5397 = ORIENTED_EDGE('',*,*,#5371,.T.);
#5398 = ORIENTED_EDGE('',*,*,#5399,.F.);
#5399 = EDGE_CURVE('',#5400,#5351,#5402,.T.);
#5400 = VERTEX_POINT('',#5401);
#5401 = CARTESIAN_POINT('',(-82.68,134.58241621112,2.));
#5402 = SURFACE_CURVE('',#5403,(#5408,#5418),.PCURVE_S1.);
#5403 = ELLIPSE('',#5404,5.00344812547,4.995);
#5404 = AXIS2_PLACEMENT_3D('',#5405,#5406,#5407);
#5405 = CARTESIAN_POINT('',(-82.68,129.57896807682,2.));
#5406 = DIRECTION('',(0.,0.,1.));
#5407 = DIRECTION('',(0.,1.,-0.));
#5408 = PCURVE('',#5384,#5409);
#5409 = DEFINITIONAL_REPRESENTATION('',(#5410),#5417);
#5410 = B_SPLINE_CURVE_WITH_KNOTS('',5,(#5411,#5412,#5413,#5414,#5415,
    #5416),.UNSPECIFIED.,.F.,.F.,(6,6),(0.,1.20123008965E-02),
  .PIECEWISE_BEZIER_KNOTS.);
#5411 = CARTESIAN_POINT('',(-1.570796326795,-47.74560708008));
#5412 = CARTESIAN_POINT('',(-1.573198786974,-47.74560708008));
#5413 = CARTESIAN_POINT('',(-1.575601247154,-47.74560917694));
#5414 = CARTESIAN_POINT('',(-1.578003707333,-47.74561337066));
#5415 = CARTESIAN_POINT('',(-1.580406167512,-47.74561966118));
#5416 = CARTESIAN_POINT('',(-1.582808627691,-47.74562804841));
#5417 = ( GEOMETRIC_REPRESENTATION_CONTEXT(2) 
PARAMETRIC_REPRESENTATION_CONTEXT() REPRESENTATION_CONTEXT('2D SPACE',''
  ) );
#5418 = PCURVE('',#5238,#5419);
#5419 = DEFINITIONAL_REPRESENTATION('',(#5420),#5424);
#5420 = ELLIPSE('',#5421,5.00344812547,4.995);
#5421 = AXIS2_PLACEMENT_2D('',#5422,#5423);
#5422 = CARTESIAN_POINT('',(217.32,429.57896807682));
#5423 = DIRECTION('',(0.,1.));
#5424 = ( GEOMETRIC_REPRESENTATION_CONTEXT(2) 
PARAMETRIC_REPRESENTATION_CONTEXT() REPRESENTATION_CONTEXT('2D SPACE',''
  ) );
#5425 = ORIENTED_EDGE('',*,*,#5426,.T.);
#5426 = EDGE_CURVE('',#5400,#5427,#5429,.T.);
#5427 = VERTEX_POINT('',#5428);
#5428 = CARTESIAN_POINT('',(-82.68,133.87059835808,14.233701859709));
#5429 = SURFACE_CURVE('',#5430,(#5434,#5441),.PCURVE_S1.);
#5430 = LINE('',#5431,#5432);
#5431 = CARTESIAN_POINT('',(-82.68,137.35580333395,-45.66499049894));
#5432 = VECTOR('',#5433,1.);
#5433 = DIRECTION('',(0.,-5.808674959774E-02,0.998311539311));
#5434 = PCURVE('',#5384,#5435);
#5435 = DEFINITIONAL_REPRESENTATION('',(#5436),#5440);
#5436 = LINE('',#5437,#5438);
#5437 = CARTESIAN_POINT('',(-1.570796326795,0.));
#5438 = VECTOR('',#5439,1.);
#5439 = DIRECTION('',(-0.,-1.));
#5440 = ( GEOMETRIC_REPRESENTATION_CONTEXT(2) 
PARAMETRIC_REPRESENTATION_CONTEXT() REPRESENTATION_CONTEXT('2D SPACE',''
  ) );
#5441 = PCURVE('',#5442,#5447);
#5442 = PLANE('',#5443);
#5443 = AXIS2_PLACEMENT_3D('',#5444,#5445,#5446);
#5444 = CARTESIAN_POINT('',(-82.68,137.35580334275,-45.66499049842));
#5445 = DIRECTION('',(0.,0.998311539311,5.808674959774E-02));
#5446 = DIRECTION('',(1.,0.,0.));
#5447 = DEFINITIONAL_REPRESENTATION('',(#5448),#5452);
#5448 = LINE('',#5449,#5450);
#5449 = CARTESIAN_POINT('',(0.,0.));
#5450 = VECTOR('',#5451,1.);
#5451 = DIRECTION('',(0.,-1.));
#5452 = ( GEOMETRIC_REPRESENTATION_CONTEXT(2) 
PARAMETRIC_REPRESENTATION_CONTEXT() REPRESENTATION_CONTEXT('2D SPACE',''
  ) );
#5453 = ORIENTED_EDGE('',*,*,#5454,.T.);
#5454 = EDGE_CURVE('',#5427,#5329,#5455,.T.);
#5455 = SURFACE_CURVE('',#5456,(#5461,#5468),.PCURVE_S1.);
#5456 = CIRCLE('',#5457,4.995);
#5457 = AXIS2_PLACEMENT_3D('',#5458,#5459,#5460);
#5458 = CARTESIAN_POINT('',(-82.68,128.88403221042,13.943558544955));
#5459 = DIRECTION('',(0.,-5.808674959774E-02,0.998311539311));
#5460 = DIRECTION('',(1.,0.,0.));
#5461 = PCURVE('',#5384,#5462);
#5462 = DEFINITIONAL_REPRESENTATION('',(#5463),#5467);
#5463 = LINE('',#5464,#5465);
#5464 = CARTESIAN_POINT('',(-0.,-60.));
#5465 = VECTOR('',#5466,1.);
#5466 = DIRECTION('',(-1.,0.));
#5467 = ( GEOMETRIC_REPRESENTATION_CONTEXT(2) 
PARAMETRIC_REPRESENTATION_CONTEXT() REPRESENTATION_CONTEXT('2D SPACE',''
  ) );
#5468 = PCURVE('',#5290,#5469);
#5469 = DEFINITIONAL_REPRESENTATION('',(#5470),#5474);
#5470 = CIRCLE('',#5471,4.995);
#5471 = AXIS2_PLACEMENT_2D('',#5472,#5473);
#5472 = CARTESIAN_POINT('',(-64.74,4.999999983808));
#5473 = DIRECTION('',(1.,0.));
#5474 = ( GEOMETRIC_REPRESENTATION_CONTEXT(2) 
PARAMETRIC_REPRESENTATION_CONTEXT() REPRESENTATION_CONTEXT('2D SPACE',''
  ) );
#5475 = ADVANCED_FACE('',(#5476),#5442,.T.);
#5476 = FACE_BOUND('',#5477,.T.);
#5477 = EDGE_LOOP('',(#5478,#5499,#5500,#5523));
#5478 = ORIENTED_EDGE('',*,*,#5479,.F.);
#5479 = EDGE_CURVE('',#5400,#5480,#5482,.T.);
#5480 = VERTEX_POINT('',#5481);
#5481 = CARTESIAN_POINT('',(-63.14,134.58241621996,2.));
#5482 = SURFACE_CURVE('',#5483,(#5487,#5493),.PCURVE_S1.);
#5483 = LINE('',#5484,#5485);
#5484 = CARTESIAN_POINT('',(-191.34,134.58241621996,2.));
#5485 = VECTOR('',#5486,1.);
#5486 = DIRECTION('',(1.,0.,0.));
#5487 = PCURVE('',#5442,#5488);
#5488 = DEFINITIONAL_REPRESENTATION('',(#5489),#5492);
#5489 = B_SPLINE_CURVE_WITH_KNOTS('',1,(#5490,#5491),.UNSPECIFIED.,.F.,
  .F.,(2,2),(108.66,128.2),.PIECEWISE_BEZIER_KNOTS.);
#5490 = CARTESIAN_POINT('',(0.,-47.74560707906));
#5491 = CARTESIAN_POINT('',(19.54,-47.74560707906));
#5492 = ( GEOMETRIC_REPRESENTATION_CONTEXT(2) 
PARAMETRIC_REPRESENTATION_CONTEXT() REPRESENTATION_CONTEXT('2D SPACE',''
  ) );
#5493 = PCURVE('',#5238,#5494);
#5494 = DEFINITIONAL_REPRESENTATION('',(#5495),#5498);
#5495 = B_SPLINE_CURVE_WITH_KNOTS('',1,(#5496,#5497),.UNSPECIFIED.,.F.,
  .F.,(2,2),(108.66,128.2),.PIECEWISE_BEZIER_KNOTS.);
#5496 = CARTESIAN_POINT('',(217.32,434.58241621996));
#5497 = CARTESIAN_POINT('',(236.86,434.58241621996));
#5498 = ( GEOMETRIC_REPRESENTATION_CONTEXT(2) 
PARAMETRIC_REPRESENTATION_CONTEXT() REPRESENTATION_CONTEXT('2D SPACE',''
  ) );
#5499 = ORIENTED_EDGE('',*,*,#5426,.T.);
#5500 = ORIENTED_EDGE('',*,*,#5501,.T.);
#5501 = EDGE_CURVE('',#5427,#5502,#5504,.T.);
#5502 = VERTEX_POINT('',#5503);
#5503 = CARTESIAN_POINT('',(-63.14,133.87059836689,14.233701860221));
#5504 = SURFACE_CURVE('',#5505,(#5509,#5516),.PCURVE_S1.);
#5505 = LINE('',#5506,#5507);
#5506 = CARTESIAN_POINT('',(-17.94,133.87059836689,14.233701860221));
#5507 = VECTOR('',#5508,1.);
#5508 = DIRECTION('',(1.,0.,0.));
#5509 = PCURVE('',#5442,#5510);
#5510 = DEFINITIONAL_REPRESENTATION('',(#5511),#5515);
#5511 = LINE('',#5512,#5513);
#5512 = CARTESIAN_POINT('',(64.74,-60.));
#5513 = VECTOR('',#5514,1.);
#5514 = DIRECTION('',(1.,0.));
#5515 = ( GEOMETRIC_REPRESENTATION_CONTEXT(2) 
PARAMETRIC_REPRESENTATION_CONTEXT() REPRESENTATION_CONTEXT('2D SPACE',''
  ) );
#5516 = PCURVE('',#5290,#5517);
#5517 = DEFINITIONAL_REPRESENTATION('',(#5518),#5522);
#5518 = LINE('',#5519,#5520);
#5519 = CARTESIAN_POINT('',(-1.925420939561E-15,9.995000001452));
#5520 = VECTOR('',#5521,1.);
#5521 = DIRECTION('',(1.,0.));
#5522 = ( GEOMETRIC_REPRESENTATION_CONTEXT(2) 
PARAMETRIC_REPRESENTATION_CONTEXT() REPRESENTATION_CONTEXT('2D SPACE',''
  ) );
#5523 = ORIENTED_EDGE('',*,*,#5524,.T.);
#5524 = EDGE_CURVE('',#5502,#5480,#5525,.T.);
#5525 = SURFACE_CURVE('',#5526,(#5530,#5536),.PCURVE_S1.);
#5526 = LINE('',#5527,#5528);
#5527 = CARTESIAN_POINT('',(-63.14,137.29771659316,-44.66667895911));
#5528 = VECTOR('',#5529,1.);
#5529 = DIRECTION('',(-0.,5.808674959774E-02,-0.998311539311));
#5530 = PCURVE('',#5442,#5531);
#5531 = DEFINITIONAL_REPRESENTATION('',(#5532),#5535);
#5532 = B_SPLINE_CURVE_WITH_KNOTS('',1,(#5533,#5534),.UNSPECIFIED.,.F.,
  .F.,(2,2),(-59.,-1.),.PIECEWISE_BEZIER_KNOTS.);
#5533 = CARTESIAN_POINT('',(19.54,-60.));
#5534 = CARTESIAN_POINT('',(19.54,-2.));
#5535 = ( GEOMETRIC_REPRESENTATION_CONTEXT(2) 
PARAMETRIC_REPRESENTATION_CONTEXT() REPRESENTATION_CONTEXT('2D SPACE',''
  ) );
#5536 = PCURVE('',#5314,#5537);
#5537 = DEFINITIONAL_REPRESENTATION('',(#5538),#5541);
#5538 = B_SPLINE_CURVE_WITH_KNOTS('',1,(#5539,#5540),.UNSPECIFIED.,.F.,
  .F.,(2,2),(-59.,-1.),.PIECEWISE_BEZIER_KNOTS.);
#5539 = CARTESIAN_POINT('',(58.,-22.99));
#5540 = CARTESIAN_POINT('',(0.,-22.99));
#5541 = ( GEOMETRIC_REPRESENTATION_CONTEXT(2) 
PARAMETRIC_REPRESENTATION_CONTEXT() REPRESENTATION_CONTEXT('2D SPACE',''
  ) );
#5542 = ADVANCED_FACE('',(#5543),#5290,.T.);
#5543 = FACE_BOUND('',#5544,.T.);
#5544 = EDGE_LOOP('',(#5545,#5546,#5547,#5566,#5567));
#5545 = ORIENTED_EDGE('',*,*,#5328,.F.);
#5546 = ORIENTED_EDGE('',*,*,#5275,.F.);
#5547 = ORIENTED_EDGE('',*,*,#5548,.T.);
#5548 = EDGE_CURVE('',#5276,#5502,#5549,.T.);
#5549 = SURFACE_CURVE('',#5550,(#5554,#5560),.PCURVE_S1.);
#5550 = LINE('',#5551,#5552);
#5551 = CARTESIAN_POINT('',(-63.14,117.40594530408,13.275706142438));
#5552 = VECTOR('',#5553,1.);
#5553 = DIRECTION('',(0.,0.998311539311,5.808674959774E-02));
#5554 = PCURVE('',#5290,#5555);
#5555 = DEFINITIONAL_REPRESENTATION('',(#5556),#5559);
#5556 = B_SPLINE_CURVE_WITH_KNOTS('',1,(#5557,#5558),.UNSPECIFIED.,.F.,
  .F.,(2,2),(2.472500000726,16.492500000726),.PIECEWISE_BEZIER_KNOTS.);
#5557 = CARTESIAN_POINT('',(-45.2,-4.024999998548));
#5558 = CARTESIAN_POINT('',(-45.2,9.995000001452));
#5559 = ( GEOMETRIC_REPRESENTATION_CONTEXT(2) 
PARAMETRIC_REPRESENTATION_CONTEXT() REPRESENTATION_CONTEXT('2D SPACE',''
  ) );
#5560 = PCURVE('',#5314,#5561);
#5561 = DEFINITIONAL_REPRESENTATION('',(#5562),#5565);
#5562 = B_SPLINE_CURVE_WITH_KNOTS('',1,(#5563,#5564),.UNSPECIFIED.,.F.,
  .F.,(2,2),(2.472500000726,16.492500000726),.PIECEWISE_BEZIER_KNOTS.);
#5563 = CARTESIAN_POINT('',(58.,-8.97));
#5564 = CARTESIAN_POINT('',(58.,-22.99));
#5565 = ( GEOMETRIC_REPRESENTATION_CONTEXT(2) 
PARAMETRIC_REPRESENTATION_CONTEXT() REPRESENTATION_CONTEXT('2D SPACE',''
  ) );
#5566 = ORIENTED_EDGE('',*,*,#5501,.F.);
#5567 = ORIENTED_EDGE('',*,*,#5454,.T.);
#5568 = ADVANCED_FACE('',(#5569),#5314,.T.);
#5569 = FACE_BOUND('',#5570,.T.);
#5570 = EDGE_LOOP('',(#5571,#5572,#5573,#5592));
#5571 = ORIENTED_EDGE('',*,*,#5548,.F.);
#5572 = ORIENTED_EDGE('',*,*,#5301,.T.);
#5573 = ORIENTED_EDGE('',*,*,#5574,.F.);
#5574 = EDGE_CURVE('',#5480,#5219,#5575,.T.);
#5575 = SURFACE_CURVE('',#5576,(#5580,#5586),.PCURVE_S1.);
#5576 = LINE('',#5577,#5578);
#5577 = CARTESIAN_POINT('',(-63.14,-92.85577622259,2.));
#5578 = VECTOR('',#5579,1.);
#5579 = DIRECTION('',(0.,-1.,0.));
#5580 = PCURVE('',#5314,#5581);
#5581 = DEFINITIONAL_REPRESENTATION('',(#5582),#5585);
#5582 = B_SPLINE_CURVE_WITH_KNOTS('',1,(#5583,#5584),.UNSPECIFIED.,.F.,
  .F.,(2,2),(-227.4381924425,-213.3944801864),.PIECEWISE_BEZIER_KNOTS.);
#5583 = CARTESIAN_POINT('',(45.745607079062,-22.99));
#5584 = CARTESIAN_POINT('',(46.561360676304,-8.97));
#5585 = ( GEOMETRIC_REPRESENTATION_CONTEXT(2) 
PARAMETRIC_REPRESENTATION_CONTEXT() REPRESENTATION_CONTEXT('2D SPACE',''
  ) );
#5586 = PCURVE('',#5238,#5587);
#5587 = DEFINITIONAL_REPRESENTATION('',(#5588),#5591);
#5588 = B_SPLINE_CURVE_WITH_KNOTS('',1,(#5589,#5590),.UNSPECIFIED.,.F.,
  .F.,(2,2),(-227.4381924425,-213.3944801864),.PIECEWISE_BEZIER_KNOTS.);
#5589 = CARTESIAN_POINT('',(236.86,434.58241621996));
#5590 = CARTESIAN_POINT('',(236.86,420.53870396389));
#5591 = ( GEOMETRIC_REPRESENTATION_CONTEXT(2) 
PARAMETRIC_REPRESENTATION_CONTEXT() REPRESENTATION_CONTEXT('2D SPACE',''
  ) );
#5592 = ORIENTED_EDGE('',*,*,#5524,.F.);
#5593 = ADVANCED_FACE('',(#5594),#5238,.F.);
#5594 = FACE_BOUND('',#5595,.F.);
#5595 = EDGE_LOOP('',(#5596,#5597,#5598,#5599,#5600));
#5596 = ORIENTED_EDGE('',*,*,#5350,.T.);
#5597 = ORIENTED_EDGE('',*,*,#5216,.T.);
#5598 = ORIENTED_EDGE('',*,*,#5574,.F.);
#5599 = ORIENTED_EDGE('',*,*,#5479,.F.);
#5600 = ORIENTED_EDGE('',*,*,#5399,.T.);
#5601 = ORIENTED_CLOSED_SHELL('',*,#5602,.F.);
#5602 = CLOSED_SHELL('',(#5603,#5715,#5785,#5852,#5877,#5902));
#5603 = ADVANCED_FACE('',(#5604),#5618,.F.);
#5604 = FACE_BOUND('',#5605,.F.);
#5605 = EDGE_LOOP('',(#5606,#5639,#5665,#5691));
#5606 = ORIENTED_EDGE('',*,*,#5607,.F.);
#5607 = EDGE_CURVE('',#5608,#5610,#5612,.T.);
#5608 = VERTEX_POINT('',#5609);
#5609 = CARTESIAN_POINT('',(-60.74,120.53870396389,2.));
#5610 = VERTEX_POINT('',#5611);
#5611 = CARTESIAN_POINT('',(-41.14,120.53870396389,2.));
#5612 = SURFACE_CURVE('',#5613,(#5617,#5628),.PCURVE_S1.);
#5613 = LINE('',#5614,#5615);
#5614 = CARTESIAN_POINT('',(-283.97,120.53870396389,2.));
#5615 = VECTOR('',#5616,1.);
#5616 = DIRECTION('',(1.,0.,0.));
#5617 = PCURVE('',#5618,#5623);
#5618 = PLANE('',#5619);
#5619 = AXIS2_PLACEMENT_3D('',#5620,#5621,#5622);
#5620 = CARTESIAN_POINT('',(-267.94,123.30138881202,-45.48105518847));
#5621 = DIRECTION('',(0.,0.998311539311,5.808674959774E-02));
#5622 = DIRECTION('',(0.,-5.808674959774E-02,0.998311539311));
#5623 = DEFINITIONAL_REPRESENTATION('',(#5624),#5627);
#5624 = B_SPLINE_CURVE_WITH_KNOTS('',1,(#5625,#5626),.UNSPECIFIED.,.F.,
  .F.,(2,2),(223.23,242.83),.PIECEWISE_BEZIER_KNOTS.);
#5625 = CARTESIAN_POINT('',(47.561360676304,207.2));
#5626 = CARTESIAN_POINT('',(47.561360676304,226.8));
#5627 = ( GEOMETRIC_REPRESENTATION_CONTEXT(2) 
PARAMETRIC_REPRESENTATION_CONTEXT() REPRESENTATION_CONTEXT('2D SPACE',''
  ) );
#5628 = PCURVE('',#5629,#5634);
#5629 = PLANE('',#5630);
#5630 = AXIS2_PLACEMENT_3D('',#5631,#5632,#5633);
#5631 = CARTESIAN_POINT('',(-300.,-300.,2.));
#5632 = DIRECTION('',(0.,0.,1.));
#5633 = DIRECTION('',(1.,0.,-0.));
#5634 = DEFINITIONAL_REPRESENTATION('',(#5635),#5638);
#5635 = B_SPLINE_CURVE_WITH_KNOTS('',1,(#5636,#5637),.UNSPECIFIED.,.F.,
  .F.,(2,2),(223.23,242.83),.PIECEWISE_BEZIER_KNOTS.);
#5636 = CARTESIAN_POINT('',(239.26,420.53870396389));
#5637 = CARTESIAN_POINT('',(258.86,420.53870396389));
#5638 = ( GEOMETRIC_REPRESENTATION_CONTEXT(2) 
PARAMETRIC_REPRESENTATION_CONTEXT() REPRESENTATION_CONTEXT('2D SPACE',''
  ) );
#5639 = ORIENTED_EDGE('',*,*,#5640,.F.);
#5640 = EDGE_CURVE('',#5641,#5608,#5643,.T.);
#5641 = VERTEX_POINT('',#5642);
#5642 = CARTESIAN_POINT('',(-60.74,119.87427058575,13.419325630861));
#5643 = SURFACE_CURVE('',#5644,(#5648,#5654),.PCURVE_S1.);
#5644 = LINE('',#5645,#5646);
#5645 = CARTESIAN_POINT('',(-60.74,123.27234543722,-44.98189941882));
#5646 = VECTOR('',#5647,1.);
#5647 = DIRECTION('',(-0.,5.808674959774E-02,-0.998311539311));
#5648 = PCURVE('',#5618,#5649);
#5649 = DEFINITIONAL_REPRESENTATION('',(#5650),#5653);
#5650 = B_SPLINE_CURVE_WITH_KNOTS('',1,(#5651,#5652),.UNSPECIFIED.,.F.,
  .F.,(2,2),(-58.5,-0.5),.PIECEWISE_BEZIER_KNOTS.);
#5651 = CARTESIAN_POINT('',(59.,207.2));
#5652 = CARTESIAN_POINT('',(1.,207.2));
#5653 = ( GEOMETRIC_REPRESENTATION_CONTEXT(2) 
PARAMETRIC_REPRESENTATION_CONTEXT() REPRESENTATION_CONTEXT('2D SPACE',''
  ) );
#5654 = PCURVE('',#5655,#5660);
#5655 = PLANE('',#5656);
#5656 = AXIS2_PLACEMENT_3D('',#5657,#5658,#5659);
#5657 = CARTESIAN_POINT('',(-60.74,114.2884475548,-45.00378179305));
#5658 = DIRECTION('',(1.,0.,0.));
#5659 = DIRECTION('',(0.,-5.808674959774E-02,0.998311539311));
#5660 = DEFINITIONAL_REPRESENTATION('',(#5661),#5664);
#5661 = B_SPLINE_CURVE_WITH_KNOTS('',1,(#5662,#5663),.UNSPECIFIED.,.F.,
  .F.,(2,2),(-58.5,-0.5),.PIECEWISE_BEZIER_KNOTS.);
#5662 = CARTESIAN_POINT('',(58.,-8.97));
#5663 = CARTESIAN_POINT('',(0.,-8.97));
#5664 = ( GEOMETRIC_REPRESENTATION_CONTEXT(2) 
PARAMETRIC_REPRESENTATION_CONTEXT() REPRESENTATION_CONTEXT('2D SPACE',''
  ) );
#5665 = ORIENTED_EDGE('',*,*,#5666,.F.);
#5666 = EDGE_CURVE('',#5667,#5641,#5669,.T.);
#5667 = VERTEX_POINT('',#5668);
#5668 = CARTESIAN_POINT('',(-41.14,119.87427058575,13.419325630861));
#5669 = SURFACE_CURVE('',#5670,(#5674,#5680),.PCURVE_S1.);
#5670 = LINE('',#5671,#5672);
#5671 = CARTESIAN_POINT('',(-142.94,119.87427058575,13.419325630861));
#5672 = VECTOR('',#5673,1.);
#5673 = DIRECTION('',(-1.,-0.,0.));
#5674 = PCURVE('',#5618,#5675);
#5675 = DEFINITIONAL_REPRESENTATION('',(#5676),#5679);
#5676 = B_SPLINE_CURVE_WITH_KNOTS('',1,(#5677,#5678),.UNSPECIFIED.,.F.,
  .F.,(2,2),(-194.735,-55.265),.PIECEWISE_BEZIER_KNOTS.);
#5677 = CARTESIAN_POINT('',(59.,319.735));
#5678 = CARTESIAN_POINT('',(59.,180.265));
#5679 = ( GEOMETRIC_REPRESENTATION_CONTEXT(2) 
PARAMETRIC_REPRESENTATION_CONTEXT() REPRESENTATION_CONTEXT('2D SPACE',''
  ) );
#5680 = PCURVE('',#5681,#5686);
#5681 = PLANE('',#5682);
#5682 = AXIS2_PLACEMENT_3D('',#5683,#5684,#5685);
#5683 = CARTESIAN_POINT('',(-17.94,123.89247453003,13.653124797907));
#5684 = DIRECTION('',(0.,-5.808674959774E-02,0.998311539311));
#5685 = DIRECTION('',(1.,0.,0.));
#5686 = DEFINITIONAL_REPRESENTATION('',(#5687),#5690);
#5687 = B_SPLINE_CURVE_WITH_KNOTS('',1,(#5688,#5689),.UNSPECIFIED.,.F.,
  .F.,(2,2),(-194.735,-55.265),.PIECEWISE_BEZIER_KNOTS.);
#5688 = CARTESIAN_POINT('',(69.735,-4.024999998548));
#5689 = CARTESIAN_POINT('',(-69.735,-4.024999998548));
#5690 = ( GEOMETRIC_REPRESENTATION_CONTEXT(2) 
PARAMETRIC_REPRESENTATION_CONTEXT() REPRESENTATION_CONTEXT('2D SPACE',''
  ) );
#5691 = ORIENTED_EDGE('',*,*,#5692,.T.);
#5692 = EDGE_CURVE('',#5667,#5610,#5693,.T.);
#5693 = SURFACE_CURVE('',#5694,(#5698,#5704),.PCURVE_S1.);
#5694 = LINE('',#5695,#5696);
#5695 = CARTESIAN_POINT('',(-41.14,123.27234543722,-44.98189941882));
#5696 = VECTOR('',#5697,1.);
#5697 = DIRECTION('',(-0.,5.808674959774E-02,-0.998311539311));
#5698 = PCURVE('',#5618,#5699);
#5699 = DEFINITIONAL_REPRESENTATION('',(#5700),#5703);
#5700 = B_SPLINE_CURVE_WITH_KNOTS('',1,(#5701,#5702),.UNSPECIFIED.,.F.,
  .F.,(2,2),(-58.5,-0.5),.PIECEWISE_BEZIER_KNOTS.);
#5701 = CARTESIAN_POINT('',(59.,226.8));
#5702 = CARTESIAN_POINT('',(1.,226.8));
#5703 = ( GEOMETRIC_REPRESENTATION_CONTEXT(2) 
PARAMETRIC_REPRESENTATION_CONTEXT() REPRESENTATION_CONTEXT('2D SPACE',''
  ) );
#5704 = PCURVE('',#5705,#5710);
#5705 = PLANE('',#5706);
#5706 = AXIS2_PLACEMENT_3D('',#5707,#5708,#5709);
#5707 = CARTESIAN_POINT('',(-41.14,114.2884475548,-45.00378179305));
#5708 = DIRECTION('',(1.,0.,0.));
#5709 = DIRECTION('',(0.,-5.808674959774E-02,0.998311539311));
#5710 = DEFINITIONAL_REPRESENTATION('',(#5711),#5714);
#5711 = B_SPLINE_CURVE_WITH_KNOTS('',1,(#5712,#5713),.UNSPECIFIED.,.F.,
  .F.,(2,2),(-58.5,-0.5),.PIECEWISE_BEZIER_KNOTS.);
#5712 = CARTESIAN_POINT('',(58.,-8.97));
#5713 = CARTESIAN_POINT('',(0.,-8.97));
#5714 = ( GEOMETRIC_REPRESENTATION_CONTEXT(2) 
PARAMETRIC_REPRESENTATION_CONTEXT() REPRESENTATION_CONTEXT('2D SPACE',''
  ) );
#5715 = ADVANCED_FACE('',(#5716),#5655,.F.);
#5716 = FACE_BOUND('',#5717,.F.);
#5717 = EDGE_LOOP('',(#5718,#5739,#5740,#5761));
#5718 = ORIENTED_EDGE('',*,*,#5719,.F.);
#5719 = EDGE_CURVE('',#5641,#5720,#5722,.T.);
#5720 = VERTEX_POINT('',#5721);
#5721 = CARTESIAN_POINT('',(-60.74,133.87059836689,14.233701860221));
#5722 = SURFACE_CURVE('',#5723,(#5727,#5733),.PCURVE_S1.);
#5723 = LINE('',#5724,#5725);
#5724 = CARTESIAN_POINT('',(-60.74,117.40594530408,13.275706142438));
#5725 = VECTOR('',#5726,1.);
#5726 = DIRECTION('',(0.,0.998311539311,5.808674959774E-02));
#5727 = PCURVE('',#5655,#5728);
#5728 = DEFINITIONAL_REPRESENTATION('',(#5729),#5732);
#5729 = B_SPLINE_CURVE_WITH_KNOTS('',1,(#5730,#5731),.UNSPECIFIED.,.F.,
  .F.,(2,2),(2.472500000726,16.492500000726),.PIECEWISE_BEZIER_KNOTS.);
#5730 = CARTESIAN_POINT('',(58.,-8.97));
#5731 = CARTESIAN_POINT('',(58.,-22.99));
#5732 = ( GEOMETRIC_REPRESENTATION_CONTEXT(2) 
PARAMETRIC_REPRESENTATION_CONTEXT() REPRESENTATION_CONTEXT('2D SPACE',''
  ) );
#5733 = PCURVE('',#5681,#5734);
#5734 = DEFINITIONAL_REPRESENTATION('',(#5735),#5738);
#5735 = B_SPLINE_CURVE_WITH_KNOTS('',1,(#5736,#5737),.UNSPECIFIED.,.F.,
  .F.,(2,2),(2.472500000726,16.492500000726),.PIECEWISE_BEZIER_KNOTS.);
#5736 = CARTESIAN_POINT('',(-42.8,-4.024999998548));
#5737 = CARTESIAN_POINT('',(-42.8,9.995000001452));
#5738 = ( GEOMETRIC_REPRESENTATION_CONTEXT(2) 
PARAMETRIC_REPRESENTATION_CONTEXT() REPRESENTATION_CONTEXT('2D SPACE',''
  ) );
#5739 = ORIENTED_EDGE('',*,*,#5640,.T.);
#5740 = ORIENTED_EDGE('',*,*,#5741,.F.);
#5741 = EDGE_CURVE('',#5742,#5608,#5744,.T.);
#5742 = VERTEX_POINT('',#5743);
#5743 = CARTESIAN_POINT('',(-60.74,134.58241621996,2.));
#5744 = SURFACE_CURVE('',#5745,(#5749,#5755),.PCURVE_S1.);
#5745 = LINE('',#5746,#5747);
#5746 = CARTESIAN_POINT('',(-60.74,-92.85577622259,2.));
#5747 = VECTOR('',#5748,1.);
#5748 = DIRECTION('',(0.,-1.,0.));
#5749 = PCURVE('',#5655,#5750);
#5750 = DEFINITIONAL_REPRESENTATION('',(#5751),#5754);
#5751 = B_SPLINE_CURVE_WITH_KNOTS('',1,(#5752,#5753),.UNSPECIFIED.,.F.,
  .F.,(2,2),(-227.4381924425,-213.3944801864),.PIECEWISE_BEZIER_KNOTS.);
#5752 = CARTESIAN_POINT('',(45.745607079062,-22.99));
#5753 = CARTESIAN_POINT('',(46.561360676304,-8.97));
#5754 = ( GEOMETRIC_REPRESENTATION_CONTEXT(2) 
PARAMETRIC_REPRESENTATION_CONTEXT() REPRESENTATION_CONTEXT('2D SPACE',''
  ) );
#5755 = PCURVE('',#5629,#5756);
#5756 = DEFINITIONAL_REPRESENTATION('',(#5757),#5760);
#5757 = B_SPLINE_CURVE_WITH_KNOTS('',1,(#5758,#5759),.UNSPECIFIED.,.F.,
  .F.,(2,2),(-227.4381924425,-213.3944801864),.PIECEWISE_BEZIER_KNOTS.);
#5758 = CARTESIAN_POINT('',(239.26,434.58241621996));
#5759 = CARTESIAN_POINT('',(239.26,420.53870396389));
#5760 = ( GEOMETRIC_REPRESENTATION_CONTEXT(2) 
PARAMETRIC_REPRESENTATION_CONTEXT() REPRESENTATION_CONTEXT('2D SPACE',''
  ) );
#5761 = ORIENTED_EDGE('',*,*,#5762,.F.);
#5762 = EDGE_CURVE('',#5720,#5742,#5763,.T.);
#5763 = SURFACE_CURVE('',#5764,(#5768,#5774),.PCURVE_S1.);
#5764 = LINE('',#5765,#5766);
#5765 = CARTESIAN_POINT('',(-60.74,137.29771659316,-44.66667895911));
#5766 = VECTOR('',#5767,1.);
#5767 = DIRECTION('',(-0.,5.808674959774E-02,-0.998311539311));
#5768 = PCURVE('',#5655,#5769);
#5769 = DEFINITIONAL_REPRESENTATION('',(#5770),#5773);
#5770 = B_SPLINE_CURVE_WITH_KNOTS('',1,(#5771,#5772),.UNSPECIFIED.,.F.,
  .F.,(2,2),(-59.,-1.),.PIECEWISE_BEZIER_KNOTS.);
#5771 = CARTESIAN_POINT('',(58.,-22.99));
#5772 = CARTESIAN_POINT('',(0.,-22.99));
#5773 = ( GEOMETRIC_REPRESENTATION_CONTEXT(2) 
PARAMETRIC_REPRESENTATION_CONTEXT() REPRESENTATION_CONTEXT('2D SPACE',''
  ) );
#5774 = PCURVE('',#5775,#5780);
#5775 = PLANE('',#5776);
#5776 = AXIS2_PLACEMENT_3D('',#5777,#5778,#5779);
#5777 = CARTESIAN_POINT('',(-82.68,137.35580334275,-45.66499049842));
#5778 = DIRECTION('',(0.,0.998311539311,5.808674959774E-02));
#5779 = DIRECTION('',(1.,0.,0.));
#5780 = DEFINITIONAL_REPRESENTATION('',(#5781),#5784);
#5781 = B_SPLINE_CURVE_WITH_KNOTS('',1,(#5782,#5783),.UNSPECIFIED.,.F.,
  .F.,(2,2),(-59.,-1.),.PIECEWISE_BEZIER_KNOTS.);
#5782 = CARTESIAN_POINT('',(21.94,-60.));
#5783 = CARTESIAN_POINT('',(21.94,-2.));
#5784 = ( GEOMETRIC_REPRESENTATION_CONTEXT(2) 
PARAMETRIC_REPRESENTATION_CONTEXT() REPRESENTATION_CONTEXT('2D SPACE',''
  ) );
#5785 = ADVANCED_FACE('',(#5786),#5775,.T.);
#5786 = FACE_BOUND('',#5787,.T.);
#5787 = EDGE_LOOP('',(#5788,#5809,#5810,#5833));
#5788 = ORIENTED_EDGE('',*,*,#5789,.F.);
#5789 = EDGE_CURVE('',#5742,#5790,#5792,.T.);
#5790 = VERTEX_POINT('',#5791);
#5791 = CARTESIAN_POINT('',(-41.14,134.58241621996,2.));
#5792 = SURFACE_CURVE('',#5793,(#5797,#5803),.PCURVE_S1.);
#5793 = LINE('',#5794,#5795);
#5794 = CARTESIAN_POINT('',(-191.34,134.58241621996,2.));
#5795 = VECTOR('',#5796,1.);
#5796 = DIRECTION('',(1.,0.,0.));
#5797 = PCURVE('',#5775,#5798);
#5798 = DEFINITIONAL_REPRESENTATION('',(#5799),#5802);
#5799 = B_SPLINE_CURVE_WITH_KNOTS('',1,(#5800,#5801),.UNSPECIFIED.,.F.,
  .F.,(2,2),(130.6,150.2),.PIECEWISE_BEZIER_KNOTS.);
#5800 = CARTESIAN_POINT('',(21.94,-47.74560707906));
#5801 = CARTESIAN_POINT('',(41.54,-47.74560707906));
#5802 = ( GEOMETRIC_REPRESENTATION_CONTEXT(2) 
PARAMETRIC_REPRESENTATION_CONTEXT() REPRESENTATION_CONTEXT('2D SPACE',''
  ) );
#5803 = PCURVE('',#5629,#5804);
#5804 = DEFINITIONAL_REPRESENTATION('',(#5805),#5808);
#5805 = B_SPLINE_CURVE_WITH_KNOTS('',1,(#5806,#5807),.UNSPECIFIED.,.F.,
  .F.,(2,2),(130.6,150.2),.PIECEWISE_BEZIER_KNOTS.);
#5806 = CARTESIAN_POINT('',(239.26,434.58241621996));
#5807 = CARTESIAN_POINT('',(258.86,434.58241621996));
#5808 = ( GEOMETRIC_REPRESENTATION_CONTEXT(2) 
PARAMETRIC_REPRESENTATION_CONTEXT() REPRESENTATION_CONTEXT('2D SPACE',''
  ) );
#5809 = ORIENTED_EDGE('',*,*,#5762,.F.);
#5810 = ORIENTED_EDGE('',*,*,#5811,.T.);
#5811 = EDGE_CURVE('',#5720,#5812,#5814,.T.);
#5812 = VERTEX_POINT('',#5813);
#5813 = CARTESIAN_POINT('',(-41.14,133.87059836689,14.233701860221));
#5814 = SURFACE_CURVE('',#5815,(#5819,#5826),.PCURVE_S1.);
#5815 = LINE('',#5816,#5817);
#5816 = CARTESIAN_POINT('',(-17.94,133.87059836689,14.233701860221));
#5817 = VECTOR('',#5818,1.);
#5818 = DIRECTION('',(1.,0.,0.));
#5819 = PCURVE('',#5775,#5820);
#5820 = DEFINITIONAL_REPRESENTATION('',(#5821),#5825);
#5821 = LINE('',#5822,#5823);
#5822 = CARTESIAN_POINT('',(64.74,-60.));
#5823 = VECTOR('',#5824,1.);
#5824 = DIRECTION('',(1.,0.));
#5825 = ( GEOMETRIC_REPRESENTATION_CONTEXT(2) 
PARAMETRIC_REPRESENTATION_CONTEXT() REPRESENTATION_CONTEXT('2D SPACE',''
  ) );
#5826 = PCURVE('',#5681,#5827);
#5827 = DEFINITIONAL_REPRESENTATION('',(#5828),#5832);
#5828 = LINE('',#5829,#5830);
#5829 = CARTESIAN_POINT('',(-1.925420939561E-15,9.995000001452));
#5830 = VECTOR('',#5831,1.);
#5831 = DIRECTION('',(1.,0.));
#5832 = ( GEOMETRIC_REPRESENTATION_CONTEXT(2) 
PARAMETRIC_REPRESENTATION_CONTEXT() REPRESENTATION_CONTEXT('2D SPACE',''
  ) );
#5833 = ORIENTED_EDGE('',*,*,#5834,.T.);
#5834 = EDGE_CURVE('',#5812,#5790,#5835,.T.);
#5835 = SURFACE_CURVE('',#5836,(#5840,#5846),.PCURVE_S1.);
#5836 = LINE('',#5837,#5838);
#5837 = CARTESIAN_POINT('',(-41.14,137.29771659316,-44.66667895911));
#5838 = VECTOR('',#5839,1.);
#5839 = DIRECTION('',(-0.,5.808674959774E-02,-0.998311539311));
#5840 = PCURVE('',#5775,#5841);
#5841 = DEFINITIONAL_REPRESENTATION('',(#5842),#5845);
#5842 = B_SPLINE_CURVE_WITH_KNOTS('',1,(#5843,#5844),.UNSPECIFIED.,.F.,
  .F.,(2,2),(-59.,-1.),.PIECEWISE_BEZIER_KNOTS.);
#5843 = CARTESIAN_POINT('',(41.54,-60.));
#5844 = CARTESIAN_POINT('',(41.54,-2.));
#5845 = ( GEOMETRIC_REPRESENTATION_CONTEXT(2) 
PARAMETRIC_REPRESENTATION_CONTEXT() REPRESENTATION_CONTEXT('2D SPACE',''
  ) );
#5846 = PCURVE('',#5705,#5847);
#5847 = DEFINITIONAL_REPRESENTATION('',(#5848),#5851);
#5848 = B_SPLINE_CURVE_WITH_KNOTS('',1,(#5849,#5850),.UNSPECIFIED.,.F.,
  .F.,(2,2),(-59.,-1.),.PIECEWISE_BEZIER_KNOTS.);
#5849 = CARTESIAN_POINT('',(58.,-22.99));
#5850 = CARTESIAN_POINT('',(0.,-22.99));
#5851 = ( GEOMETRIC_REPRESENTATION_CONTEXT(2) 
PARAMETRIC_REPRESENTATION_CONTEXT() REPRESENTATION_CONTEXT('2D SPACE',''
  ) );
#5852 = ADVANCED_FACE('',(#5853),#5681,.T.);
#5853 = FACE_BOUND('',#5854,.T.);
#5854 = EDGE_LOOP('',(#5855,#5856,#5857,#5876));
#5855 = ORIENTED_EDGE('',*,*,#5719,.F.);
#5856 = ORIENTED_EDGE('',*,*,#5666,.F.);
#5857 = ORIENTED_EDGE('',*,*,#5858,.T.);
#5858 = EDGE_CURVE('',#5667,#5812,#5859,.T.);
#5859 = SURFACE_CURVE('',#5860,(#5864,#5870),.PCURVE_S1.);
#5860 = LINE('',#5861,#5862);
#5861 = CARTESIAN_POINT('',(-41.14,117.40594530408,13.275706142438));
#5862 = VECTOR('',#5863,1.);
#5863 = DIRECTION('',(0.,0.998311539311,5.808674959774E-02));
#5864 = PCURVE('',#5681,#5865);
#5865 = DEFINITIONAL_REPRESENTATION('',(#5866),#5869);
#5866 = B_SPLINE_CURVE_WITH_KNOTS('',1,(#5867,#5868),.UNSPECIFIED.,.F.,
  .F.,(2,2),(2.472500000726,16.492500000726),.PIECEWISE_BEZIER_KNOTS.);
#5867 = CARTESIAN_POINT('',(-23.2,-4.024999998548));
#5868 = CARTESIAN_POINT('',(-23.2,9.995000001452));
#5869 = ( GEOMETRIC_REPRESENTATION_CONTEXT(2) 
PARAMETRIC_REPRESENTATION_CONTEXT() REPRESENTATION_CONTEXT('2D SPACE',''
  ) );
#5870 = PCURVE('',#5705,#5871);
#5871 = DEFINITIONAL_REPRESENTATION('',(#5872),#5875);
#5872 = B_SPLINE_CURVE_WITH_KNOTS('',1,(#5873,#5874),.UNSPECIFIED.,.F.,
  .F.,(2,2),(2.472500000726,16.492500000726),.PIECEWISE_BEZIER_KNOTS.);
#5873 = CARTESIAN_POINT('',(58.,-8.97));
#5874 = CARTESIAN_POINT('',(58.,-22.99));
#5875 = ( GEOMETRIC_REPRESENTATION_CONTEXT(2) 
PARAMETRIC_REPRESENTATION_CONTEXT() REPRESENTATION_CONTEXT('2D SPACE',''
  ) );
#5876 = ORIENTED_EDGE('',*,*,#5811,.F.);
#5877 = ADVANCED_FACE('',(#5878),#5705,.T.);
#5878 = FACE_BOUND('',#5879,.T.);
#5879 = EDGE_LOOP('',(#5880,#5881,#5882,#5901));
#5880 = ORIENTED_EDGE('',*,*,#5858,.F.);
#5881 = ORIENTED_EDGE('',*,*,#5692,.T.);
#5882 = ORIENTED_EDGE('',*,*,#5883,.F.);
#5883 = EDGE_CURVE('',#5790,#5610,#5884,.T.);
#5884 = SURFACE_CURVE('',#5885,(#5889,#5895),.PCURVE_S1.);
#5885 = LINE('',#5886,#5887);
#5886 = CARTESIAN_POINT('',(-41.14,-92.85577622259,2.));
#5887 = VECTOR('',#5888,1.);
#5888 = DIRECTION('',(0.,-1.,0.));
#5889 = PCURVE('',#5705,#5890);
#5890 = DEFINITIONAL_REPRESENTATION('',(#5891),#5894);
#5891 = B_SPLINE_CURVE_WITH_KNOTS('',1,(#5892,#5893),.UNSPECIFIED.,.F.,
  .F.,(2,2),(-227.4381924425,-213.3944801864),.PIECEWISE_BEZIER_KNOTS.);
#5892 = CARTESIAN_POINT('',(45.745607079062,-22.99));
#5893 = CARTESIAN_POINT('',(46.561360676304,-8.97));
#5894 = ( GEOMETRIC_REPRESENTATION_CONTEXT(2) 
PARAMETRIC_REPRESENTATION_CONTEXT() REPRESENTATION_CONTEXT('2D SPACE',''
  ) );
#5895 = PCURVE('',#5629,#5896);
#5896 = DEFINITIONAL_REPRESENTATION('',(#5897),#5900);
#5897 = B_SPLINE_CURVE_WITH_KNOTS('',1,(#5898,#5899),.UNSPECIFIED.,.F.,
  .F.,(2,2),(-227.4381924425,-213.3944801864),.PIECEWISE_BEZIER_KNOTS.);
#5898 = CARTESIAN_POINT('',(258.86,434.58241621996));
#5899 = CARTESIAN_POINT('',(258.86,420.53870396389));
#5900 = ( GEOMETRIC_REPRESENTATION_CONTEXT(2) 
PARAMETRIC_REPRESENTATION_CONTEXT() REPRESENTATION_CONTEXT('2D SPACE',''
  ) );
#5901 = ORIENTED_EDGE('',*,*,#5834,.F.);
#5902 = ADVANCED_FACE('',(#5903),#5629,.F.);
#5903 = FACE_BOUND('',#5904,.F.);
#5904 = EDGE_LOOP('',(#5905,#5906,#5907,#5908));
#5905 = ORIENTED_EDGE('',*,*,#5741,.T.);
#5906 = ORIENTED_EDGE('',*,*,#5607,.T.);
#5907 = ORIENTED_EDGE('',*,*,#5883,.F.);
#5908 = ORIENTED_EDGE('',*,*,#5789,.F.);
#5909 = ( GEOMETRIC_REPRESENTATION_CONTEXT(3) 
GLOBAL_UNCERTAINTY_ASSIGNED_CONTEXT((#5913)) 
GLOBAL_UNIT_ASSIGNED_CONTEXT((#5910,#5911,#5912)) REPRESENTATION_CONTEXT
('Context #1','3D Context with UNIT and UNCERTAINTY') );
#5910 = ( LENGTH_UNIT() NAMED_UNIT(*) SI_UNIT(.MILLI.,.METRE.) );
#5911 = ( NAMED_UNIT(*) PLANE_ANGLE_UNIT() SI_UNIT($,.RADIAN.) );
#5912 = ( NAMED_UNIT(*) SI_UNIT($,.STERADIAN.) SOLID_ANGLE_UNIT() );
#5913 = UNCERTAINTY_MEASURE_WITH_UNIT(LENGTH_MEASURE(5.E-06),#5910,
  'distance_accuracy_value','confusion accuracy');
#5914 = PRODUCT_RELATED_PRODUCT_CATEGORY('part',$,(#7));
ENDSEC;
END-ISO-10303-21;
