ISO-10303-21;
HEADER;
FILE_DESCRIPTION(('Open CASCADE Model'),'2;1');
FILE_NAME('Open CASCADE Shape Model','1970-01-01T00:00:00',('Author'),(
    'Open CASCADE'),'Open CASCADE STEP processor 7.9','build123d',
  'Unknown');
FILE_SCHEMA(('AUTOMOTIVE_DESIGN { 1 0 10303 214 1 1 1 1 }'));
ENDSEC;
DATA;
#1 = APPLICATION_PROTOCOL_DEFINITION('international standard',
  'automotive_design',2000,#2);
#2 = APPLICATION_CONTEXT(
  'core data for automotive mechanical design processes');
#3 = SHAPE_DEFINITION_REPRESENTATION(#4,#10);
#4 = PRODUCT_DEFINITION_SHAPE('','',#5);
#5 = PRODUCT_DEFINITION('design','',#6,#9);
#6 = PRODUCT_DEFINITION_FORMATION('','',#7);
#7 = PRODUCT('COMPOUND','COMPOUND','',(#8));
#8 = PRODUCT_CONTEXT('',#2,'mechanical');
#9 = PRODUCT_DEFINITION_CONTEXT('part definition',#2,'design');
#10 = ADVANCED_BREP_SHAPE_REPRESENTATION('',(#11,#15),#10526);
#11 = AXIS2_PLACEMENT_3D('',#12,#13,#14);
#12 = CARTESIAN_POINT('',(0.,0.,0.));
#13 = DIRECTION('',(0.,0.,1.));
#14 = DIRECTION('',(1.,0.,-0.));
#15 = MANIFOLD_SOLID_BREP('',#16);
#16 = CLOSED_SHELL('',(#17,#137,#220,#297,#802,#852,#906,#958,#1015,
    #2587,#2637,#2975,#3080,#3224,#3278,#3326,#3380,#3428,#3482,#3530,
    #3584,#3730,#3802,#3852,#3879,#3904,#3929,#3954,#3979,#3986,#4060,
    #4114,#4168,#4215,#4262,#4316,#4370,#4395,#4464,#4518,#4572,#4619,
    #4666,#4720,#4774,#4799,#4868,#4922,#4976,#5023,#5070,#5124,#5178,
    #5203,#5272,#5326,#5380,#5427,#5474,#5528,#5582,#5607,#5676,#5730,
    #5784,#5831,#5878,#5932,#5986,#6011,#6080,#6134,#6181,#6235,#6282,
    #6336,#6383,#6415,#6442,#6516,#6641,#6756,#6763,#6837,#6957,#7072,
    #7079,#7217,#7266,#7580,#7629,#8146,#8173,#8332,#8339,#8366,#8373,
    #8400,#8427,#8434,#8461,#8536,#8646,#8696,#8745,#8795,#8843,#8968,
    #8975,#9000,#9055,#9110,#9165,#9220,#9275,#9330,#9385,#9440,#9495,
    #9550,#9683,#9782,#9841,#9867,#9894,#10000,#10075,#10146,#10172,
    #10179,#10183,#10187,#10191,#10195,#10199,#10203,#10207,#10211,
    #10215,#10219,#10255,#10262,#10298,#10353,#10408,#10463,#10518,
    #10522));
#17 = ADVANCED_FACE('',(#18),#32,.T.);
#18 = FACE_BOUND('',#19,.T.);
#19 = EDGE_LOOP('',(#20,#55,#83,#111));
#20 = ORIENTED_EDGE('',*,*,#21,.T.);
#21 = EDGE_CURVE('',#22,#24,#26,.T.);
#22 = VERTEX_POINT('',#23);
#23 = CARTESIAN_POINT('',(-75.5,9.994999998705,9.));
#24 = VERTEX_POINT('',#25);
#25 = CARTESIAN_POINT('',(-75.5,9.994999998705,1.2));
#26 = SURFACE_CURVE('',#27,(#31,#43),.PCURVE_S1.);
#27 = LINE('',#28,#29);
#28 = CARTESIAN_POINT('',(-75.5,9.994999998705,9.5));
#29 = VECTOR('',#30,1.);
#30 = DIRECTION('',(0.,0.,-1.));
#31 = PCURVE('',#32,#37);
#32 = PLANE('',#33);
#33 = AXIS2_PLACEMENT_3D('',#34,#35,#36);
#34 = CARTESIAN_POINT('',(-75.5,-9.995,2.4));
#35 = DIRECTION('',(-1.,0.,0.));
#36 = DIRECTION('',(0.,1.,0.));
#37 = DEFINITIONAL_REPRESENTATION('',(#38),#42);
#38 = LINE('',#39,#40);
#39 = CARTESIAN_POINT('',(19.989999998705,-7.1));
#40 = VECTOR('',#41,1.);
#41 = DIRECTION('',(0.,1.));
#42 = ( GEOMETRIC_REPRESENTATION_CONTEXT(2) 
PARAMETRIC_REPRESENTATION_CONTEXT() REPRESENTATION_CONTEXT('2D SPACE',''
  ) );
#43 = PCURVE('',#44,#49);
#44 = CYLINDRICAL_SURFACE('',#45,3.);
#45 = AXIS2_PLACEMENT_3D('',#46,#47,#48);
#46 = CARTESIAN_POINT('',(-72.5,9.994999998705,2.4));
#47 = DIRECTION('',(-0.,-0.,-1.));
#48 = DIRECTION('',(1.,0.,0.));
#49 = DEFINITIONAL_REPRESENTATION('',(#50),#54);
#50 = LINE('',#51,#52);
#51 = CARTESIAN_POINT('',(-3.14159265359,-7.1));
#52 = VECTOR('',#53,1.);
#53 = DIRECTION('',(0.,1.));
#54 = ( GEOMETRIC_REPRESENTATION_CONTEXT(2) 
PARAMETRIC_REPRESENTATION_CONTEXT() REPRESENTATION_CONTEXT('2D SPACE',''
  ) );
#55 = ORIENTED_EDGE('',*,*,#56,.F.);
#56 = EDGE_CURVE('',#57,#24,#59,.T.);
#57 = VERTEX_POINT('',#58);
#58 = CARTESIAN_POINT('',(-75.5,-9.995,1.2));
#59 = SURFACE_CURVE('',#60,(#64,#71),.PCURVE_S1.);
#60 = LINE('',#61,#62);
#61 = CARTESIAN_POINT('',(-75.5,6.128431095931E-14,1.2));
#62 = VECTOR('',#63,1.);
#63 = DIRECTION('',(0.,1.,0.));
#64 = PCURVE('',#32,#65);
#65 = DEFINITIONAL_REPRESENTATION('',(#66),#70);
#66 = LINE('',#67,#68);
#67 = CARTESIAN_POINT('',(9.995,1.2));
#68 = VECTOR('',#69,1.);
#69 = DIRECTION('',(1.,0.));
#70 = ( GEOMETRIC_REPRESENTATION_CONTEXT(2) 
PARAMETRIC_REPRESENTATION_CONTEXT() REPRESENTATION_CONTEXT('2D SPACE',''
  ) );
#71 = PCURVE('',#72,#77);
#72 = PLANE('',#73);
#73 = AXIS2_PLACEMENT_3D('',#74,#75,#76);
#74 = CARTESIAN_POINT('',(-1.793605149074E-15,-1.088005381886E-10,1.2));
#75 = DIRECTION('',(0.,0.,1.));
#76 = DIRECTION('',(1.,0.,-0.));
#77 = DEFINITIONAL_REPRESENTATION('',(#78),#82);
#78 = LINE('',#79,#80);
#79 = CARTESIAN_POINT('',(-75.5,1.088618224996E-10));
#80 = VECTOR('',#81,1.);
#81 = DIRECTION('',(0.,1.));
#82 = ( GEOMETRIC_REPRESENTATION_CONTEXT(2) 
PARAMETRIC_REPRESENTATION_CONTEXT() REPRESENTATION_CONTEXT('2D SPACE',''
  ) );
#83 = ORIENTED_EDGE('',*,*,#84,.T.);
#84 = EDGE_CURVE('',#57,#85,#87,.T.);
#85 = VERTEX_POINT('',#86);
#86 = CARTESIAN_POINT('',(-75.5,-9.995,9.));
#87 = SURFACE_CURVE('',#88,(#92,#99),.PCURVE_S1.);
#88 = LINE('',#89,#90);
#89 = CARTESIAN_POINT('',(-75.5,-9.995,1.2));
#90 = VECTOR('',#91,1.);
#91 = DIRECTION('',(0.,0.,1.));
#92 = PCURVE('',#32,#93);
#93 = DEFINITIONAL_REPRESENTATION('',(#94),#98);
#94 = LINE('',#95,#96);
#95 = CARTESIAN_POINT('',(0.,1.2));
#96 = VECTOR('',#97,1.);
#97 = DIRECTION('',(0.,-1.));
#98 = ( GEOMETRIC_REPRESENTATION_CONTEXT(2) 
PARAMETRIC_REPRESENTATION_CONTEXT() REPRESENTATION_CONTEXT('2D SPACE',''
  ) );
#99 = PCURVE('',#100,#105);
#100 = CYLINDRICAL_SURFACE('',#101,3.);
#101 = AXIS2_PLACEMENT_3D('',#102,#103,#104);
#102 = CARTESIAN_POINT('',(-72.5,-9.995,2.4));
#103 = DIRECTION('',(-0.,-0.,-1.));
#104 = DIRECTION('',(1.,0.,0.));
#105 = DEFINITIONAL_REPRESENTATION('',(#106),#110);
#106 = LINE('',#107,#108);
#107 = CARTESIAN_POINT('',(-3.14159265359,1.2));
#108 = VECTOR('',#109,1.);
#109 = DIRECTION('',(-0.,-1.));
#110 = ( GEOMETRIC_REPRESENTATION_CONTEXT(2) 
PARAMETRIC_REPRESENTATION_CONTEXT() REPRESENTATION_CONTEXT('2D SPACE',''
  ) );
#111 = ORIENTED_EDGE('',*,*,#112,.T.);
#112 = EDGE_CURVE('',#85,#22,#113,.T.);
#113 = SURFACE_CURVE('',#114,(#118,#125),.PCURVE_S1.);
#114 = LINE('',#115,#116);
#115 = CARTESIAN_POINT('',(-75.5,-9.995,9.));
#116 = VECTOR('',#117,1.);
#117 = DIRECTION('',(0.,1.,0.));
#118 = PCURVE('',#32,#119);
#119 = DEFINITIONAL_REPRESENTATION('',(#120),#124);
#120 = LINE('',#121,#122);
#121 = CARTESIAN_POINT('',(0.,-6.6));
#122 = VECTOR('',#123,1.);
#123 = DIRECTION('',(1.,0.));
#124 = ( GEOMETRIC_REPRESENTATION_CONTEXT(2) 
PARAMETRIC_REPRESENTATION_CONTEXT() REPRESENTATION_CONTEXT('2D SPACE',''
  ) );
#125 = PCURVE('',#126,#131);
#126 = PLANE('',#127);
#127 = AXIS2_PLACEMENT_3D('',#128,#129,#130);
#128 = CARTESIAN_POINT('',(-75.25,-9.995,9.25));
#129 = DIRECTION('',(-0.707106781187,1.889513820523E-18,0.707106781187)
  );
#130 = DIRECTION('',(-1.336088035637E-18,-1.,1.336088035637E-18));
#131 = DEFINITIONAL_REPRESENTATION('',(#132),#136);
#132 = LINE('',#133,#134);
#133 = CARTESIAN_POINT('',(-0.,-0.353553390593));
#134 = VECTOR('',#135,1.);
#135 = DIRECTION('',(-1.,0.));
#136 = ( GEOMETRIC_REPRESENTATION_CONTEXT(2) 
PARAMETRIC_REPRESENTATION_CONTEXT() REPRESENTATION_CONTEXT('2D SPACE',''
  ) );
#137 = ADVANCED_FACE('',(#138),#44,.T.);
#138 = FACE_BOUND('',#139,.F.);
#139 = EDGE_LOOP('',(#140,#170,#197,#198));
#140 = ORIENTED_EDGE('',*,*,#141,.F.);
#141 = EDGE_CURVE('',#142,#144,#146,.T.);
#142 = VERTEX_POINT('',#143);
#143 = CARTESIAN_POINT('',(-72.5,12.994999998705,9.));
#144 = VERTEX_POINT('',#145);
#145 = CARTESIAN_POINT('',(-72.5,12.994999999353,1.2));
#146 = SURFACE_CURVE('',#147,(#151,#158),.PCURVE_S1.);
#147 = LINE('',#148,#149);
#148 = CARTESIAN_POINT('',(-72.5,12.994999999353,9.5));
#149 = VECTOR('',#150,1.);
#150 = DIRECTION('',(0.,0.,-1.));
#151 = PCURVE('',#44,#152);
#152 = DEFINITIONAL_REPRESENTATION('',(#153),#157);
#153 = LINE('',#154,#155);
#154 = CARTESIAN_POINT('',(-1.570796326795,-7.1));
#155 = VECTOR('',#156,1.);
#156 = DIRECTION('',(0.,1.));
#157 = ( GEOMETRIC_REPRESENTATION_CONTEXT(2) 
PARAMETRIC_REPRESENTATION_CONTEXT() REPRESENTATION_CONTEXT('2D SPACE',''
  ) );
#158 = PCURVE('',#159,#164);
#159 = PLANE('',#160);
#160 = AXIS2_PLACEMENT_3D('',#161,#162,#163);
#161 = CARTESIAN_POINT('',(-72.5,12.995,2.4));
#162 = DIRECTION('',(0.,1.,0.));
#163 = DIRECTION('',(1.,0.,0.));
#164 = DEFINITIONAL_REPRESENTATION('',(#165),#169);
#165 = LINE('',#166,#167);
#166 = CARTESIAN_POINT('',(0.,-7.1));
#167 = VECTOR('',#168,1.);
#168 = DIRECTION('',(0.,1.));
#169 = ( GEOMETRIC_REPRESENTATION_CONTEXT(2) 
PARAMETRIC_REPRESENTATION_CONTEXT() REPRESENTATION_CONTEXT('2D SPACE',''
  ) );
#170 = ORIENTED_EDGE('',*,*,#171,.F.);
#171 = EDGE_CURVE('',#22,#142,#172,.T.);
#172 = SURFACE_CURVE('',#173,(#178,#185),.PCURVE_S1.);
#173 = CIRCLE('',#174,3.);
#174 = AXIS2_PLACEMENT_3D('',#175,#176,#177);
#175 = CARTESIAN_POINT('',(-72.5,9.994999998705,9.));
#176 = DIRECTION('',(-0.,0.,-1.));
#177 = DIRECTION('',(-1.,0.,0.));
#178 = PCURVE('',#44,#179);
#179 = DEFINITIONAL_REPRESENTATION('',(#180),#184);
#180 = LINE('',#181,#182);
#181 = CARTESIAN_POINT('',(-3.14159265359,-6.6));
#182 = VECTOR('',#183,1.);
#183 = DIRECTION('',(1.,-0.));
#184 = ( GEOMETRIC_REPRESENTATION_CONTEXT(2) 
PARAMETRIC_REPRESENTATION_CONTEXT() REPRESENTATION_CONTEXT('2D SPACE',''
  ) );
#185 = PCURVE('',#186,#191);
#186 = CONICAL_SURFACE('',#187,3.,0.785398163397);
#187 = AXIS2_PLACEMENT_3D('',#188,#189,#190);
#188 = CARTESIAN_POINT('',(-72.5,9.994999998705,9.));
#189 = DIRECTION('',(-0.,-0.,-1.));
#190 = DIRECTION('',(-1.,0.,0.));
#191 = DEFINITIONAL_REPRESENTATION('',(#192),#196);
#192 = LINE('',#193,#194);
#193 = CARTESIAN_POINT('',(0.,-0.));
#194 = VECTOR('',#195,1.);
#195 = DIRECTION('',(1.,-0.));
#196 = ( GEOMETRIC_REPRESENTATION_CONTEXT(2) 
PARAMETRIC_REPRESENTATION_CONTEXT() REPRESENTATION_CONTEXT('2D SPACE',''
  ) );
#197 = ORIENTED_EDGE('',*,*,#21,.T.);
#198 = ORIENTED_EDGE('',*,*,#199,.F.);
#199 = EDGE_CURVE('',#144,#24,#200,.T.);
#200 = SURFACE_CURVE('',#201,(#206,#213),.PCURVE_S1.);
#201 = CIRCLE('',#202,3.);
#202 = AXIS2_PLACEMENT_3D('',#203,#204,#205);
#203 = CARTESIAN_POINT('',(-72.5,9.994999998705,1.2));
#204 = DIRECTION('',(0.,0.,1.));
#205 = DIRECTION('',(1.,0.,0.));
#206 = PCURVE('',#44,#207);
#207 = DEFINITIONAL_REPRESENTATION('',(#208),#212);
#208 = LINE('',#209,#210);
#209 = CARTESIAN_POINT('',(-0.,1.2));
#210 = VECTOR('',#211,1.);
#211 = DIRECTION('',(-1.,0.));
#212 = ( GEOMETRIC_REPRESENTATION_CONTEXT(2) 
PARAMETRIC_REPRESENTATION_CONTEXT() REPRESENTATION_CONTEXT('2D SPACE',''
  ) );
#213 = PCURVE('',#72,#214);
#214 = DEFINITIONAL_REPRESENTATION('',(#215),#219);
#215 = CIRCLE('',#216,3.);
#216 = AXIS2_PLACEMENT_2D('',#217,#218);
#217 = CARTESIAN_POINT('',(-72.5,9.994999998814));
#218 = DIRECTION('',(1.,0.));
#219 = ( GEOMETRIC_REPRESENTATION_CONTEXT(2) 
PARAMETRIC_REPRESENTATION_CONTEXT() REPRESENTATION_CONTEXT('2D SPACE',''
  ) );
#220 = ADVANCED_FACE('',(#221),#126,.T.);
#221 = FACE_BOUND('',#222,.F.);
#222 = EDGE_LOOP('',(#223,#249,#250,#271));
#223 = ORIENTED_EDGE('',*,*,#224,.F.);
#224 = EDGE_CURVE('',#85,#225,#227,.T.);
#225 = VERTEX_POINT('',#226);
#226 = CARTESIAN_POINT('',(-75.,-9.995,9.5));
#227 = SURFACE_CURVE('',#228,(#232,#238),.PCURVE_S1.);
#228 = LINE('',#229,#230);
#229 = CARTESIAN_POINT('',(-75.25,-9.995,9.25));
#230 = VECTOR('',#231,1.);
#231 = DIRECTION('',(0.707106781187,2.90882763039E-35,0.707106781187));
#232 = PCURVE('',#126,#233);
#233 = DEFINITIONAL_REPRESENTATION('',(#234),#237);
#234 = B_SPLINE_CURVE_WITH_KNOTS('',1,(#235,#236),.UNSPECIFIED.,.F.,.F.,
  (2,2),(-0.353553390593,0.353553390593),.PIECEWISE_BEZIER_KNOTS.);
#235 = CARTESIAN_POINT('',(0.,-0.353553390593));
#236 = CARTESIAN_POINT('',(0.,0.353553390593));
#237 = ( GEOMETRIC_REPRESENTATION_CONTEXT(2) 
PARAMETRIC_REPRESENTATION_CONTEXT() REPRESENTATION_CONTEXT('2D SPACE',''
  ) );
#238 = PCURVE('',#239,#244);
#239 = CONICAL_SURFACE('',#240,3.,0.785398163397);
#240 = AXIS2_PLACEMENT_3D('',#241,#242,#243);
#241 = CARTESIAN_POINT('',(-72.5,-9.995,9.));
#242 = DIRECTION('',(-0.,-0.,-1.));
#243 = DIRECTION('',(0.,-1.,0.));
#244 = DEFINITIONAL_REPRESENTATION('',(#245),#248);
#245 = B_SPLINE_CURVE_WITH_KNOTS('',1,(#246,#247),.UNSPECIFIED.,.F.,.F.,
  (2,2),(-0.353553390593,0.353553390593),.PIECEWISE_BEZIER_KNOTS.);
#246 = CARTESIAN_POINT('',(1.570796326795,0.));
#247 = CARTESIAN_POINT('',(1.570796326795,-0.5));
#248 = ( GEOMETRIC_REPRESENTATION_CONTEXT(2) 
PARAMETRIC_REPRESENTATION_CONTEXT() REPRESENTATION_CONTEXT('2D SPACE',''
  ) );
#249 = ORIENTED_EDGE('',*,*,#112,.T.);
#250 = ORIENTED_EDGE('',*,*,#251,.T.);
#251 = EDGE_CURVE('',#22,#252,#254,.T.);
#252 = VERTEX_POINT('',#253);
#253 = CARTESIAN_POINT('',(-75.,9.994999998705,9.5));
#254 = SURFACE_CURVE('',#255,(#259,#265),.PCURVE_S1.);
#255 = LINE('',#256,#257);
#256 = CARTESIAN_POINT('',(-75.25,9.994999998705,9.25));
#257 = VECTOR('',#258,1.);
#258 = DIRECTION('',(0.707106781187,2.90882763039E-35,0.707106781187));
#259 = PCURVE('',#126,#260);
#260 = DEFINITIONAL_REPRESENTATION('',(#261),#264);
#261 = B_SPLINE_CURVE_WITH_KNOTS('',1,(#262,#263),.UNSPECIFIED.,.F.,.F.,
  (2,2),(-0.353553390593,0.353553390593),.PIECEWISE_BEZIER_KNOTS.);
#262 = CARTESIAN_POINT('',(-19.9899999987,-0.353553390593));
#263 = CARTESIAN_POINT('',(-19.9899999987,0.353553390593));
#264 = ( GEOMETRIC_REPRESENTATION_CONTEXT(2) 
PARAMETRIC_REPRESENTATION_CONTEXT() REPRESENTATION_CONTEXT('2D SPACE',''
  ) );
#265 = PCURVE('',#186,#266);
#266 = DEFINITIONAL_REPRESENTATION('',(#267),#270);
#267 = B_SPLINE_CURVE_WITH_KNOTS('',1,(#268,#269),.UNSPECIFIED.,.F.,.F.,
  (2,2),(-0.353553390593,0.353553390593),.PIECEWISE_BEZIER_KNOTS.);
#268 = CARTESIAN_POINT('',(0.,0.));
#269 = CARTESIAN_POINT('',(0.,-0.5));
#270 = ( GEOMETRIC_REPRESENTATION_CONTEXT(2) 
PARAMETRIC_REPRESENTATION_CONTEXT() REPRESENTATION_CONTEXT('2D SPACE',''
  ) );
#271 = ORIENTED_EDGE('',*,*,#272,.F.);
#272 = EDGE_CURVE('',#225,#252,#273,.T.);
#273 = SURFACE_CURVE('',#274,(#278,#285),.PCURVE_S1.);
#274 = LINE('',#275,#276);
#275 = CARTESIAN_POINT('',(-75.,-9.995,9.5));
#276 = VECTOR('',#277,1.);
#277 = DIRECTION('',(0.,1.,0.));
#278 = PCURVE('',#126,#279);
#279 = DEFINITIONAL_REPRESENTATION('',(#280),#284);
#280 = LINE('',#281,#282);
#281 = CARTESIAN_POINT('',(-0.,0.353553390593));
#282 = VECTOR('',#283,1.);
#283 = DIRECTION('',(-1.,0.));
#284 = ( GEOMETRIC_REPRESENTATION_CONTEXT(2) 
PARAMETRIC_REPRESENTATION_CONTEXT() REPRESENTATION_CONTEXT('2D SPACE',''
  ) );
#285 = PCURVE('',#286,#291);
#286 = PLANE('',#287);
#287 = AXIS2_PLACEMENT_3D('',#288,#289,#290);
#288 = CARTESIAN_POINT('',(-1.793605149074E-15,-1.088005381886E-10,9.5)
  );
#289 = DIRECTION('',(0.,0.,1.));
#290 = DIRECTION('',(1.,0.,-0.));
#291 = DEFINITIONAL_REPRESENTATION('',(#292),#296);
#292 = LINE('',#293,#294);
#293 = CARTESIAN_POINT('',(-75.,-9.994999999891));
#294 = VECTOR('',#295,1.);
#295 = DIRECTION('',(0.,1.));
#296 = ( GEOMETRIC_REPRESENTATION_CONTEXT(2) 
PARAMETRIC_REPRESENTATION_CONTEXT() REPRESENTATION_CONTEXT('2D SPACE',''
  ) );
#297 = ADVANCED_FACE('',(#298),#72,.F.);
#298 = FACE_BOUND('',#299,.F.);
#299 = EDGE_LOOP('',(#300,#301,#325,#353,#382,#410,#436,#464,#497,#523,
    #556,#582,#615,#641,#674,#702,#728,#751,#780,#801));
#300 = ORIENTED_EDGE('',*,*,#56,.F.);
#301 = ORIENTED_EDGE('',*,*,#302,.T.);
#302 = EDGE_CURVE('',#57,#303,#305,.T.);
#303 = VERTEX_POINT('',#304);
#304 = CARTESIAN_POINT('',(-72.5,-12.995,1.2));
#305 = SURFACE_CURVE('',#306,(#311,#318),.PCURVE_S1.);
#306 = CIRCLE('',#307,3.);
#307 = AXIS2_PLACEMENT_3D('',#308,#309,#310);
#308 = CARTESIAN_POINT('',(-72.5,-9.995,1.2));
#309 = DIRECTION('',(0.,0.,1.));
#310 = DIRECTION('',(1.,0.,0.));
#311 = PCURVE('',#72,#312);
#312 = DEFINITIONAL_REPRESENTATION('',(#313),#317);
#313 = CIRCLE('',#314,3.);
#314 = AXIS2_PLACEMENT_2D('',#315,#316);
#315 = CARTESIAN_POINT('',(-72.5,-9.994999999891));
#316 = DIRECTION('',(1.,0.));
#317 = ( GEOMETRIC_REPRESENTATION_CONTEXT(2) 
PARAMETRIC_REPRESENTATION_CONTEXT() REPRESENTATION_CONTEXT('2D SPACE',''
  ) );
#318 = PCURVE('',#100,#319);
#319 = DEFINITIONAL_REPRESENTATION('',(#320),#324);
#320 = LINE('',#321,#322);
#321 = CARTESIAN_POINT('',(-0.,1.2));
#322 = VECTOR('',#323,1.);
#323 = DIRECTION('',(-1.,0.));
#324 = ( GEOMETRIC_REPRESENTATION_CONTEXT(2) 
PARAMETRIC_REPRESENTATION_CONTEXT() REPRESENTATION_CONTEXT('2D SPACE',''
  ) );
#325 = ORIENTED_EDGE('',*,*,#326,.T.);
#326 = EDGE_CURVE('',#303,#327,#329,.T.);
#327 = VERTEX_POINT('',#328);
#328 = CARTESIAN_POINT('',(72.5,-12.995,1.2));
#329 = SURFACE_CURVE('',#330,(#334,#341),.PCURVE_S1.);
#330 = LINE('',#331,#332);
#331 = CARTESIAN_POINT('',(0.,-12.995,1.2));
#332 = VECTOR('',#333,1.);
#333 = DIRECTION('',(1.,0.,0.));
#334 = PCURVE('',#72,#335);
#335 = DEFINITIONAL_REPRESENTATION('',(#336),#340);
#336 = LINE('',#337,#338);
#337 = CARTESIAN_POINT('',(1.793605149074E-15,-12.99499999989));
#338 = VECTOR('',#339,1.);
#339 = DIRECTION('',(1.,0.));
#340 = ( GEOMETRIC_REPRESENTATION_CONTEXT(2) 
PARAMETRIC_REPRESENTATION_CONTEXT() REPRESENTATION_CONTEXT('2D SPACE',''
  ) );
#341 = PCURVE('',#342,#347);
#342 = PLANE('',#343);
#343 = AXIS2_PLACEMENT_3D('',#344,#345,#346);
#344 = CARTESIAN_POINT('',(-72.5,-12.995,2.4));
#345 = DIRECTION('',(0.,1.,0.));
#346 = DIRECTION('',(1.,0.,0.));
#347 = DEFINITIONAL_REPRESENTATION('',(#348),#352);
#348 = LINE('',#349,#350);
#349 = CARTESIAN_POINT('',(72.5,1.2));
#350 = VECTOR('',#351,1.);
#351 = DIRECTION('',(1.,0.));
#352 = ( GEOMETRIC_REPRESENTATION_CONTEXT(2) 
PARAMETRIC_REPRESENTATION_CONTEXT() REPRESENTATION_CONTEXT('2D SPACE',''
  ) );
#353 = ORIENTED_EDGE('',*,*,#354,.T.);
#354 = EDGE_CURVE('',#327,#355,#357,.T.);
#355 = VERTEX_POINT('',#356);
#356 = CARTESIAN_POINT('',(75.5,-9.995,1.2));
#357 = SURFACE_CURVE('',#358,(#363,#370),.PCURVE_S1.);
#358 = CIRCLE('',#359,3.);
#359 = AXIS2_PLACEMENT_3D('',#360,#361,#362);
#360 = CARTESIAN_POINT('',(72.5,-9.995,1.2));
#361 = DIRECTION('',(0.,0.,1.));
#362 = DIRECTION('',(1.,0.,0.));
#363 = PCURVE('',#72,#364);
#364 = DEFINITIONAL_REPRESENTATION('',(#365),#369);
#365 = CIRCLE('',#366,3.);
#366 = AXIS2_PLACEMENT_2D('',#367,#368);
#367 = CARTESIAN_POINT('',(72.5,-9.994999999891));
#368 = DIRECTION('',(1.,0.));
#369 = ( GEOMETRIC_REPRESENTATION_CONTEXT(2) 
PARAMETRIC_REPRESENTATION_CONTEXT() REPRESENTATION_CONTEXT('2D SPACE',''
  ) );
#370 = PCURVE('',#371,#376);
#371 = CYLINDRICAL_SURFACE('',#372,3.);
#372 = AXIS2_PLACEMENT_3D('',#373,#374,#375);
#373 = CARTESIAN_POINT('',(72.5,-9.995,2.4));
#374 = DIRECTION('',(-0.,-0.,-1.));
#375 = DIRECTION('',(1.,0.,0.));
#376 = DEFINITIONAL_REPRESENTATION('',(#377),#381);
#377 = LINE('',#378,#379);
#378 = CARTESIAN_POINT('',(-0.,1.2));
#379 = VECTOR('',#380,1.);
#380 = DIRECTION('',(-1.,0.));
#381 = ( GEOMETRIC_REPRESENTATION_CONTEXT(2) 
PARAMETRIC_REPRESENTATION_CONTEXT() REPRESENTATION_CONTEXT('2D SPACE',''
  ) );
#382 = ORIENTED_EDGE('',*,*,#383,.T.);
#383 = EDGE_CURVE('',#355,#384,#386,.T.);
#384 = VERTEX_POINT('',#385);
#385 = CARTESIAN_POINT('',(75.5,-4.629663183045,1.2));
#386 = SURFACE_CURVE('',#387,(#391,#398),.PCURVE_S1.);
#387 = LINE('',#388,#389);
#388 = CARTESIAN_POINT('',(75.5,6.128431095931E-14,1.2));
#389 = VECTOR('',#390,1.);
#390 = DIRECTION('',(0.,1.,0.));
#391 = PCURVE('',#72,#392);
#392 = DEFINITIONAL_REPRESENTATION('',(#393),#397);
#393 = LINE('',#394,#395);
#394 = CARTESIAN_POINT('',(75.5,1.088618224996E-10));
#395 = VECTOR('',#396,1.);
#396 = DIRECTION('',(0.,1.));
#397 = ( GEOMETRIC_REPRESENTATION_CONTEXT(2) 
PARAMETRIC_REPRESENTATION_CONTEXT() REPRESENTATION_CONTEXT('2D SPACE',''
  ) );
#398 = PCURVE('',#399,#404);
#399 = PLANE('',#400);
#400 = AXIS2_PLACEMENT_3D('',#401,#402,#403);
#401 = CARTESIAN_POINT('',(75.5,-9.995,2.4));
#402 = DIRECTION('',(-1.,0.,0.));
#403 = DIRECTION('',(0.,1.,0.));
#404 = DEFINITIONAL_REPRESENTATION('',(#405),#409);
#405 = LINE('',#406,#407);
#406 = CARTESIAN_POINT('',(9.995,1.2));
#407 = VECTOR('',#408,1.);
#408 = DIRECTION('',(1.,0.));
#409 = ( GEOMETRIC_REPRESENTATION_CONTEXT(2) 
PARAMETRIC_REPRESENTATION_CONTEXT() REPRESENTATION_CONTEXT('2D SPACE',''
  ) );
#410 = ORIENTED_EDGE('',*,*,#411,.T.);
#411 = EDGE_CURVE('',#384,#412,#414,.T.);
#412 = VERTEX_POINT('',#413);
#413 = CARTESIAN_POINT('',(74.6,-4.629663183045,1.2));
#414 = SURFACE_CURVE('',#415,(#419,#425),.PCURVE_S1.);
#415 = LINE('',#416,#417);
#416 = CARTESIAN_POINT('',(74.219,-4.629663183045,1.2));
#417 = VECTOR('',#418,1.);
#418 = DIRECTION('',(-1.,-0.,-0.));
#419 = PCURVE('',#72,#420);
#420 = DEFINITIONAL_REPRESENTATION('',(#421),#424);
#421 = B_SPLINE_CURVE_WITH_KNOTS('',1,(#422,#423),.UNSPECIFIED.,.F.,.F.,
  (2,2),(-1.3810006,6.000000070117E-07),.PIECEWISE_BEZIER_KNOTS.);
#422 = CARTESIAN_POINT('',(75.6000006,-4.629663182936));
#423 = CARTESIAN_POINT('',(74.2189994,-4.629663182936));
#424 = ( GEOMETRIC_REPRESENTATION_CONTEXT(2) 
PARAMETRIC_REPRESENTATION_CONTEXT() REPRESENTATION_CONTEXT('2D SPACE',''
  ) );
#425 = PCURVE('',#426,#431);
#426 = CYLINDRICAL_SURFACE('',#427,3.5);
#427 = AXIS2_PLACEMENT_3D('',#428,#429,#430);
#428 = CARTESIAN_POINT('',(74.219,-2.7,4.12));
#429 = DIRECTION('',(-1.,-0.,-0.));
#430 = DIRECTION('',(0.,1.,0.));
#431 = DEFINITIONAL_REPRESENTATION('',(#432),#435);
#432 = B_SPLINE_CURVE_WITH_KNOTS('',1,(#433,#434),.UNSPECIFIED.,.F.,.F.,
  (2,2),(-1.3810006,6.000000070117E-07),.PIECEWISE_BEZIER_KNOTS.);
#433 = CARTESIAN_POINT('',(-4.128428603146,-1.3810006));
#434 = CARTESIAN_POINT('',(-4.128428603146,6.000000070117E-07));
#435 = ( GEOMETRIC_REPRESENTATION_CONTEXT(2) 
PARAMETRIC_REPRESENTATION_CONTEXT() REPRESENTATION_CONTEXT('2D SPACE',''
  ) );
#436 = ORIENTED_EDGE('',*,*,#437,.F.);
#437 = EDGE_CURVE('',#438,#412,#440,.T.);
#438 = VERTEX_POINT('',#439);
#439 = CARTESIAN_POINT('',(74.6,-10.095,1.2));
#440 = SURFACE_CURVE('',#441,(#445,#452),.PCURVE_S1.);
#441 = LINE('',#442,#443);
#442 = CARTESIAN_POINT('',(74.6,-10.095,1.2));
#443 = VECTOR('',#444,1.);
#444 = DIRECTION('',(0.,1.,0.));
#445 = PCURVE('',#72,#446);
#446 = DEFINITIONAL_REPRESENTATION('',(#447),#451);
#447 = LINE('',#448,#449);
#448 = CARTESIAN_POINT('',(74.6,-10.09499999989));
#449 = VECTOR('',#450,1.);
#450 = DIRECTION('',(0.,1.));
#451 = ( GEOMETRIC_REPRESENTATION_CONTEXT(2) 
PARAMETRIC_REPRESENTATION_CONTEXT() REPRESENTATION_CONTEXT('2D SPACE',''
  ) );
#452 = PCURVE('',#453,#458);
#453 = PLANE('',#454);
#454 = AXIS2_PLACEMENT_3D('',#455,#456,#457);
#455 = CARTESIAN_POINT('',(74.6,-10.095,1.1));
#456 = DIRECTION('',(-1.,0.,0.));
#457 = DIRECTION('',(0.,1.,0.));
#458 = DEFINITIONAL_REPRESENTATION('',(#459),#463);
#459 = LINE('',#460,#461);
#460 = CARTESIAN_POINT('',(0.,-0.1));
#461 = VECTOR('',#462,1.);
#462 = DIRECTION('',(1.,0.));
#463 = ( GEOMETRIC_REPRESENTATION_CONTEXT(2) 
PARAMETRIC_REPRESENTATION_CONTEXT() REPRESENTATION_CONTEXT('2D SPACE',''
  ) );
#464 = ORIENTED_EDGE('',*,*,#465,.T.);
#465 = EDGE_CURVE('',#438,#466,#468,.T.);
#466 = VERTEX_POINT('',#467);
#467 = CARTESIAN_POINT('',(72.6,-12.095,1.2));
#468 = SURFACE_CURVE('',#469,(#474,#485),.PCURVE_S1.);
#469 = CIRCLE('',#470,2.);
#470 = AXIS2_PLACEMENT_3D('',#471,#472,#473);
#471 = CARTESIAN_POINT('',(72.6,-10.095,1.2));
#472 = DIRECTION('',(0.,0.,-1.));
#473 = DIRECTION('',(-1.,0.,0.));
#474 = PCURVE('',#72,#475);
#475 = DEFINITIONAL_REPRESENTATION('',(#476),#484);
#476 = ( BOUNDED_CURVE() B_SPLINE_CURVE(2,(#477,#478,#479,#480,#481,#482
,#483),.UNSPECIFIED.,.T.,.F.) B_SPLINE_CURVE_WITH_KNOTS((1,2,2,2,2,1),(
    -2.094395102393,0.,2.094395102393,4.188790204786,6.28318530718,
8.377580409573),.UNSPECIFIED.) CURVE() GEOMETRIC_REPRESENTATION_ITEM() 
RATIONAL_B_SPLINE_CURVE((1.,0.5,1.,0.5,1.,0.5,1.)) REPRESENTATION_ITEM(
  '') );
#477 = CARTESIAN_POINT('',(70.6,-10.09499999989));
#478 = CARTESIAN_POINT('',(70.6,-6.630898384754));
#479 = CARTESIAN_POINT('',(73.6,-8.362949192322));
#480 = CARTESIAN_POINT('',(76.6,-10.09499999989));
#481 = CARTESIAN_POINT('',(73.6,-11.82705080746));
#482 = CARTESIAN_POINT('',(70.6,-13.55910161502));
#483 = CARTESIAN_POINT('',(70.6,-10.09499999989));
#484 = ( GEOMETRIC_REPRESENTATION_CONTEXT(2) 
PARAMETRIC_REPRESENTATION_CONTEXT() REPRESENTATION_CONTEXT('2D SPACE',''
  ) );
#485 = PCURVE('',#486,#491);
#486 = CYLINDRICAL_SURFACE('',#487,2.);
#487 = AXIS2_PLACEMENT_3D('',#488,#489,#490);
#488 = CARTESIAN_POINT('',(72.6,-10.095,1.1));
#489 = DIRECTION('',(0.,0.,-1.));
#490 = DIRECTION('',(-1.,0.,0.));
#491 = DEFINITIONAL_REPRESENTATION('',(#492),#496);
#492 = LINE('',#493,#494);
#493 = CARTESIAN_POINT('',(0.,-0.1));
#494 = VECTOR('',#495,1.);
#495 = DIRECTION('',(1.,0.));
#496 = ( GEOMETRIC_REPRESENTATION_CONTEXT(2) 
PARAMETRIC_REPRESENTATION_CONTEXT() REPRESENTATION_CONTEXT('2D SPACE',''
  ) );
#497 = ORIENTED_EDGE('',*,*,#498,.T.);
#498 = EDGE_CURVE('',#466,#499,#501,.T.);
#499 = VERTEX_POINT('',#500);
#500 = CARTESIAN_POINT('',(-72.6,-12.095,1.2));
#501 = SURFACE_CURVE('',#502,(#506,#512),.PCURVE_S1.);
#502 = LINE('',#503,#504);
#503 = CARTESIAN_POINT('',(-36.3,-12.095,1.2));
#504 = VECTOR('',#505,1.);
#505 = DIRECTION('',(-1.,0.,0.));
#506 = PCURVE('',#72,#507);
#507 = DEFINITIONAL_REPRESENTATION('',(#508),#511);
#508 = B_SPLINE_CURVE_WITH_KNOTS('',1,(#509,#510),.UNSPECIFIED.,.F.,.F.,
  (2,2),(-108.9,36.3),.PIECEWISE_BEZIER_KNOTS.);
#509 = CARTESIAN_POINT('',(72.6,-12.09499999989));
#510 = CARTESIAN_POINT('',(-72.6,-12.09499999989));
#511 = ( GEOMETRIC_REPRESENTATION_CONTEXT(2) 
PARAMETRIC_REPRESENTATION_CONTEXT() REPRESENTATION_CONTEXT('2D SPACE',''
  ) );
#512 = PCURVE('',#513,#518);
#513 = PLANE('',#514);
#514 = AXIS2_PLACEMENT_3D('',#515,#516,#517);
#515 = CARTESIAN_POINT('',(-72.6,-12.095,1.1));
#516 = DIRECTION('',(0.,1.,0.));
#517 = DIRECTION('',(1.,0.,0.));
#518 = DEFINITIONAL_REPRESENTATION('',(#519),#522);
#519 = B_SPLINE_CURVE_WITH_KNOTS('',1,(#520,#521),.UNSPECIFIED.,.F.,.F.,
  (2,2),(-108.9,36.3),.PIECEWISE_BEZIER_KNOTS.);
#520 = CARTESIAN_POINT('',(145.2,-0.1));
#521 = CARTESIAN_POINT('',(0.,-0.1));
#522 = ( GEOMETRIC_REPRESENTATION_CONTEXT(2) 
PARAMETRIC_REPRESENTATION_CONTEXT() REPRESENTATION_CONTEXT('2D SPACE',''
  ) );
#523 = ORIENTED_EDGE('',*,*,#524,.T.);
#524 = EDGE_CURVE('',#499,#525,#527,.T.);
#525 = VERTEX_POINT('',#526);
#526 = CARTESIAN_POINT('',(-74.6,-10.095,1.2));
#527 = SURFACE_CURVE('',#528,(#533,#544),.PCURVE_S1.);
#528 = CIRCLE('',#529,2.);
#529 = AXIS2_PLACEMENT_3D('',#530,#531,#532);
#530 = CARTESIAN_POINT('',(-72.6,-10.095,1.2));
#531 = DIRECTION('',(0.,0.,-1.));
#532 = DIRECTION('',(-1.,0.,0.));
#533 = PCURVE('',#72,#534);
#534 = DEFINITIONAL_REPRESENTATION('',(#535),#543);
#535 = ( BOUNDED_CURVE() B_SPLINE_CURVE(2,(#536,#537,#538,#539,#540,#541
,#542),.UNSPECIFIED.,.T.,.F.) B_SPLINE_CURVE_WITH_KNOTS((1,2,2,2,2,1),(
    -2.094395102393,0.,2.094395102393,4.188790204786,6.28318530718,
8.377580409573),.UNSPECIFIED.) CURVE() GEOMETRIC_REPRESENTATION_ITEM() 
RATIONAL_B_SPLINE_CURVE((1.,0.5,1.,0.5,1.,0.5,1.)) REPRESENTATION_ITEM(
  '') );
#536 = CARTESIAN_POINT('',(-74.6,-10.09499999989));
#537 = CARTESIAN_POINT('',(-74.6,-6.630898384754));
#538 = CARTESIAN_POINT('',(-71.6,-8.362949192322));
#539 = CARTESIAN_POINT('',(-68.6,-10.09499999989));
#540 = CARTESIAN_POINT('',(-71.6,-11.82705080746));
#541 = CARTESIAN_POINT('',(-74.6,-13.55910161502));
#542 = CARTESIAN_POINT('',(-74.6,-10.09499999989));
#543 = ( GEOMETRIC_REPRESENTATION_CONTEXT(2) 
PARAMETRIC_REPRESENTATION_CONTEXT() REPRESENTATION_CONTEXT('2D SPACE',''
  ) );
#544 = PCURVE('',#545,#550);
#545 = CYLINDRICAL_SURFACE('',#546,2.);
#546 = AXIS2_PLACEMENT_3D('',#547,#548,#549);
#547 = CARTESIAN_POINT('',(-72.6,-10.095,1.1));
#548 = DIRECTION('',(0.,0.,-1.));
#549 = DIRECTION('',(-1.,0.,0.));
#550 = DEFINITIONAL_REPRESENTATION('',(#551),#555);
#551 = LINE('',#552,#553);
#552 = CARTESIAN_POINT('',(0.,-0.1));
#553 = VECTOR('',#554,1.);
#554 = DIRECTION('',(1.,0.));
#555 = ( GEOMETRIC_REPRESENTATION_CONTEXT(2) 
PARAMETRIC_REPRESENTATION_CONTEXT() REPRESENTATION_CONTEXT('2D SPACE',''
  ) );
#556 = ORIENTED_EDGE('',*,*,#557,.F.);
#557 = EDGE_CURVE('',#558,#525,#560,.T.);
#558 = VERTEX_POINT('',#559);
#559 = CARTESIAN_POINT('',(-74.6,10.09499999818,1.2));
#560 = SURFACE_CURVE('',#561,(#565,#571),.PCURVE_S1.);
#561 = LINE('',#562,#563);
#562 = CARTESIAN_POINT('',(-74.6,-5.047500000054,1.2));
#563 = VECTOR('',#564,1.);
#564 = DIRECTION('',(0.,-1.,0.));
#565 = PCURVE('',#72,#566);
#566 = DEFINITIONAL_REPRESENTATION('',(#567),#570);
#567 = B_SPLINE_CURVE_WITH_KNOTS('',1,(#568,#569),.UNSPECIFIED.,.F.,.F.,
  (2,2),(-15.14249999823,5.047499999946),.PIECEWISE_BEZIER_KNOTS.);
#568 = CARTESIAN_POINT('',(-74.6,10.094999998288));
#569 = CARTESIAN_POINT('',(-74.6,-10.09499999989));
#570 = ( GEOMETRIC_REPRESENTATION_CONTEXT(2) 
PARAMETRIC_REPRESENTATION_CONTEXT() REPRESENTATION_CONTEXT('2D SPACE',''
  ) );
#571 = PCURVE('',#572,#577);
#572 = PLANE('',#573);
#573 = AXIS2_PLACEMENT_3D('',#574,#575,#576);
#574 = CARTESIAN_POINT('',(-74.6,-10.095,1.1));
#575 = DIRECTION('',(-1.,0.,0.));
#576 = DIRECTION('',(0.,1.,0.));
#577 = DEFINITIONAL_REPRESENTATION('',(#578),#581);
#578 = B_SPLINE_CURVE_WITH_KNOTS('',1,(#579,#580),.UNSPECIFIED.,.F.,.F.,
  (2,2),(-15.14249999823,5.047499999946),.PIECEWISE_BEZIER_KNOTS.);
#579 = CARTESIAN_POINT('',(20.18999999818,-0.1));
#580 = CARTESIAN_POINT('',(0.,-0.1));
#581 = ( GEOMETRIC_REPRESENTATION_CONTEXT(2) 
PARAMETRIC_REPRESENTATION_CONTEXT() REPRESENTATION_CONTEXT('2D SPACE',''
  ) );
#582 = ORIENTED_EDGE('',*,*,#583,.T.);
#583 = EDGE_CURVE('',#558,#584,#586,.T.);
#584 = VERTEX_POINT('',#585);
#585 = CARTESIAN_POINT('',(-72.6,12.09499999909,1.2));
#586 = SURFACE_CURVE('',#587,(#592,#603),.PCURVE_S1.);
#587 = CIRCLE('',#588,2.);
#588 = AXIS2_PLACEMENT_3D('',#589,#590,#591);
#589 = CARTESIAN_POINT('',(-72.6,10.09499999818,1.2));
#590 = DIRECTION('',(0.,0.,-1.));
#591 = DIRECTION('',(-1.,0.,0.));
#592 = PCURVE('',#72,#593);
#593 = DEFINITIONAL_REPRESENTATION('',(#594),#602);
#594 = ( BOUNDED_CURVE() B_SPLINE_CURVE(2,(#595,#596,#597,#598,#599,#600
,#601),.UNSPECIFIED.,.T.,.F.) B_SPLINE_CURVE_WITH_KNOTS((1,2,2,2,2,1),(
    -2.094395102393,0.,2.094395102393,4.188790204786,6.28318530718,
8.377580409573),.UNSPECIFIED.) CURVE() GEOMETRIC_REPRESENTATION_ITEM() 
RATIONAL_B_SPLINE_CURVE((1.,0.5,1.,0.5,1.,0.5,1.)) REPRESENTATION_ITEM(
  '') );
#595 = CARTESIAN_POINT('',(-74.6,10.094999998288));
#596 = CARTESIAN_POINT('',(-74.6,13.559101613426));
#597 = CARTESIAN_POINT('',(-71.6,11.827050805857));
#598 = CARTESIAN_POINT('',(-68.6,10.094999998288));
#599 = CARTESIAN_POINT('',(-71.6,8.362949190719));
#600 = CARTESIAN_POINT('',(-74.6,6.630898383151));
#601 = CARTESIAN_POINT('',(-74.6,10.094999998288));
#602 = ( GEOMETRIC_REPRESENTATION_CONTEXT(2) 
PARAMETRIC_REPRESENTATION_CONTEXT() REPRESENTATION_CONTEXT('2D SPACE',''
  ) );
#603 = PCURVE('',#604,#609);
#604 = CYLINDRICAL_SURFACE('',#605,2.);
#605 = AXIS2_PLACEMENT_3D('',#606,#607,#608);
#606 = CARTESIAN_POINT('',(-72.6,10.09499999818,1.1));
#607 = DIRECTION('',(0.,0.,-1.));
#608 = DIRECTION('',(-1.,0.,0.));
#609 = DEFINITIONAL_REPRESENTATION('',(#610),#614);
#610 = LINE('',#611,#612);
#611 = CARTESIAN_POINT('',(0.,-0.1));
#612 = VECTOR('',#613,1.);
#613 = DIRECTION('',(1.,0.));
#614 = ( GEOMETRIC_REPRESENTATION_CONTEXT(2) 
PARAMETRIC_REPRESENTATION_CONTEXT() REPRESENTATION_CONTEXT('2D SPACE',''
  ) );
#615 = ORIENTED_EDGE('',*,*,#616,.F.);
#616 = EDGE_CURVE('',#617,#584,#619,.T.);
#617 = VERTEX_POINT('',#618);
#618 = CARTESIAN_POINT('',(72.6,12.09499999909,1.2));
#619 = SURFACE_CURVE('',#620,(#624,#630),.PCURVE_S1.);
#620 = LINE('',#621,#622);
#621 = CARTESIAN_POINT('',(-36.3,12.095,1.2));
#622 = VECTOR('',#623,1.);
#623 = DIRECTION('',(-1.,0.,0.));
#624 = PCURVE('',#72,#625);
#625 = DEFINITIONAL_REPRESENTATION('',(#626),#629);
#626 = B_SPLINE_CURVE_WITH_KNOTS('',1,(#627,#628),.UNSPECIFIED.,.F.,.F.,
  (2,2),(-108.9,36.3),.PIECEWISE_BEZIER_KNOTS.);
#627 = CARTESIAN_POINT('',(72.6,12.095000000109));
#628 = CARTESIAN_POINT('',(-72.6,12.095000000109));
#629 = ( GEOMETRIC_REPRESENTATION_CONTEXT(2) 
PARAMETRIC_REPRESENTATION_CONTEXT() REPRESENTATION_CONTEXT('2D SPACE',''
  ) );
#630 = PCURVE('',#631,#636);
#631 = PLANE('',#632);
#632 = AXIS2_PLACEMENT_3D('',#633,#634,#635);
#633 = CARTESIAN_POINT('',(-72.6,12.095,1.1));
#634 = DIRECTION('',(0.,1.,0.));
#635 = DIRECTION('',(1.,0.,0.));
#636 = DEFINITIONAL_REPRESENTATION('',(#637),#640);
#637 = B_SPLINE_CURVE_WITH_KNOTS('',1,(#638,#639),.UNSPECIFIED.,.F.,.F.,
  (2,2),(-108.9,36.3),.PIECEWISE_BEZIER_KNOTS.);
#638 = CARTESIAN_POINT('',(145.2,-0.1));
#639 = CARTESIAN_POINT('',(0.,-0.1));
#640 = ( GEOMETRIC_REPRESENTATION_CONTEXT(2) 
PARAMETRIC_REPRESENTATION_CONTEXT() REPRESENTATION_CONTEXT('2D SPACE',''
  ) );
#641 = ORIENTED_EDGE('',*,*,#642,.T.);
#642 = EDGE_CURVE('',#617,#643,#645,.T.);
#643 = VERTEX_POINT('',#644);
#644 = CARTESIAN_POINT('',(74.6,10.09499999818,1.2));
#645 = SURFACE_CURVE('',#646,(#651,#662),.PCURVE_S1.);
#646 = CIRCLE('',#647,2.);
#647 = AXIS2_PLACEMENT_3D('',#648,#649,#650);
#648 = CARTESIAN_POINT('',(72.6,10.09499999818,1.2));
#649 = DIRECTION('',(0.,0.,-1.));
#650 = DIRECTION('',(-1.,0.,0.));
#651 = PCURVE('',#72,#652);
#652 = DEFINITIONAL_REPRESENTATION('',(#653),#661);
#653 = ( BOUNDED_CURVE() B_SPLINE_CURVE(2,(#654,#655,#656,#657,#658,#659
,#660),.UNSPECIFIED.,.T.,.F.) B_SPLINE_CURVE_WITH_KNOTS((1,2,2,2,2,1),(
    -2.094395102393,0.,2.094395102393,4.188790204786,6.28318530718,
8.377580409573),.UNSPECIFIED.) CURVE() GEOMETRIC_REPRESENTATION_ITEM() 
RATIONAL_B_SPLINE_CURVE((1.,0.5,1.,0.5,1.,0.5,1.)) REPRESENTATION_ITEM(
  '') );
#654 = CARTESIAN_POINT('',(70.6,10.094999998288));
#655 = CARTESIAN_POINT('',(70.6,13.559101613426));
#656 = CARTESIAN_POINT('',(73.6,11.827050805857));
#657 = CARTESIAN_POINT('',(76.6,10.094999998288));
#658 = CARTESIAN_POINT('',(73.6,8.362949190719));
#659 = CARTESIAN_POINT('',(70.6,6.630898383151));
#660 = CARTESIAN_POINT('',(70.6,10.094999998288));
#661 = ( GEOMETRIC_REPRESENTATION_CONTEXT(2) 
PARAMETRIC_REPRESENTATION_CONTEXT() REPRESENTATION_CONTEXT('2D SPACE',''
  ) );
#662 = PCURVE('',#663,#668);
#663 = CYLINDRICAL_SURFACE('',#664,2.);
#664 = AXIS2_PLACEMENT_3D('',#665,#666,#667);
#665 = CARTESIAN_POINT('',(72.6,10.09499999818,1.1));
#666 = DIRECTION('',(0.,0.,-1.));
#667 = DIRECTION('',(-1.,0.,0.));
#668 = DEFINITIONAL_REPRESENTATION('',(#669),#673);
#669 = LINE('',#670,#671);
#670 = CARTESIAN_POINT('',(0.,-0.1));
#671 = VECTOR('',#672,1.);
#672 = DIRECTION('',(1.,0.));
#673 = ( GEOMETRIC_REPRESENTATION_CONTEXT(2) 
PARAMETRIC_REPRESENTATION_CONTEXT() REPRESENTATION_CONTEXT('2D SPACE',''
  ) );
#674 = ORIENTED_EDGE('',*,*,#675,.F.);
#675 = EDGE_CURVE('',#676,#643,#678,.T.);
#676 = VERTEX_POINT('',#677);
#677 = CARTESIAN_POINT('',(74.6,4.629663183045,1.2));
#678 = SURFACE_CURVE('',#679,(#683,#690),.PCURVE_S1.);
#679 = LINE('',#680,#681);
#680 = CARTESIAN_POINT('',(74.6,-10.095,1.2));
#681 = VECTOR('',#682,1.);
#682 = DIRECTION('',(0.,1.,0.));
#683 = PCURVE('',#72,#684);
#684 = DEFINITIONAL_REPRESENTATION('',(#685),#689);
#685 = LINE('',#686,#687);
#686 = CARTESIAN_POINT('',(74.6,-10.09499999989));
#687 = VECTOR('',#688,1.);
#688 = DIRECTION('',(0.,1.));
#689 = ( GEOMETRIC_REPRESENTATION_CONTEXT(2) 
PARAMETRIC_REPRESENTATION_CONTEXT() REPRESENTATION_CONTEXT('2D SPACE',''
  ) );
#690 = PCURVE('',#691,#696);
#691 = PLANE('',#692);
#692 = AXIS2_PLACEMENT_3D('',#693,#694,#695);
#693 = CARTESIAN_POINT('',(74.6,-10.095,1.1));
#694 = DIRECTION('',(-1.,0.,0.));
#695 = DIRECTION('',(0.,1.,0.));
#696 = DEFINITIONAL_REPRESENTATION('',(#697),#701);
#697 = LINE('',#698,#699);
#698 = CARTESIAN_POINT('',(0.,-0.1));
#699 = VECTOR('',#700,1.);
#700 = DIRECTION('',(1.,0.));
#701 = ( GEOMETRIC_REPRESENTATION_CONTEXT(2) 
PARAMETRIC_REPRESENTATION_CONTEXT() REPRESENTATION_CONTEXT('2D SPACE',''
  ) );
#702 = ORIENTED_EDGE('',*,*,#703,.F.);
#703 = EDGE_CURVE('',#704,#676,#706,.T.);
#704 = VERTEX_POINT('',#705);
#705 = CARTESIAN_POINT('',(75.5,4.629663183045,1.2));
#706 = SURFACE_CURVE('',#707,(#711,#717),.PCURVE_S1.);
#707 = LINE('',#708,#709);
#708 = CARTESIAN_POINT('',(74.219,4.629663183045,1.2));
#709 = VECTOR('',#710,1.);
#710 = DIRECTION('',(-1.,0.,-0.));
#711 = PCURVE('',#72,#712);
#712 = DEFINITIONAL_REPRESENTATION('',(#713),#716);
#713 = B_SPLINE_CURVE_WITH_KNOTS('',1,(#714,#715),.UNSPECIFIED.,.F.,.F.,
  (2,2),(-1.3810006,6.000000070117E-07),.PIECEWISE_BEZIER_KNOTS.);
#714 = CARTESIAN_POINT('',(75.6000006,4.629663183154));
#715 = CARTESIAN_POINT('',(74.2189994,4.629663183154));
#716 = ( GEOMETRIC_REPRESENTATION_CONTEXT(2) 
PARAMETRIC_REPRESENTATION_CONTEXT() REPRESENTATION_CONTEXT('2D SPACE',''
  ) );
#717 = PCURVE('',#718,#723);
#718 = CYLINDRICAL_SURFACE('',#719,3.5);
#719 = AXIS2_PLACEMENT_3D('',#720,#721,#722);
#720 = CARTESIAN_POINT('',(74.219,2.7,4.12));
#721 = DIRECTION('',(-1.,0.,-0.));
#722 = DIRECTION('',(0.,0.,-1.));
#723 = DEFINITIONAL_REPRESENTATION('',(#724),#727);
#724 = B_SPLINE_CURVE_WITH_KNOTS('',1,(#725,#726),.UNSPECIFIED.,.F.,.F.,
  (2,2),(-1.3810006,6.000000070117E-07),.PIECEWISE_BEZIER_KNOTS.);
#725 = CARTESIAN_POINT('',(-0.583960377239,-1.3810006));
#726 = CARTESIAN_POINT('',(-0.583960377239,6.000000070117E-07));
#727 = ( GEOMETRIC_REPRESENTATION_CONTEXT(2) 
PARAMETRIC_REPRESENTATION_CONTEXT() REPRESENTATION_CONTEXT('2D SPACE',''
  ) );
#728 = ORIENTED_EDGE('',*,*,#729,.T.);
#729 = EDGE_CURVE('',#704,#730,#732,.T.);
#730 = VERTEX_POINT('',#731);
#731 = CARTESIAN_POINT('',(75.5,9.994999998705,1.2));
#732 = SURFACE_CURVE('',#733,(#737,#744),.PCURVE_S1.);
#733 = LINE('',#734,#735);
#734 = CARTESIAN_POINT('',(75.5,6.128431095931E-14,1.2));
#735 = VECTOR('',#736,1.);
#736 = DIRECTION('',(0.,1.,0.));
#737 = PCURVE('',#72,#738);
#738 = DEFINITIONAL_REPRESENTATION('',(#739),#743);
#739 = LINE('',#740,#741);
#740 = CARTESIAN_POINT('',(75.5,1.088618224996E-10));
#741 = VECTOR('',#742,1.);
#742 = DIRECTION('',(0.,1.));
#743 = ( GEOMETRIC_REPRESENTATION_CONTEXT(2) 
PARAMETRIC_REPRESENTATION_CONTEXT() REPRESENTATION_CONTEXT('2D SPACE',''
  ) );
#744 = PCURVE('',#399,#745);
#745 = DEFINITIONAL_REPRESENTATION('',(#746),#750);
#746 = LINE('',#747,#748);
#747 = CARTESIAN_POINT('',(9.995,1.2));
#748 = VECTOR('',#749,1.);
#749 = DIRECTION('',(1.,0.));
#750 = ( GEOMETRIC_REPRESENTATION_CONTEXT(2) 
PARAMETRIC_REPRESENTATION_CONTEXT() REPRESENTATION_CONTEXT('2D SPACE',''
  ) );
#751 = ORIENTED_EDGE('',*,*,#752,.T.);
#752 = EDGE_CURVE('',#730,#753,#755,.T.);
#753 = VERTEX_POINT('',#754);
#754 = CARTESIAN_POINT('',(72.5,12.994999999353,1.2));
#755 = SURFACE_CURVE('',#756,(#761,#768),.PCURVE_S1.);
#756 = CIRCLE('',#757,3.);
#757 = AXIS2_PLACEMENT_3D('',#758,#759,#760);
#758 = CARTESIAN_POINT('',(72.5,9.994999998705,1.2));
#759 = DIRECTION('',(0.,0.,1.));
#760 = DIRECTION('',(1.,0.,0.));
#761 = PCURVE('',#72,#762);
#762 = DEFINITIONAL_REPRESENTATION('',(#763),#767);
#763 = CIRCLE('',#764,3.);
#764 = AXIS2_PLACEMENT_2D('',#765,#766);
#765 = CARTESIAN_POINT('',(72.5,9.994999998814));
#766 = DIRECTION('',(1.,0.));
#767 = ( GEOMETRIC_REPRESENTATION_CONTEXT(2) 
PARAMETRIC_REPRESENTATION_CONTEXT() REPRESENTATION_CONTEXT('2D SPACE',''
  ) );
#768 = PCURVE('',#769,#774);
#769 = CYLINDRICAL_SURFACE('',#770,3.);
#770 = AXIS2_PLACEMENT_3D('',#771,#772,#773);
#771 = CARTESIAN_POINT('',(72.5,9.994999998705,2.4));
#772 = DIRECTION('',(-0.,-0.,-1.));
#773 = DIRECTION('',(1.,0.,0.));
#774 = DEFINITIONAL_REPRESENTATION('',(#775),#779);
#775 = LINE('',#776,#777);
#776 = CARTESIAN_POINT('',(-0.,1.2));
#777 = VECTOR('',#778,1.);
#778 = DIRECTION('',(-1.,0.));
#779 = ( GEOMETRIC_REPRESENTATION_CONTEXT(2) 
PARAMETRIC_REPRESENTATION_CONTEXT() REPRESENTATION_CONTEXT('2D SPACE',''
  ) );
#780 = ORIENTED_EDGE('',*,*,#781,.F.);
#781 = EDGE_CURVE('',#144,#753,#782,.T.);
#782 = SURFACE_CURVE('',#783,(#787,#794),.PCURVE_S1.);
#783 = LINE('',#784,#785);
#784 = CARTESIAN_POINT('',(0.,12.995,1.2));
#785 = VECTOR('',#786,1.);
#786 = DIRECTION('',(1.,0.,0.));
#787 = PCURVE('',#72,#788);
#788 = DEFINITIONAL_REPRESENTATION('',(#789),#793);
#789 = LINE('',#790,#791);
#790 = CARTESIAN_POINT('',(1.793605149074E-15,12.995000000109));
#791 = VECTOR('',#792,1.);
#792 = DIRECTION('',(1.,0.));
#793 = ( GEOMETRIC_REPRESENTATION_CONTEXT(2) 
PARAMETRIC_REPRESENTATION_CONTEXT() REPRESENTATION_CONTEXT('2D SPACE',''
  ) );
#794 = PCURVE('',#159,#795);
#795 = DEFINITIONAL_REPRESENTATION('',(#796),#800);
#796 = LINE('',#797,#798);
#797 = CARTESIAN_POINT('',(72.5,1.2));
#798 = VECTOR('',#799,1.);
#799 = DIRECTION('',(1.,0.));
#800 = ( GEOMETRIC_REPRESENTATION_CONTEXT(2) 
PARAMETRIC_REPRESENTATION_CONTEXT() REPRESENTATION_CONTEXT('2D SPACE',''
  ) );
#801 = ORIENTED_EDGE('',*,*,#199,.T.);
#802 = ADVANCED_FACE('',(#803),#100,.T.);
#803 = FACE_BOUND('',#804,.F.);
#804 = EDGE_LOOP('',(#805,#828,#829,#830));
#805 = ORIENTED_EDGE('',*,*,#806,.F.);
#806 = EDGE_CURVE('',#303,#807,#809,.T.);
#807 = VERTEX_POINT('',#808);
#808 = CARTESIAN_POINT('',(-72.5,-12.995,9.));
#809 = SURFACE_CURVE('',#810,(#814,#821),.PCURVE_S1.);
#810 = LINE('',#811,#812);
#811 = CARTESIAN_POINT('',(-72.5,-12.995,1.2));
#812 = VECTOR('',#813,1.);
#813 = DIRECTION('',(0.,0.,1.));
#814 = PCURVE('',#100,#815);
#815 = DEFINITIONAL_REPRESENTATION('',(#816),#820);
#816 = LINE('',#817,#818);
#817 = CARTESIAN_POINT('',(-4.712388980385,1.2));
#818 = VECTOR('',#819,1.);
#819 = DIRECTION('',(-0.,-1.));
#820 = ( GEOMETRIC_REPRESENTATION_CONTEXT(2) 
PARAMETRIC_REPRESENTATION_CONTEXT() REPRESENTATION_CONTEXT('2D SPACE',''
  ) );
#821 = PCURVE('',#342,#822);
#822 = DEFINITIONAL_REPRESENTATION('',(#823),#827);
#823 = LINE('',#824,#825);
#824 = CARTESIAN_POINT('',(0.,1.2));
#825 = VECTOR('',#826,1.);
#826 = DIRECTION('',(0.,-1.));
#827 = ( GEOMETRIC_REPRESENTATION_CONTEXT(2) 
PARAMETRIC_REPRESENTATION_CONTEXT() REPRESENTATION_CONTEXT('2D SPACE',''
  ) );
#828 = ORIENTED_EDGE('',*,*,#302,.F.);
#829 = ORIENTED_EDGE('',*,*,#84,.T.);
#830 = ORIENTED_EDGE('',*,*,#831,.F.);
#831 = EDGE_CURVE('',#807,#85,#832,.T.);
#832 = SURFACE_CURVE('',#833,(#838,#845),.PCURVE_S1.);
#833 = CIRCLE('',#834,3.);
#834 = AXIS2_PLACEMENT_3D('',#835,#836,#837);
#835 = CARTESIAN_POINT('',(-72.5,-9.995,9.));
#836 = DIRECTION('',(-0.,-0.,-1.));
#837 = DIRECTION('',(0.,-1.,0.));
#838 = PCURVE('',#100,#839);
#839 = DEFINITIONAL_REPRESENTATION('',(#840),#844);
#840 = LINE('',#841,#842);
#841 = CARTESIAN_POINT('',(-4.712388980385,-6.6));
#842 = VECTOR('',#843,1.);
#843 = DIRECTION('',(1.,-0.));
#844 = ( GEOMETRIC_REPRESENTATION_CONTEXT(2) 
PARAMETRIC_REPRESENTATION_CONTEXT() REPRESENTATION_CONTEXT('2D SPACE',''
  ) );
#845 = PCURVE('',#239,#846);
#846 = DEFINITIONAL_REPRESENTATION('',(#847),#851);
#847 = LINE('',#848,#849);
#848 = CARTESIAN_POINT('',(0.,-0.));
#849 = VECTOR('',#850,1.);
#850 = DIRECTION('',(1.,-0.));
#851 = ( GEOMETRIC_REPRESENTATION_CONTEXT(2) 
PARAMETRIC_REPRESENTATION_CONTEXT() REPRESENTATION_CONTEXT('2D SPACE',''
  ) );
#852 = ADVANCED_FACE('',(#853),#159,.T.);
#853 = FACE_BOUND('',#854,.T.);
#854 = EDGE_LOOP('',(#855,#856,#884,#905));
#855 = ORIENTED_EDGE('',*,*,#141,.F.);
#856 = ORIENTED_EDGE('',*,*,#857,.T.);
#857 = EDGE_CURVE('',#142,#858,#860,.T.);
#858 = VERTEX_POINT('',#859);
#859 = CARTESIAN_POINT('',(72.5,12.995,9.));
#860 = SURFACE_CURVE('',#861,(#865,#872),.PCURVE_S1.);
#861 = LINE('',#862,#863);
#862 = CARTESIAN_POINT('',(-72.5,12.995,9.));
#863 = VECTOR('',#864,1.);
#864 = DIRECTION('',(1.,0.,0.));
#865 = PCURVE('',#159,#866);
#866 = DEFINITIONAL_REPRESENTATION('',(#867),#871);
#867 = LINE('',#868,#869);
#868 = CARTESIAN_POINT('',(0.,-6.6));
#869 = VECTOR('',#870,1.);
#870 = DIRECTION('',(1.,0.));
#871 = ( GEOMETRIC_REPRESENTATION_CONTEXT(2) 
PARAMETRIC_REPRESENTATION_CONTEXT() REPRESENTATION_CONTEXT('2D SPACE',''
  ) );
#872 = PCURVE('',#873,#878);
#873 = PLANE('',#874);
#874 = AXIS2_PLACEMENT_3D('',#875,#876,#877);
#875 = CARTESIAN_POINT('',(-72.5,12.745,9.25));
#876 = DIRECTION('',(-1.889513820523E-18,0.707106781187,0.707106781187)
  );
#877 = DIRECTION('',(-1.,-1.336088035637E-18,-1.336088035637E-18));
#878 = DEFINITIONAL_REPRESENTATION('',(#879),#883);
#879 = LINE('',#880,#881);
#880 = CARTESIAN_POINT('',(-0.,-0.353553390593));
#881 = VECTOR('',#882,1.);
#882 = DIRECTION('',(-1.,0.));
#883 = ( GEOMETRIC_REPRESENTATION_CONTEXT(2) 
PARAMETRIC_REPRESENTATION_CONTEXT() REPRESENTATION_CONTEXT('2D SPACE',''
  ) );
#884 = ORIENTED_EDGE('',*,*,#885,.T.);
#885 = EDGE_CURVE('',#858,#753,#886,.T.);
#886 = SURFACE_CURVE('',#887,(#891,#898),.PCURVE_S1.);
#887 = LINE('',#888,#889);
#888 = CARTESIAN_POINT('',(72.5,12.994999999353,9.5));
#889 = VECTOR('',#890,1.);
#890 = DIRECTION('',(0.,0.,-1.));
#891 = PCURVE('',#159,#892);
#892 = DEFINITIONAL_REPRESENTATION('',(#893),#897);
#893 = LINE('',#894,#895);
#894 = CARTESIAN_POINT('',(145.,-7.1));
#895 = VECTOR('',#896,1.);
#896 = DIRECTION('',(0.,1.));
#897 = ( GEOMETRIC_REPRESENTATION_CONTEXT(2) 
PARAMETRIC_REPRESENTATION_CONTEXT() REPRESENTATION_CONTEXT('2D SPACE',''
  ) );
#898 = PCURVE('',#769,#899);
#899 = DEFINITIONAL_REPRESENTATION('',(#900),#904);
#900 = LINE('',#901,#902);
#901 = CARTESIAN_POINT('',(-1.570796326795,-7.1));
#902 = VECTOR('',#903,1.);
#903 = DIRECTION('',(0.,1.));
#904 = ( GEOMETRIC_REPRESENTATION_CONTEXT(2) 
PARAMETRIC_REPRESENTATION_CONTEXT() REPRESENTATION_CONTEXT('2D SPACE',''
  ) );
#905 = ORIENTED_EDGE('',*,*,#781,.F.);
#906 = ADVANCED_FACE('',(#907),#186,.T.);
#907 = FACE_BOUND('',#908,.F.);
#908 = EDGE_LOOP('',(#909,#910,#911,#932));
#909 = ORIENTED_EDGE('',*,*,#251,.F.);
#910 = ORIENTED_EDGE('',*,*,#171,.T.);
#911 = ORIENTED_EDGE('',*,*,#912,.T.);
#912 = EDGE_CURVE('',#142,#913,#915,.T.);
#913 = VERTEX_POINT('',#914);
#914 = CARTESIAN_POINT('',(-72.5,12.494999998705,9.5));
#915 = SURFACE_CURVE('',#916,(#920,#926),.PCURVE_S1.);
#916 = LINE('',#917,#918);
#917 = CARTESIAN_POINT('',(-72.5,12.994999998705,9.));
#918 = VECTOR('',#919,1.);
#919 = DIRECTION('',(4.329780281177E-17,-0.707106781187,0.707106781187)
  );
#920 = PCURVE('',#186,#921);
#921 = DEFINITIONAL_REPRESENTATION('',(#922),#925);
#922 = B_SPLINE_CURVE_WITH_KNOTS('',1,(#923,#924),.UNSPECIFIED.,.F.,.F.,
  (2,2),(0.,0.707106781187),.PIECEWISE_BEZIER_KNOTS.);
#923 = CARTESIAN_POINT('',(1.570796326795,0.));
#924 = CARTESIAN_POINT('',(1.570796326795,-0.5));
#925 = ( GEOMETRIC_REPRESENTATION_CONTEXT(2) 
PARAMETRIC_REPRESENTATION_CONTEXT() REPRESENTATION_CONTEXT('2D SPACE',''
  ) );
#926 = PCURVE('',#873,#927);
#927 = DEFINITIONAL_REPRESENTATION('',(#928),#931);
#928 = B_SPLINE_CURVE_WITH_KNOTS('',1,(#929,#930),.UNSPECIFIED.,.F.,.F.,
  (2,2),(0.,0.707106781187),.PIECEWISE_BEZIER_KNOTS.);
#929 = CARTESIAN_POINT('',(0.,-0.353553390593));
#930 = CARTESIAN_POINT('',(0.,0.353553390593));
#931 = ( GEOMETRIC_REPRESENTATION_CONTEXT(2) 
PARAMETRIC_REPRESENTATION_CONTEXT() REPRESENTATION_CONTEXT('2D SPACE',''
  ) );
#932 = ORIENTED_EDGE('',*,*,#933,.F.);
#933 = EDGE_CURVE('',#252,#913,#934,.T.);
#934 = SURFACE_CURVE('',#935,(#940,#947),.PCURVE_S1.);
#935 = CIRCLE('',#936,2.5);
#936 = AXIS2_PLACEMENT_3D('',#937,#938,#939);
#937 = CARTESIAN_POINT('',(-72.5,9.994999998705,9.5));
#938 = DIRECTION('',(-0.,0.,-1.));
#939 = DIRECTION('',(-1.,0.,0.));
#940 = PCURVE('',#186,#941);
#941 = DEFINITIONAL_REPRESENTATION('',(#942),#946);
#942 = LINE('',#943,#944);
#943 = CARTESIAN_POINT('',(0.,-0.5));
#944 = VECTOR('',#945,1.);
#945 = DIRECTION('',(1.,-0.));
#946 = ( GEOMETRIC_REPRESENTATION_CONTEXT(2) 
PARAMETRIC_REPRESENTATION_CONTEXT() REPRESENTATION_CONTEXT('2D SPACE',''
  ) );
#947 = PCURVE('',#286,#948);
#948 = DEFINITIONAL_REPRESENTATION('',(#949),#957);
#949 = ( BOUNDED_CURVE() B_SPLINE_CURVE(2,(#950,#951,#952,#953,#954,#955
,#956),.UNSPECIFIED.,.T.,.F.) B_SPLINE_CURVE_WITH_KNOTS((1,2,2,2,2,1),(
    -2.094395102393,0.,2.094395102393,4.188790204786,6.28318530718,
8.377580409573),.UNSPECIFIED.) CURVE() GEOMETRIC_REPRESENTATION_ITEM() 
RATIONAL_B_SPLINE_CURVE((1.,0.5,1.,0.5,1.,0.5,1.)) REPRESENTATION_ITEM(
  '') );
#950 = CARTESIAN_POINT('',(-75.,9.994999998814));
#951 = CARTESIAN_POINT('',(-75.,14.325127017736));
#952 = CARTESIAN_POINT('',(-71.25,12.160063508275));
#953 = CARTESIAN_POINT('',(-67.5,9.994999998814));
#954 = CARTESIAN_POINT('',(-71.25,7.829936489353));
#955 = CARTESIAN_POINT('',(-75.,5.664872979892));
#956 = CARTESIAN_POINT('',(-75.,9.994999998814));
#957 = ( GEOMETRIC_REPRESENTATION_CONTEXT(2) 
PARAMETRIC_REPRESENTATION_CONTEXT() REPRESENTATION_CONTEXT('2D SPACE',''
  ) );
#958 = ADVANCED_FACE('',(#959),#239,.T.);
#959 = FACE_BOUND('',#960,.F.);
#960 = EDGE_LOOP('',(#961,#987,#988,#989));
#961 = ORIENTED_EDGE('',*,*,#962,.F.);
#962 = EDGE_CURVE('',#807,#963,#965,.T.);
#963 = VERTEX_POINT('',#964);
#964 = CARTESIAN_POINT('',(-72.5,-12.495,9.5));
#965 = SURFACE_CURVE('',#966,(#970,#976),.PCURVE_S1.);
#966 = LINE('',#967,#968);
#967 = CARTESIAN_POINT('',(-72.5,-12.745,9.25));
#968 = VECTOR('',#969,1.);
#969 = DIRECTION('',(2.90882763039E-35,0.707106781187,0.707106781187));
#970 = PCURVE('',#239,#971);
#971 = DEFINITIONAL_REPRESENTATION('',(#972),#975);
#972 = B_SPLINE_CURVE_WITH_KNOTS('',1,(#973,#974),.UNSPECIFIED.,.F.,.F.,
  (2,2),(-0.353553390593,0.353553390593),.PIECEWISE_BEZIER_KNOTS.);
#973 = CARTESIAN_POINT('',(0.,0.));
#974 = CARTESIAN_POINT('',(0.,-0.5));
#975 = ( GEOMETRIC_REPRESENTATION_CONTEXT(2) 
PARAMETRIC_REPRESENTATION_CONTEXT() REPRESENTATION_CONTEXT('2D SPACE',''
  ) );
#976 = PCURVE('',#977,#982);
#977 = PLANE('',#978);
#978 = AXIS2_PLACEMENT_3D('',#979,#980,#981);
#979 = CARTESIAN_POINT('',(72.5,-12.745,9.25));
#980 = DIRECTION('',(1.889513820523E-18,0.707106781187,-0.707106781187)
  );
#981 = DIRECTION('',(-1.,1.336088035637E-18,-1.336088035637E-18));
#982 = DEFINITIONAL_REPRESENTATION('',(#983),#986);
#983 = B_SPLINE_CURVE_WITH_KNOTS('',1,(#984,#985),.UNSPECIFIED.,.F.,.F.,
  (2,2),(-0.353553390593,0.353553390593),.PIECEWISE_BEZIER_KNOTS.);
#984 = CARTESIAN_POINT('',(145.,-0.353553390593));
#985 = CARTESIAN_POINT('',(145.,0.353553390593));
#986 = ( GEOMETRIC_REPRESENTATION_CONTEXT(2) 
PARAMETRIC_REPRESENTATION_CONTEXT() REPRESENTATION_CONTEXT('2D SPACE',''
  ) );
#987 = ORIENTED_EDGE('',*,*,#831,.T.);
#988 = ORIENTED_EDGE('',*,*,#224,.T.);
#989 = ORIENTED_EDGE('',*,*,#990,.F.);
#990 = EDGE_CURVE('',#963,#225,#991,.T.);
#991 = SURFACE_CURVE('',#992,(#997,#1004),.PCURVE_S1.);
#992 = CIRCLE('',#993,2.5);
#993 = AXIS2_PLACEMENT_3D('',#994,#995,#996);
#994 = CARTESIAN_POINT('',(-72.5,-9.995,9.5));
#995 = DIRECTION('',(-0.,-0.,-1.));
#996 = DIRECTION('',(0.,-1.,0.));
#997 = PCURVE('',#239,#998);
#998 = DEFINITIONAL_REPRESENTATION('',(#999),#1003);
#999 = LINE('',#1000,#1001);
#1000 = CARTESIAN_POINT('',(0.,-0.5));
#1001 = VECTOR('',#1002,1.);
#1002 = DIRECTION('',(1.,-0.));
#1003 = ( GEOMETRIC_REPRESENTATION_CONTEXT(2) 
PARAMETRIC_REPRESENTATION_CONTEXT() REPRESENTATION_CONTEXT('2D SPACE',''
  ) );
#1004 = PCURVE('',#286,#1005);
#1005 = DEFINITIONAL_REPRESENTATION('',(#1006),#1014);
#1006 = ( BOUNDED_CURVE() B_SPLINE_CURVE(2,(#1007,#1008,#1009,#1010,
#1011,#1012,#1013),.UNSPECIFIED.,.T.,.F.) B_SPLINE_CURVE_WITH_KNOTS((1,2
    ,2,2,2,1),(-2.094395102393,0.,2.094395102393,4.188790204786,
6.28318530718,8.377580409573),.UNSPECIFIED.) CURVE() 
GEOMETRIC_REPRESENTATION_ITEM() RATIONAL_B_SPLINE_CURVE((1.,0.5,1.,0.5,
1.,0.5,1.)) REPRESENTATION_ITEM('') );
#1007 = CARTESIAN_POINT('',(-72.5,-12.49499999989));
#1008 = CARTESIAN_POINT('',(-76.83012701892,-12.49499999989));
#1009 = CARTESIAN_POINT('',(-74.66506350946,-8.744999999891));
#1010 = CARTESIAN_POINT('',(-72.5,-4.994999999891));
#1011 = CARTESIAN_POINT('',(-70.33493649053,-8.744999999891));
#1012 = CARTESIAN_POINT('',(-68.16987298107,-12.49499999989));
#1013 = CARTESIAN_POINT('',(-72.5,-12.49499999989));
#1014 = ( GEOMETRIC_REPRESENTATION_CONTEXT(2) 
PARAMETRIC_REPRESENTATION_CONTEXT() REPRESENTATION_CONTEXT('2D SPACE',''
  ) );
#1015 = ADVANCED_FACE('',(#1016,#1159,#1397,#1635,#1873,#2111,#2349),
  #286,.T.);
#1016 = FACE_BOUND('',#1017,.T.);
#1017 = EDGE_LOOP('',(#1018,#1019,#1020,#1043,#1076,#1104,#1137,#1158));
#1018 = ORIENTED_EDGE('',*,*,#272,.F.);
#1019 = ORIENTED_EDGE('',*,*,#990,.F.);
#1020 = ORIENTED_EDGE('',*,*,#1021,.F.);
#1021 = EDGE_CURVE('',#1022,#963,#1024,.T.);
#1022 = VERTEX_POINT('',#1023);
#1023 = CARTESIAN_POINT('',(72.5,-12.495,9.5));
#1024 = SURFACE_CURVE('',#1025,(#1029,#1036),.PCURVE_S1.);
#1025 = LINE('',#1026,#1027);
#1026 = CARTESIAN_POINT('',(72.5,-12.495,9.5));
#1027 = VECTOR('',#1028,1.);
#1028 = DIRECTION('',(-1.,-0.,-0.));
#1029 = PCURVE('',#286,#1030);
#1030 = DEFINITIONAL_REPRESENTATION('',(#1031),#1035);
#1031 = LINE('',#1032,#1033);
#1032 = CARTESIAN_POINT('',(72.5,-12.49499999989));
#1033 = VECTOR('',#1034,1.);
#1034 = DIRECTION('',(-1.,0.));
#1035 = ( GEOMETRIC_REPRESENTATION_CONTEXT(2) 
PARAMETRIC_REPRESENTATION_CONTEXT() REPRESENTATION_CONTEXT('2D SPACE',''
  ) );
#1036 = PCURVE('',#977,#1037);
#1037 = DEFINITIONAL_REPRESENTATION('',(#1038),#1042);
#1038 = LINE('',#1039,#1040);
#1039 = CARTESIAN_POINT('',(0.,0.353553390593));
#1040 = VECTOR('',#1041,1.);
#1041 = DIRECTION('',(1.,0.));
#1042 = ( GEOMETRIC_REPRESENTATION_CONTEXT(2) 
PARAMETRIC_REPRESENTATION_CONTEXT() REPRESENTATION_CONTEXT('2D SPACE',''
  ) );
#1043 = ORIENTED_EDGE('',*,*,#1044,.F.);
#1044 = EDGE_CURVE('',#1045,#1022,#1047,.T.);
#1045 = VERTEX_POINT('',#1046);
#1046 = CARTESIAN_POINT('',(75.,-9.995,9.5));
#1047 = SURFACE_CURVE('',#1048,(#1053,#1064),.PCURVE_S1.);
#1048 = CIRCLE('',#1049,2.5);
#1049 = AXIS2_PLACEMENT_3D('',#1050,#1051,#1052);
#1050 = CARTESIAN_POINT('',(72.5,-9.995,9.5));
#1051 = DIRECTION('',(0.,0.,-1.));
#1052 = DIRECTION('',(1.,0.,0.));
#1053 = PCURVE('',#286,#1054);
#1054 = DEFINITIONAL_REPRESENTATION('',(#1055),#1063);
#1055 = ( BOUNDED_CURVE() B_SPLINE_CURVE(2,(#1056,#1057,#1058,#1059,
#1060,#1061,#1062),.UNSPECIFIED.,.T.,.F.) B_SPLINE_CURVE_WITH_KNOTS((1,2
    ,2,2,2,1),(-2.094395102393,0.,2.094395102393,4.188790204786,
6.28318530718,8.377580409573),.UNSPECIFIED.) CURVE() 
GEOMETRIC_REPRESENTATION_ITEM() RATIONAL_B_SPLINE_CURVE((1.,0.5,1.,0.5,
1.,0.5,1.)) REPRESENTATION_ITEM('') );
#1056 = CARTESIAN_POINT('',(75.,-9.994999999891));
#1057 = CARTESIAN_POINT('',(75.,-14.32512701881));
#1058 = CARTESIAN_POINT('',(71.25,-12.16006350935));
#1059 = CARTESIAN_POINT('',(67.5,-9.994999999891));
#1060 = CARTESIAN_POINT('',(71.25,-7.82993649043));
#1061 = CARTESIAN_POINT('',(75.,-5.664872980969));
#1062 = CARTESIAN_POINT('',(75.,-9.994999999891));
#1063 = ( GEOMETRIC_REPRESENTATION_CONTEXT(2) 
PARAMETRIC_REPRESENTATION_CONTEXT() REPRESENTATION_CONTEXT('2D SPACE',''
  ) );
#1064 = PCURVE('',#1065,#1070);
#1065 = CONICAL_SURFACE('',#1066,3.,0.785398163397);
#1066 = AXIS2_PLACEMENT_3D('',#1067,#1068,#1069);
#1067 = CARTESIAN_POINT('',(72.5,-9.995,9.));
#1068 = DIRECTION('',(-0.,-0.,-1.));
#1069 = DIRECTION('',(1.,0.,0.));
#1070 = DEFINITIONAL_REPRESENTATION('',(#1071),#1075);
#1071 = LINE('',#1072,#1073);
#1072 = CARTESIAN_POINT('',(0.,-0.5));
#1073 = VECTOR('',#1074,1.);
#1074 = DIRECTION('',(1.,-0.));
#1075 = ( GEOMETRIC_REPRESENTATION_CONTEXT(2) 
PARAMETRIC_REPRESENTATION_CONTEXT() REPRESENTATION_CONTEXT('2D SPACE',''
  ) );
#1076 = ORIENTED_EDGE('',*,*,#1077,.F.);
#1077 = EDGE_CURVE('',#1078,#1045,#1080,.T.);
#1078 = VERTEX_POINT('',#1079);
#1079 = CARTESIAN_POINT('',(75.,9.994999998705,9.5));
#1080 = SURFACE_CURVE('',#1081,(#1085,#1092),.PCURVE_S1.);
#1081 = LINE('',#1082,#1083);
#1082 = CARTESIAN_POINT('',(75.,9.994999998705,9.5));
#1083 = VECTOR('',#1084,1.);
#1084 = DIRECTION('',(-0.,-1.,-0.));
#1085 = PCURVE('',#286,#1086);
#1086 = DEFINITIONAL_REPRESENTATION('',(#1087),#1091);
#1087 = LINE('',#1088,#1089);
#1088 = CARTESIAN_POINT('',(75.,9.994999998814));
#1089 = VECTOR('',#1090,1.);
#1090 = DIRECTION('',(0.,-1.));
#1091 = ( GEOMETRIC_REPRESENTATION_CONTEXT(2) 
PARAMETRIC_REPRESENTATION_CONTEXT() REPRESENTATION_CONTEXT('2D SPACE',''
  ) );
#1092 = PCURVE('',#1093,#1098);
#1093 = PLANE('',#1094);
#1094 = AXIS2_PLACEMENT_3D('',#1095,#1096,#1097);
#1095 = CARTESIAN_POINT('',(75.25,9.994999998705,9.25));
#1096 = DIRECTION('',(-0.707106781187,-1.889513820523E-18,
    -0.707106781187));
#1097 = DIRECTION('',(1.336088035637E-18,-1.,1.336088035637E-18));
#1098 = DEFINITIONAL_REPRESENTATION('',(#1099),#1103);
#1099 = LINE('',#1100,#1101);
#1100 = CARTESIAN_POINT('',(0.,0.353553390593));
#1101 = VECTOR('',#1102,1.);
#1102 = DIRECTION('',(1.,0.));
#1103 = ( GEOMETRIC_REPRESENTATION_CONTEXT(2) 
PARAMETRIC_REPRESENTATION_CONTEXT() REPRESENTATION_CONTEXT('2D SPACE',''
  ) );
#1104 = ORIENTED_EDGE('',*,*,#1105,.F.);
#1105 = EDGE_CURVE('',#1106,#1078,#1108,.T.);
#1106 = VERTEX_POINT('',#1107);
#1107 = CARTESIAN_POINT('',(72.5,12.495,9.5));
#1108 = SURFACE_CURVE('',#1109,(#1114,#1125),.PCURVE_S1.);
#1109 = CIRCLE('',#1110,2.5);
#1110 = AXIS2_PLACEMENT_3D('',#1111,#1112,#1113);
#1111 = CARTESIAN_POINT('',(72.5,9.994999998705,9.5));
#1112 = DIRECTION('',(0.,-0.,-1.));
#1113 = DIRECTION('',(0.,1.,-0.));
#1114 = PCURVE('',#286,#1115);
#1115 = DEFINITIONAL_REPRESENTATION('',(#1116),#1124);
#1116 = ( BOUNDED_CURVE() B_SPLINE_CURVE(2,(#1117,#1118,#1119,#1120,
#1121,#1122,#1123),.UNSPECIFIED.,.T.,.F.) B_SPLINE_CURVE_WITH_KNOTS((1,2
    ,2,2,2,1),(-2.094395102393,0.,2.094395102393,4.188790204786,
6.28318530718,8.377580409573),.UNSPECIFIED.) CURVE() 
GEOMETRIC_REPRESENTATION_ITEM() RATIONAL_B_SPLINE_CURVE((1.,0.5,1.,0.5,
1.,0.5,1.)) REPRESENTATION_ITEM('') );
#1117 = CARTESIAN_POINT('',(72.5,12.494999998814));
#1118 = CARTESIAN_POINT('',(76.830127018922,12.494999998814));
#1119 = CARTESIAN_POINT('',(74.665063509461,8.744999998814));
#1120 = CARTESIAN_POINT('',(72.5,4.994999998814));
#1121 = CARTESIAN_POINT('',(70.334936490539,8.744999998814));
#1122 = CARTESIAN_POINT('',(68.169872981078,12.494999998814));
#1123 = CARTESIAN_POINT('',(72.5,12.494999998814));
#1124 = ( GEOMETRIC_REPRESENTATION_CONTEXT(2) 
PARAMETRIC_REPRESENTATION_CONTEXT() REPRESENTATION_CONTEXT('2D SPACE',''
  ) );
#1125 = PCURVE('',#1126,#1131);
#1126 = CONICAL_SURFACE('',#1127,3.,0.785398163397);
#1127 = AXIS2_PLACEMENT_3D('',#1128,#1129,#1130);
#1128 = CARTESIAN_POINT('',(72.5,9.994999998705,9.));
#1129 = DIRECTION('',(-0.,-0.,-1.));
#1130 = DIRECTION('',(0.,1.,-0.));
#1131 = DEFINITIONAL_REPRESENTATION('',(#1132),#1136);
#1132 = LINE('',#1133,#1134);
#1133 = CARTESIAN_POINT('',(0.,-0.5));
#1134 = VECTOR('',#1135,1.);
#1135 = DIRECTION('',(1.,-0.));
#1136 = ( GEOMETRIC_REPRESENTATION_CONTEXT(2) 
PARAMETRIC_REPRESENTATION_CONTEXT() REPRESENTATION_CONTEXT('2D SPACE',''
  ) );
#1137 = ORIENTED_EDGE('',*,*,#1138,.F.);
#1138 = EDGE_CURVE('',#913,#1106,#1139,.T.);
#1139 = SURFACE_CURVE('',#1140,(#1144,#1151),.PCURVE_S1.);
#1140 = LINE('',#1141,#1142);
#1141 = CARTESIAN_POINT('',(-72.5,12.495,9.5));
#1142 = VECTOR('',#1143,1.);
#1143 = DIRECTION('',(1.,0.,0.));
#1144 = PCURVE('',#286,#1145);
#1145 = DEFINITIONAL_REPRESENTATION('',(#1146),#1150);
#1146 = LINE('',#1147,#1148);
#1147 = CARTESIAN_POINT('',(-72.5,12.495000000109));
#1148 = VECTOR('',#1149,1.);
#1149 = DIRECTION('',(1.,0.));
#1150 = ( GEOMETRIC_REPRESENTATION_CONTEXT(2) 
PARAMETRIC_REPRESENTATION_CONTEXT() REPRESENTATION_CONTEXT('2D SPACE',''
  ) );
#1151 = PCURVE('',#873,#1152);
#1152 = DEFINITIONAL_REPRESENTATION('',(#1153),#1157);
#1153 = LINE('',#1154,#1155);
#1154 = CARTESIAN_POINT('',(-0.,0.353553390593));
#1155 = VECTOR('',#1156,1.);
#1156 = DIRECTION('',(-1.,0.));
#1157 = ( GEOMETRIC_REPRESENTATION_CONTEXT(2) 
PARAMETRIC_REPRESENTATION_CONTEXT() REPRESENTATION_CONTEXT('2D SPACE',''
  ) );
#1158 = ORIENTED_EDGE('',*,*,#933,.F.);
#1159 = FACE_BOUND('',#1160,.T.);
#1160 = EDGE_LOOP('',(#1161,#1189,#1222,#1248,#1281,#1307,#1340,#1366));
#1161 = ORIENTED_EDGE('',*,*,#1162,.F.);
#1162 = EDGE_CURVE('',#1163,#1165,#1167,.T.);
#1163 = VERTEX_POINT('',#1164);
#1164 = CARTESIAN_POINT('',(-63.825,6.949999995166,9.5));
#1165 = VERTEX_POINT('',#1166);
#1166 = CARTESIAN_POINT('',(-63.825,-6.950000000035,9.5));
#1167 = SURFACE_CURVE('',#1168,(#1172,#1178),.PCURVE_S1.);
#1168 = LINE('',#1169,#1170);
#1169 = CARTESIAN_POINT('',(-63.825,-3.475000000072,9.5));
#1170 = VECTOR('',#1171,1.);
#1171 = DIRECTION('',(0.,-1.,0.));
#1172 = PCURVE('',#286,#1173);
#1173 = DEFINITIONAL_REPRESENTATION('',(#1174),#1177);
#1174 = B_SPLINE_CURVE_WITH_KNOTS('',1,(#1175,#1176),.UNSPECIFIED.,.F.,
  .F.,(2,2),(-10.42499999523,3.474999999963),.PIECEWISE_BEZIER_KNOTS.);
#1175 = CARTESIAN_POINT('',(-63.825,6.949999995275));
#1176 = CARTESIAN_POINT('',(-63.825,-6.949999999927));
#1177 = ( GEOMETRIC_REPRESENTATION_CONTEXT(2) 
PARAMETRIC_REPRESENTATION_CONTEXT() REPRESENTATION_CONTEXT('2D SPACE',''
  ) );
#1178 = PCURVE('',#1179,#1184);
#1179 = PLANE('',#1180);
#1180 = AXIS2_PLACEMENT_3D('',#1181,#1182,#1183);
#1181 = CARTESIAN_POINT('',(-63.825,-6.950000000035,8.1));
#1182 = DIRECTION('',(-1.,0.,0.));
#1183 = DIRECTION('',(0.,1.,0.));
#1184 = DEFINITIONAL_REPRESENTATION('',(#1185),#1188);
#1185 = B_SPLINE_CURVE_WITH_KNOTS('',1,(#1186,#1187),.UNSPECIFIED.,.F.,
  .F.,(2,2),(-10.42499999523,3.474999999963),.PIECEWISE_BEZIER_KNOTS.);
#1186 = CARTESIAN_POINT('',(13.899999995202,-1.4));
#1187 = CARTESIAN_POINT('',(0.,-1.4));
#1188 = ( GEOMETRIC_REPRESENTATION_CONTEXT(2) 
PARAMETRIC_REPRESENTATION_CONTEXT() REPRESENTATION_CONTEXT('2D SPACE',''
  ) );
#1189 = ORIENTED_EDGE('',*,*,#1190,.T.);
#1190 = EDGE_CURVE('',#1163,#1191,#1193,.T.);
#1191 = VERTEX_POINT('',#1192);
#1192 = CARTESIAN_POINT('',(-63.725,7.049999997601,9.5));
#1193 = SURFACE_CURVE('',#1194,(#1199,#1210),.PCURVE_S1.);
#1194 = CIRCLE('',#1195,0.1);
#1195 = AXIS2_PLACEMENT_3D('',#1196,#1197,#1198);
#1196 = CARTESIAN_POINT('',(-63.725,6.949999995166,9.5));
#1197 = DIRECTION('',(0.,0.,-1.));
#1198 = DIRECTION('',(1.,0.,0.));
#1199 = PCURVE('',#286,#1200);
#1200 = DEFINITIONAL_REPRESENTATION('',(#1201),#1209);
#1201 = ( BOUNDED_CURVE() B_SPLINE_CURVE(2,(#1202,#1203,#1204,#1205,
#1206,#1207,#1208),.UNSPECIFIED.,.T.,.F.) B_SPLINE_CURVE_WITH_KNOTS((1,2
    ,2,2,2,1),(-2.094395102393,0.,2.094395102393,4.188790204786,
6.28318530718,8.377580409573),.UNSPECIFIED.) CURVE() 
GEOMETRIC_REPRESENTATION_ITEM() RATIONAL_B_SPLINE_CURVE((1.,0.5,1.,0.5,
1.,0.5,1.)) REPRESENTATION_ITEM('') );
#1202 = CARTESIAN_POINT('',(-63.625,6.949999995275));
#1203 = CARTESIAN_POINT('',(-63.625,6.776794914518));
#1204 = CARTESIAN_POINT('',(-63.775,6.863397454897));
#1205 = CARTESIAN_POINT('',(-63.925,6.949999995275));
#1206 = CARTESIAN_POINT('',(-63.775,7.036602535653));
#1207 = CARTESIAN_POINT('',(-63.625,7.123205076032));
#1208 = CARTESIAN_POINT('',(-63.625,6.949999995275));
#1209 = ( GEOMETRIC_REPRESENTATION_CONTEXT(2) 
PARAMETRIC_REPRESENTATION_CONTEXT() REPRESENTATION_CONTEXT('2D SPACE',''
  ) );
#1210 = PCURVE('',#1211,#1216);
#1211 = CYLINDRICAL_SURFACE('',#1212,0.1);
#1212 = AXIS2_PLACEMENT_3D('',#1213,#1214,#1215);
#1213 = CARTESIAN_POINT('',(-63.725,6.949999995166,8.1));
#1214 = DIRECTION('',(-0.,-0.,-1.));
#1215 = DIRECTION('',(1.,0.,0.));
#1216 = DEFINITIONAL_REPRESENTATION('',(#1217),#1221);
#1217 = LINE('',#1218,#1219);
#1218 = CARTESIAN_POINT('',(-6.28318530718,-1.4));
#1219 = VECTOR('',#1220,1.);
#1220 = DIRECTION('',(1.,-0.));
#1221 = ( GEOMETRIC_REPRESENTATION_CONTEXT(2) 
PARAMETRIC_REPRESENTATION_CONTEXT() REPRESENTATION_CONTEXT('2D SPACE',''
  ) );
#1222 = ORIENTED_EDGE('',*,*,#1223,.F.);
#1223 = EDGE_CURVE('',#1224,#1191,#1226,.T.);
#1224 = VERTEX_POINT('',#1225);
#1225 = CARTESIAN_POINT('',(-49.825,7.049999997601,9.5));
#1226 = SURFACE_CURVE('',#1227,(#1231,#1237),.PCURVE_S1.);
#1227 = LINE('',#1228,#1229);
#1228 = CARTESIAN_POINT('',(-31.8625,7.050000000035,9.5));
#1229 = VECTOR('',#1230,1.);
#1230 = DIRECTION('',(-1.,0.,0.));
#1231 = PCURVE('',#286,#1232);
#1232 = DEFINITIONAL_REPRESENTATION('',(#1233),#1236);
#1233 = B_SPLINE_CURVE_WITH_KNOTS('',1,(#1234,#1235),.UNSPECIFIED.,.F.,
  .F.,(2,2),(17.9625,31.8625),.PIECEWISE_BEZIER_KNOTS.);
#1234 = CARTESIAN_POINT('',(-49.825,7.050000000144));
#1235 = CARTESIAN_POINT('',(-63.725,7.050000000144));
#1236 = ( GEOMETRIC_REPRESENTATION_CONTEXT(2) 
PARAMETRIC_REPRESENTATION_CONTEXT() REPRESENTATION_CONTEXT('2D SPACE',''
  ) );
#1237 = PCURVE('',#1238,#1243);
#1238 = PLANE('',#1239);
#1239 = AXIS2_PLACEMENT_3D('',#1240,#1241,#1242);
#1240 = CARTESIAN_POINT('',(-63.725,7.050000000035,8.1));
#1241 = DIRECTION('',(0.,1.,0.));
#1242 = DIRECTION('',(1.,0.,0.));
#1243 = DEFINITIONAL_REPRESENTATION('',(#1244),#1247);
#1244 = B_SPLINE_CURVE_WITH_KNOTS('',1,(#1245,#1246),.UNSPECIFIED.,.F.,
  .F.,(2,2),(17.9625,31.8625),.PIECEWISE_BEZIER_KNOTS.);
#1245 = CARTESIAN_POINT('',(13.9,-1.4));
#1246 = CARTESIAN_POINT('',(0.,-1.4));
#1247 = ( GEOMETRIC_REPRESENTATION_CONTEXT(2) 
PARAMETRIC_REPRESENTATION_CONTEXT() REPRESENTATION_CONTEXT('2D SPACE',''
  ) );
#1248 = ORIENTED_EDGE('',*,*,#1249,.T.);
#1249 = EDGE_CURVE('',#1224,#1250,#1252,.T.);
#1250 = VERTEX_POINT('',#1251);
#1251 = CARTESIAN_POINT('',(-49.725,6.949999995166,9.5));
#1252 = SURFACE_CURVE('',#1253,(#1258,#1269),.PCURVE_S1.);
#1253 = CIRCLE('',#1254,0.1);
#1254 = AXIS2_PLACEMENT_3D('',#1255,#1256,#1257);
#1255 = CARTESIAN_POINT('',(-49.825,6.949999995166,9.5));
#1256 = DIRECTION('',(0.,0.,-1.));
#1257 = DIRECTION('',(1.,0.,0.));
#1258 = PCURVE('',#286,#1259);
#1259 = DEFINITIONAL_REPRESENTATION('',(#1260),#1268);
#1260 = ( BOUNDED_CURVE() B_SPLINE_CURVE(2,(#1261,#1262,#1263,#1264,
#1265,#1266,#1267),.UNSPECIFIED.,.T.,.F.) B_SPLINE_CURVE_WITH_KNOTS((1,2
    ,2,2,2,1),(-2.094395102393,0.,2.094395102393,4.188790204786,
6.28318530718,8.377580409573),.UNSPECIFIED.) CURVE() 
GEOMETRIC_REPRESENTATION_ITEM() RATIONAL_B_SPLINE_CURVE((1.,0.5,1.,0.5,
1.,0.5,1.)) REPRESENTATION_ITEM('') );
#1261 = CARTESIAN_POINT('',(-49.725,6.949999995275));
#1262 = CARTESIAN_POINT('',(-49.725,6.776794914518));
#1263 = CARTESIAN_POINT('',(-49.875,6.863397454897));
#1264 = CARTESIAN_POINT('',(-50.025,6.949999995275));
#1265 = CARTESIAN_POINT('',(-49.875,7.036602535653));
#1266 = CARTESIAN_POINT('',(-49.725,7.123205076032));
#1267 = CARTESIAN_POINT('',(-49.725,6.949999995275));
#1268 = ( GEOMETRIC_REPRESENTATION_CONTEXT(2) 
PARAMETRIC_REPRESENTATION_CONTEXT() REPRESENTATION_CONTEXT('2D SPACE',''
  ) );
#1269 = PCURVE('',#1270,#1275);
#1270 = CYLINDRICAL_SURFACE('',#1271,0.1);
#1271 = AXIS2_PLACEMENT_3D('',#1272,#1273,#1274);
#1272 = CARTESIAN_POINT('',(-49.825,6.949999995166,8.1));
#1273 = DIRECTION('',(-0.,-0.,-1.));
#1274 = DIRECTION('',(1.,0.,0.));
#1275 = DEFINITIONAL_REPRESENTATION('',(#1276),#1280);
#1276 = LINE('',#1277,#1278);
#1277 = CARTESIAN_POINT('',(-6.28318530718,-1.4));
#1278 = VECTOR('',#1279,1.);
#1279 = DIRECTION('',(1.,-0.));
#1280 = ( GEOMETRIC_REPRESENTATION_CONTEXT(2) 
PARAMETRIC_REPRESENTATION_CONTEXT() REPRESENTATION_CONTEXT('2D SPACE',''
  ) );
#1281 = ORIENTED_EDGE('',*,*,#1282,.T.);
#1282 = EDGE_CURVE('',#1250,#1283,#1285,.T.);
#1283 = VERTEX_POINT('',#1284);
#1284 = CARTESIAN_POINT('',(-49.72500000243,-6.949999999965,9.5));
#1285 = SURFACE_CURVE('',#1286,(#1290,#1296),.PCURVE_S1.);
#1286 = LINE('',#1287,#1288);
#1287 = CARTESIAN_POINT('',(-49.725,-3.475000000037,9.5));
#1288 = VECTOR('',#1289,1.);
#1289 = DIRECTION('',(0.,-1.,0.));
#1290 = PCURVE('',#286,#1291);
#1291 = DEFINITIONAL_REPRESENTATION('',(#1292),#1295);
#1292 = B_SPLINE_CURVE_WITH_KNOTS('',1,(#1293,#1294),.UNSPECIFIED.,.F.,
  .F.,(2,2),(-10.4249999952,3.474999999928),.PIECEWISE_BEZIER_KNOTS.);
#1293 = CARTESIAN_POINT('',(-49.725,6.949999995275));
#1294 = CARTESIAN_POINT('',(-49.725,-6.949999999856));
#1295 = ( GEOMETRIC_REPRESENTATION_CONTEXT(2) 
PARAMETRIC_REPRESENTATION_CONTEXT() REPRESENTATION_CONTEXT('2D SPACE',''
  ) );
#1296 = PCURVE('',#1297,#1302);
#1297 = PLANE('',#1298);
#1298 = AXIS2_PLACEMENT_3D('',#1299,#1300,#1301);
#1299 = CARTESIAN_POINT('',(-49.725,-6.949999999965,8.1));
#1300 = DIRECTION('',(-1.,0.,0.));
#1301 = DIRECTION('',(0.,1.,0.));
#1302 = DEFINITIONAL_REPRESENTATION('',(#1303),#1306);
#1303 = B_SPLINE_CURVE_WITH_KNOTS('',1,(#1304,#1305),.UNSPECIFIED.,.F.,
  .F.,(2,2),(-10.4249999952,3.474999999928),.PIECEWISE_BEZIER_KNOTS.);
#1304 = CARTESIAN_POINT('',(13.899999995131,-1.4));
#1305 = CARTESIAN_POINT('',(0.,-1.4));
#1306 = ( GEOMETRIC_REPRESENTATION_CONTEXT(2) 
PARAMETRIC_REPRESENTATION_CONTEXT() REPRESENTATION_CONTEXT('2D SPACE',''
  ) );
#1307 = ORIENTED_EDGE('',*,*,#1308,.T.);
#1308 = EDGE_CURVE('',#1283,#1309,#1311,.T.);
#1309 = VERTEX_POINT('',#1310);
#1310 = CARTESIAN_POINT('',(-49.82500000486,-7.049999999965,9.5));
#1311 = SURFACE_CURVE('',#1312,(#1317,#1328),.PCURVE_S1.);
#1312 = CIRCLE('',#1313,0.1);
#1313 = AXIS2_PLACEMENT_3D('',#1314,#1315,#1316);
#1314 = CARTESIAN_POINT('',(-49.82500000486,-6.949999999965,9.5));
#1315 = DIRECTION('',(0.,0.,-1.));
#1316 = DIRECTION('',(1.,0.,0.));
#1317 = PCURVE('',#286,#1318);
#1318 = DEFINITIONAL_REPRESENTATION('',(#1319),#1327);
#1319 = ( BOUNDED_CURVE() B_SPLINE_CURVE(2,(#1320,#1321,#1322,#1323,
#1324,#1325,#1326),.UNSPECIFIED.,.T.,.F.) B_SPLINE_CURVE_WITH_KNOTS((1,2
    ,2,2,2,1),(-2.094395102393,0.,2.094395102393,4.188790204786,
6.28318530718,8.377580409573),.UNSPECIFIED.) CURVE() 
GEOMETRIC_REPRESENTATION_ITEM() RATIONAL_B_SPLINE_CURVE((1.,0.5,1.,0.5,
1.,0.5,1.)) REPRESENTATION_ITEM('') );
#1320 = CARTESIAN_POINT('',(-49.72500000486,-6.949999999856));
#1321 = CARTESIAN_POINT('',(-49.72500000486,-7.123205080613));
#1322 = CARTESIAN_POINT('',(-49.87500000486,-7.036602540234));
#1323 = CARTESIAN_POINT('',(-50.02500000486,-6.949999999856));
#1324 = CARTESIAN_POINT('',(-49.87500000486,-6.863397459477));
#1325 = CARTESIAN_POINT('',(-49.72500000486,-6.776794919099));
#1326 = CARTESIAN_POINT('',(-49.72500000486,-6.949999999856));
#1327 = ( GEOMETRIC_REPRESENTATION_CONTEXT(2) 
PARAMETRIC_REPRESENTATION_CONTEXT() REPRESENTATION_CONTEXT('2D SPACE',''
  ) );
#1328 = PCURVE('',#1329,#1334);
#1329 = CYLINDRICAL_SURFACE('',#1330,0.1);
#1330 = AXIS2_PLACEMENT_3D('',#1331,#1332,#1333);
#1331 = CARTESIAN_POINT('',(-49.82500000486,-6.949999999965,8.1));
#1332 = DIRECTION('',(-0.,-0.,-1.));
#1333 = DIRECTION('',(1.,0.,0.));
#1334 = DEFINITIONAL_REPRESENTATION('',(#1335),#1339);
#1335 = LINE('',#1336,#1337);
#1336 = CARTESIAN_POINT('',(-6.28318530718,-1.4));
#1337 = VECTOR('',#1338,1.);
#1338 = DIRECTION('',(1.,-0.));
#1339 = ( GEOMETRIC_REPRESENTATION_CONTEXT(2) 
PARAMETRIC_REPRESENTATION_CONTEXT() REPRESENTATION_CONTEXT('2D SPACE',''
  ) );
#1340 = ORIENTED_EDGE('',*,*,#1341,.T.);
#1341 = EDGE_CURVE('',#1309,#1342,#1344,.T.);
#1342 = VERTEX_POINT('',#1343);
#1343 = CARTESIAN_POINT('',(-63.725,-7.05,9.5));
#1344 = SURFACE_CURVE('',#1345,(#1349,#1355),.PCURVE_S1.);
#1345 = LINE('',#1346,#1347);
#1346 = CARTESIAN_POINT('',(-31.8625,-7.049999999965,9.5));
#1347 = VECTOR('',#1348,1.);
#1348 = DIRECTION('',(-1.,0.,0.));
#1349 = PCURVE('',#286,#1350);
#1350 = DEFINITIONAL_REPRESENTATION('',(#1351),#1354);
#1351 = B_SPLINE_CURVE_WITH_KNOTS('',1,(#1352,#1353),.UNSPECIFIED.,.F.,
  .F.,(2,2),(17.962500004869,31.8625),.PIECEWISE_BEZIER_KNOTS.);
#1352 = CARTESIAN_POINT('',(-49.82500000486,-7.049999999856));
#1353 = CARTESIAN_POINT('',(-63.725,-7.049999999856));
#1354 = ( GEOMETRIC_REPRESENTATION_CONTEXT(2) 
PARAMETRIC_REPRESENTATION_CONTEXT() REPRESENTATION_CONTEXT('2D SPACE',''
  ) );
#1355 = PCURVE('',#1356,#1361);
#1356 = PLANE('',#1357);
#1357 = AXIS2_PLACEMENT_3D('',#1358,#1359,#1360);
#1358 = CARTESIAN_POINT('',(-63.725,-7.049999999965,8.1));
#1359 = DIRECTION('',(0.,1.,0.));
#1360 = DIRECTION('',(1.,0.,0.));
#1361 = DEFINITIONAL_REPRESENTATION('',(#1362),#1365);
#1362 = B_SPLINE_CURVE_WITH_KNOTS('',1,(#1363,#1364),.UNSPECIFIED.,.F.,
  .F.,(2,2),(17.962500004869,31.8625),.PIECEWISE_BEZIER_KNOTS.);
#1363 = CARTESIAN_POINT('',(13.899999995131,-1.4));
#1364 = CARTESIAN_POINT('',(0.,-1.4));
#1365 = ( GEOMETRIC_REPRESENTATION_CONTEXT(2) 
PARAMETRIC_REPRESENTATION_CONTEXT() REPRESENTATION_CONTEXT('2D SPACE',''
  ) );
#1366 = ORIENTED_EDGE('',*,*,#1367,.T.);
#1367 = EDGE_CURVE('',#1342,#1165,#1368,.T.);
#1368 = SURFACE_CURVE('',#1369,(#1374,#1385),.PCURVE_S1.);
#1369 = CIRCLE('',#1370,0.1);
#1370 = AXIS2_PLACEMENT_3D('',#1371,#1372,#1373);
#1371 = CARTESIAN_POINT('',(-63.725,-6.950000000035,9.5));
#1372 = DIRECTION('',(0.,0.,-1.));
#1373 = DIRECTION('',(1.,0.,0.));
#1374 = PCURVE('',#286,#1375);
#1375 = DEFINITIONAL_REPRESENTATION('',(#1376),#1384);
#1376 = ( BOUNDED_CURVE() B_SPLINE_CURVE(2,(#1377,#1378,#1379,#1380,
#1381,#1382,#1383),.UNSPECIFIED.,.T.,.F.) B_SPLINE_CURVE_WITH_KNOTS((1,2
    ,2,2,2,1),(-2.094395102393,0.,2.094395102393,4.188790204786,
6.28318530718,8.377580409573),.UNSPECIFIED.) CURVE() 
GEOMETRIC_REPRESENTATION_ITEM() RATIONAL_B_SPLINE_CURVE((1.,0.5,1.,0.5,
1.,0.5,1.)) REPRESENTATION_ITEM('') );
#1377 = CARTESIAN_POINT('',(-63.625,-6.949999999927));
#1378 = CARTESIAN_POINT('',(-63.625,-7.123205080683));
#1379 = CARTESIAN_POINT('',(-63.775,-7.036602540305));
#1380 = CARTESIAN_POINT('',(-63.925,-6.949999999927));
#1381 = CARTESIAN_POINT('',(-63.775,-6.863397459548));
#1382 = CARTESIAN_POINT('',(-63.625,-6.77679491917));
#1383 = CARTESIAN_POINT('',(-63.625,-6.949999999927));
#1384 = ( GEOMETRIC_REPRESENTATION_CONTEXT(2) 
PARAMETRIC_REPRESENTATION_CONTEXT() REPRESENTATION_CONTEXT('2D SPACE',''
  ) );
#1385 = PCURVE('',#1386,#1391);
#1386 = CYLINDRICAL_SURFACE('',#1387,0.1);
#1387 = AXIS2_PLACEMENT_3D('',#1388,#1389,#1390);
#1388 = CARTESIAN_POINT('',(-63.725,-6.950000000035,8.1));
#1389 = DIRECTION('',(-0.,-0.,-1.));
#1390 = DIRECTION('',(1.,0.,0.));
#1391 = DEFINITIONAL_REPRESENTATION('',(#1392),#1396);
#1392 = LINE('',#1393,#1394);
#1393 = CARTESIAN_POINT('',(-6.28318530718,-1.4));
#1394 = VECTOR('',#1395,1.);
#1395 = DIRECTION('',(1.,-0.));
#1396 = ( GEOMETRIC_REPRESENTATION_CONTEXT(2) 
PARAMETRIC_REPRESENTATION_CONTEXT() REPRESENTATION_CONTEXT('2D SPACE',''
  ) );
#1397 = FACE_BOUND('',#1398,.T.);
#1398 = EDGE_LOOP('',(#1399,#1427,#1460,#1486,#1519,#1545,#1578,#1604));
#1399 = ORIENTED_EDGE('',*,*,#1400,.F.);
#1400 = EDGE_CURVE('',#1401,#1403,#1405,.T.);
#1401 = VERTEX_POINT('',#1402);
#1402 = CARTESIAN_POINT('',(-44.775,6.949999995166,9.5));
#1403 = VERTEX_POINT('',#1404);
#1404 = CARTESIAN_POINT('',(-44.775,-6.950000000035,9.5));
#1405 = SURFACE_CURVE('',#1406,(#1410,#1416),.PCURVE_S1.);
#1406 = LINE('',#1407,#1408);
#1407 = CARTESIAN_POINT('',(-44.775,-3.475000000072,9.5));
#1408 = VECTOR('',#1409,1.);
#1409 = DIRECTION('',(0.,-1.,0.));
#1410 = PCURVE('',#286,#1411);
#1411 = DEFINITIONAL_REPRESENTATION('',(#1412),#1415);
#1412 = B_SPLINE_CURVE_WITH_KNOTS('',1,(#1413,#1414),.UNSPECIFIED.,.F.,
  .F.,(2,2),(-10.42499999523,3.474999999963),.PIECEWISE_BEZIER_KNOTS.);
#1413 = CARTESIAN_POINT('',(-44.775,6.949999995275));
#1414 = CARTESIAN_POINT('',(-44.775,-6.949999999927));
#1415 = ( GEOMETRIC_REPRESENTATION_CONTEXT(2) 
PARAMETRIC_REPRESENTATION_CONTEXT() REPRESENTATION_CONTEXT('2D SPACE',''
  ) );
#1416 = PCURVE('',#1417,#1422);
#1417 = PLANE('',#1418);
#1418 = AXIS2_PLACEMENT_3D('',#1419,#1420,#1421);
#1419 = CARTESIAN_POINT('',(-44.775,-6.950000000035,8.1));
#1420 = DIRECTION('',(-1.,0.,0.));
#1421 = DIRECTION('',(0.,1.,0.));
#1422 = DEFINITIONAL_REPRESENTATION('',(#1423),#1426);
#1423 = B_SPLINE_CURVE_WITH_KNOTS('',1,(#1424,#1425),.UNSPECIFIED.,.F.,
  .F.,(2,2),(-10.42499999523,3.474999999963),.PIECEWISE_BEZIER_KNOTS.);
#1424 = CARTESIAN_POINT('',(13.899999995202,-1.4));
#1425 = CARTESIAN_POINT('',(0.,-1.4));
#1426 = ( GEOMETRIC_REPRESENTATION_CONTEXT(2) 
PARAMETRIC_REPRESENTATION_CONTEXT() REPRESENTATION_CONTEXT('2D SPACE',''
  ) );
#1427 = ORIENTED_EDGE('',*,*,#1428,.T.);
#1428 = EDGE_CURVE('',#1401,#1429,#1431,.T.);
#1429 = VERTEX_POINT('',#1430);
#1430 = CARTESIAN_POINT('',(-44.675,7.049999997601,9.5));
#1431 = SURFACE_CURVE('',#1432,(#1437,#1448),.PCURVE_S1.);
#1432 = CIRCLE('',#1433,0.1);
#1433 = AXIS2_PLACEMENT_3D('',#1434,#1435,#1436);
#1434 = CARTESIAN_POINT('',(-44.675,6.949999995166,9.5));
#1435 = DIRECTION('',(0.,0.,-1.));
#1436 = DIRECTION('',(1.,0.,0.));
#1437 = PCURVE('',#286,#1438);
#1438 = DEFINITIONAL_REPRESENTATION('',(#1439),#1447);
#1439 = ( BOUNDED_CURVE() B_SPLINE_CURVE(2,(#1440,#1441,#1442,#1443,
#1444,#1445,#1446),.UNSPECIFIED.,.T.,.F.) B_SPLINE_CURVE_WITH_KNOTS((1,2
    ,2,2,2,1),(-2.094395102393,0.,2.094395102393,4.188790204786,
6.28318530718,8.377580409573),.UNSPECIFIED.) CURVE() 
GEOMETRIC_REPRESENTATION_ITEM() RATIONAL_B_SPLINE_CURVE((1.,0.5,1.,0.5,
1.,0.5,1.)) REPRESENTATION_ITEM('') );
#1440 = CARTESIAN_POINT('',(-44.575,6.949999995275));
#1441 = CARTESIAN_POINT('',(-44.575,6.776794914518));
#1442 = CARTESIAN_POINT('',(-44.725,6.863397454897));
#1443 = CARTESIAN_POINT('',(-44.875,6.949999995275));
#1444 = CARTESIAN_POINT('',(-44.725,7.036602535653));
#1445 = CARTESIAN_POINT('',(-44.575,7.123205076032));
#1446 = CARTESIAN_POINT('',(-44.575,6.949999995275));
#1447 = ( GEOMETRIC_REPRESENTATION_CONTEXT(2) 
PARAMETRIC_REPRESENTATION_CONTEXT() REPRESENTATION_CONTEXT('2D SPACE',''
  ) );
#1448 = PCURVE('',#1449,#1454);
#1449 = CYLINDRICAL_SURFACE('',#1450,0.1);
#1450 = AXIS2_PLACEMENT_3D('',#1451,#1452,#1453);
#1451 = CARTESIAN_POINT('',(-44.675,6.949999995166,8.1));
#1452 = DIRECTION('',(-0.,-0.,-1.));
#1453 = DIRECTION('',(1.,0.,0.));
#1454 = DEFINITIONAL_REPRESENTATION('',(#1455),#1459);
#1455 = LINE('',#1456,#1457);
#1456 = CARTESIAN_POINT('',(-6.28318530718,-1.4));
#1457 = VECTOR('',#1458,1.);
#1458 = DIRECTION('',(1.,-0.));
#1459 = ( GEOMETRIC_REPRESENTATION_CONTEXT(2) 
PARAMETRIC_REPRESENTATION_CONTEXT() REPRESENTATION_CONTEXT('2D SPACE',''
  ) );
#1460 = ORIENTED_EDGE('',*,*,#1461,.F.);
#1461 = EDGE_CURVE('',#1462,#1429,#1464,.T.);
#1462 = VERTEX_POINT('',#1463);
#1463 = CARTESIAN_POINT('',(-30.775,7.049999997601,9.5));
#1464 = SURFACE_CURVE('',#1465,(#1469,#1475),.PCURVE_S1.);
#1465 = LINE('',#1466,#1467);
#1466 = CARTESIAN_POINT('',(-22.3375,7.050000000035,9.5));
#1467 = VECTOR('',#1468,1.);
#1468 = DIRECTION('',(-1.,0.,0.));
#1469 = PCURVE('',#286,#1470);
#1470 = DEFINITIONAL_REPRESENTATION('',(#1471),#1474);
#1471 = B_SPLINE_CURVE_WITH_KNOTS('',1,(#1472,#1473),.UNSPECIFIED.,.F.,
  .F.,(2,2),(8.4375,22.3375),.PIECEWISE_BEZIER_KNOTS.);
#1472 = CARTESIAN_POINT('',(-30.775,7.050000000144));
#1473 = CARTESIAN_POINT('',(-44.675,7.050000000144));
#1474 = ( GEOMETRIC_REPRESENTATION_CONTEXT(2) 
PARAMETRIC_REPRESENTATION_CONTEXT() REPRESENTATION_CONTEXT('2D SPACE',''
  ) );
#1475 = PCURVE('',#1476,#1481);
#1476 = PLANE('',#1477);
#1477 = AXIS2_PLACEMENT_3D('',#1478,#1479,#1480);
#1478 = CARTESIAN_POINT('',(-44.675,7.050000000035,8.1));
#1479 = DIRECTION('',(0.,1.,0.));
#1480 = DIRECTION('',(1.,0.,0.));
#1481 = DEFINITIONAL_REPRESENTATION('',(#1482),#1485);
#1482 = B_SPLINE_CURVE_WITH_KNOTS('',1,(#1483,#1484),.UNSPECIFIED.,.F.,
  .F.,(2,2),(8.4375,22.3375),.PIECEWISE_BEZIER_KNOTS.);
#1483 = CARTESIAN_POINT('',(13.9,-1.4));
#1484 = CARTESIAN_POINT('',(0.,-1.4));
#1485 = ( GEOMETRIC_REPRESENTATION_CONTEXT(2) 
PARAMETRIC_REPRESENTATION_CONTEXT() REPRESENTATION_CONTEXT('2D SPACE',''
  ) );
#1486 = ORIENTED_EDGE('',*,*,#1487,.T.);
#1487 = EDGE_CURVE('',#1462,#1488,#1490,.T.);
#1488 = VERTEX_POINT('',#1489);
#1489 = CARTESIAN_POINT('',(-30.675,6.949999995166,9.5));
#1490 = SURFACE_CURVE('',#1491,(#1496,#1507),.PCURVE_S1.);
#1491 = CIRCLE('',#1492,0.1);
#1492 = AXIS2_PLACEMENT_3D('',#1493,#1494,#1495);
#1493 = CARTESIAN_POINT('',(-30.775,6.949999995166,9.5));
#1494 = DIRECTION('',(0.,0.,-1.));
#1495 = DIRECTION('',(1.,0.,0.));
#1496 = PCURVE('',#286,#1497);
#1497 = DEFINITIONAL_REPRESENTATION('',(#1498),#1506);
#1498 = ( BOUNDED_CURVE() B_SPLINE_CURVE(2,(#1499,#1500,#1501,#1502,
#1503,#1504,#1505),.UNSPECIFIED.,.T.,.F.) B_SPLINE_CURVE_WITH_KNOTS((1,2
    ,2,2,2,1),(-2.094395102393,0.,2.094395102393,4.188790204786,
6.28318530718,8.377580409573),.UNSPECIFIED.) CURVE() 
GEOMETRIC_REPRESENTATION_ITEM() RATIONAL_B_SPLINE_CURVE((1.,0.5,1.,0.5,
1.,0.5,1.)) REPRESENTATION_ITEM('') );
#1499 = CARTESIAN_POINT('',(-30.675,6.949999995275));
#1500 = CARTESIAN_POINT('',(-30.675,6.776794914518));
#1501 = CARTESIAN_POINT('',(-30.825,6.863397454897));
#1502 = CARTESIAN_POINT('',(-30.975,6.949999995275));
#1503 = CARTESIAN_POINT('',(-30.825,7.036602535653));
#1504 = CARTESIAN_POINT('',(-30.675,7.123205076032));
#1505 = CARTESIAN_POINT('',(-30.675,6.949999995275));
#1506 = ( GEOMETRIC_REPRESENTATION_CONTEXT(2) 
PARAMETRIC_REPRESENTATION_CONTEXT() REPRESENTATION_CONTEXT('2D SPACE',''
  ) );
#1507 = PCURVE('',#1508,#1513);
#1508 = CYLINDRICAL_SURFACE('',#1509,0.1);
#1509 = AXIS2_PLACEMENT_3D('',#1510,#1511,#1512);
#1510 = CARTESIAN_POINT('',(-30.775,6.949999995166,8.1));
#1511 = DIRECTION('',(-0.,-0.,-1.));
#1512 = DIRECTION('',(1.,0.,0.));
#1513 = DEFINITIONAL_REPRESENTATION('',(#1514),#1518);
#1514 = LINE('',#1515,#1516);
#1515 = CARTESIAN_POINT('',(-6.28318530718,-1.4));
#1516 = VECTOR('',#1517,1.);
#1517 = DIRECTION('',(1.,-0.));
#1518 = ( GEOMETRIC_REPRESENTATION_CONTEXT(2) 
PARAMETRIC_REPRESENTATION_CONTEXT() REPRESENTATION_CONTEXT('2D SPACE',''
  ) );
#1519 = ORIENTED_EDGE('',*,*,#1520,.T.);
#1520 = EDGE_CURVE('',#1488,#1521,#1523,.T.);
#1521 = VERTEX_POINT('',#1522);
#1522 = CARTESIAN_POINT('',(-30.67500000243,-6.949999999965,9.5));
#1523 = SURFACE_CURVE('',#1524,(#1528,#1534),.PCURVE_S1.);
#1524 = LINE('',#1525,#1526);
#1525 = CARTESIAN_POINT('',(-30.675,-3.475000000037,9.5));
#1526 = VECTOR('',#1527,1.);
#1527 = DIRECTION('',(0.,-1.,0.));
#1528 = PCURVE('',#286,#1529);
#1529 = DEFINITIONAL_REPRESENTATION('',(#1530),#1533);
#1530 = B_SPLINE_CURVE_WITH_KNOTS('',1,(#1531,#1532),.UNSPECIFIED.,.F.,
  .F.,(2,2),(-10.4249999952,3.474999999928),.PIECEWISE_BEZIER_KNOTS.);
#1531 = CARTESIAN_POINT('',(-30.675,6.949999995275));
#1532 = CARTESIAN_POINT('',(-30.675,-6.949999999856));
#1533 = ( GEOMETRIC_REPRESENTATION_CONTEXT(2) 
PARAMETRIC_REPRESENTATION_CONTEXT() REPRESENTATION_CONTEXT('2D SPACE',''
  ) );
#1534 = PCURVE('',#1535,#1540);
#1535 = PLANE('',#1536);
#1536 = AXIS2_PLACEMENT_3D('',#1537,#1538,#1539);
#1537 = CARTESIAN_POINT('',(-30.675,-6.949999999965,8.1));
#1538 = DIRECTION('',(-1.,0.,0.));
#1539 = DIRECTION('',(0.,1.,0.));
#1540 = DEFINITIONAL_REPRESENTATION('',(#1541),#1544);
#1541 = B_SPLINE_CURVE_WITH_KNOTS('',1,(#1542,#1543),.UNSPECIFIED.,.F.,
  .F.,(2,2),(-10.4249999952,3.474999999928),.PIECEWISE_BEZIER_KNOTS.);
#1542 = CARTESIAN_POINT('',(13.899999995131,-1.4));
#1543 = CARTESIAN_POINT('',(0.,-1.4));
#1544 = ( GEOMETRIC_REPRESENTATION_CONTEXT(2) 
PARAMETRIC_REPRESENTATION_CONTEXT() REPRESENTATION_CONTEXT('2D SPACE',''
  ) );
#1545 = ORIENTED_EDGE('',*,*,#1546,.T.);
#1546 = EDGE_CURVE('',#1521,#1547,#1549,.T.);
#1547 = VERTEX_POINT('',#1548);
#1548 = CARTESIAN_POINT('',(-30.77500000486,-7.049999999965,9.5));
#1549 = SURFACE_CURVE('',#1550,(#1555,#1566),.PCURVE_S1.);
#1550 = CIRCLE('',#1551,0.1);
#1551 = AXIS2_PLACEMENT_3D('',#1552,#1553,#1554);
#1552 = CARTESIAN_POINT('',(-30.77500000486,-6.949999999965,9.5));
#1553 = DIRECTION('',(0.,0.,-1.));
#1554 = DIRECTION('',(1.,0.,0.));
#1555 = PCURVE('',#286,#1556);
#1556 = DEFINITIONAL_REPRESENTATION('',(#1557),#1565);
#1557 = ( BOUNDED_CURVE() B_SPLINE_CURVE(2,(#1558,#1559,#1560,#1561,
#1562,#1563,#1564),.UNSPECIFIED.,.T.,.F.) B_SPLINE_CURVE_WITH_KNOTS((1,2
    ,2,2,2,1),(-2.094395102393,0.,2.094395102393,4.188790204786,
6.28318530718,8.377580409573),.UNSPECIFIED.) CURVE() 
GEOMETRIC_REPRESENTATION_ITEM() RATIONAL_B_SPLINE_CURVE((1.,0.5,1.,0.5,
1.,0.5,1.)) REPRESENTATION_ITEM('') );
#1558 = CARTESIAN_POINT('',(-30.67500000486,-6.949999999856));
#1559 = CARTESIAN_POINT('',(-30.67500000486,-7.123205080613));
#1560 = CARTESIAN_POINT('',(-30.82500000486,-7.036602540234));
#1561 = CARTESIAN_POINT('',(-30.97500000486,-6.949999999856));
#1562 = CARTESIAN_POINT('',(-30.82500000486,-6.863397459477));
#1563 = CARTESIAN_POINT('',(-30.67500000486,-6.776794919099));
#1564 = CARTESIAN_POINT('',(-30.67500000486,-6.949999999856));
#1565 = ( GEOMETRIC_REPRESENTATION_CONTEXT(2) 
PARAMETRIC_REPRESENTATION_CONTEXT() REPRESENTATION_CONTEXT('2D SPACE',''
  ) );
#1566 = PCURVE('',#1567,#1572);
#1567 = CYLINDRICAL_SURFACE('',#1568,0.1);
#1568 = AXIS2_PLACEMENT_3D('',#1569,#1570,#1571);
#1569 = CARTESIAN_POINT('',(-30.77500000486,-6.949999999965,8.1));
#1570 = DIRECTION('',(-0.,-0.,-1.));
#1571 = DIRECTION('',(1.,0.,0.));
#1572 = DEFINITIONAL_REPRESENTATION('',(#1573),#1577);
#1573 = LINE('',#1574,#1575);
#1574 = CARTESIAN_POINT('',(-6.28318530718,-1.4));
#1575 = VECTOR('',#1576,1.);
#1576 = DIRECTION('',(1.,-0.));
#1577 = ( GEOMETRIC_REPRESENTATION_CONTEXT(2) 
PARAMETRIC_REPRESENTATION_CONTEXT() REPRESENTATION_CONTEXT('2D SPACE',''
  ) );
#1578 = ORIENTED_EDGE('',*,*,#1579,.T.);
#1579 = EDGE_CURVE('',#1547,#1580,#1582,.T.);
#1580 = VERTEX_POINT('',#1581);
#1581 = CARTESIAN_POINT('',(-44.675,-7.05,9.5));
#1582 = SURFACE_CURVE('',#1583,(#1587,#1593),.PCURVE_S1.);
#1583 = LINE('',#1584,#1585);
#1584 = CARTESIAN_POINT('',(-22.3375,-7.049999999965,9.5));
#1585 = VECTOR('',#1586,1.);
#1586 = DIRECTION('',(-1.,0.,0.));
#1587 = PCURVE('',#286,#1588);
#1588 = DEFINITIONAL_REPRESENTATION('',(#1589),#1592);
#1589 = B_SPLINE_CURVE_WITH_KNOTS('',1,(#1590,#1591),.UNSPECIFIED.,.F.,
  .F.,(2,2),(8.437500004869,22.3375),.PIECEWISE_BEZIER_KNOTS.);
#1590 = CARTESIAN_POINT('',(-30.77500000486,-7.049999999856));
#1591 = CARTESIAN_POINT('',(-44.675,-7.049999999856));
#1592 = ( GEOMETRIC_REPRESENTATION_CONTEXT(2) 
PARAMETRIC_REPRESENTATION_CONTEXT() REPRESENTATION_CONTEXT('2D SPACE',''
  ) );
#1593 = PCURVE('',#1594,#1599);
#1594 = PLANE('',#1595);
#1595 = AXIS2_PLACEMENT_3D('',#1596,#1597,#1598);
#1596 = CARTESIAN_POINT('',(-44.675,-7.049999999965,8.1));
#1597 = DIRECTION('',(0.,1.,0.));
#1598 = DIRECTION('',(1.,0.,0.));
#1599 = DEFINITIONAL_REPRESENTATION('',(#1600),#1603);
#1600 = B_SPLINE_CURVE_WITH_KNOTS('',1,(#1601,#1602),.UNSPECIFIED.,.F.,
  .F.,(2,2),(8.437500004869,22.3375),.PIECEWISE_BEZIER_KNOTS.);
#1601 = CARTESIAN_POINT('',(13.899999995131,-1.4));
#1602 = CARTESIAN_POINT('',(0.,-1.4));
#1603 = ( GEOMETRIC_REPRESENTATION_CONTEXT(2) 
PARAMETRIC_REPRESENTATION_CONTEXT() REPRESENTATION_CONTEXT('2D SPACE',''
  ) );
#1604 = ORIENTED_EDGE('',*,*,#1605,.T.);
#1605 = EDGE_CURVE('',#1580,#1403,#1606,.T.);
#1606 = SURFACE_CURVE('',#1607,(#1612,#1623),.PCURVE_S1.);
#1607 = CIRCLE('',#1608,0.1);
#1608 = AXIS2_PLACEMENT_3D('',#1609,#1610,#1611);
#1609 = CARTESIAN_POINT('',(-44.675,-6.950000000035,9.5));
#1610 = DIRECTION('',(0.,0.,-1.));
#1611 = DIRECTION('',(1.,0.,0.));
#1612 = PCURVE('',#286,#1613);
#1613 = DEFINITIONAL_REPRESENTATION('',(#1614),#1622);
#1614 = ( BOUNDED_CURVE() B_SPLINE_CURVE(2,(#1615,#1616,#1617,#1618,
#1619,#1620,#1621),.UNSPECIFIED.,.T.,.F.) B_SPLINE_CURVE_WITH_KNOTS((1,2
    ,2,2,2,1),(-2.094395102393,0.,2.094395102393,4.188790204786,
6.28318530718,8.377580409573),.UNSPECIFIED.) CURVE() 
GEOMETRIC_REPRESENTATION_ITEM() RATIONAL_B_SPLINE_CURVE((1.,0.5,1.,0.5,
1.,0.5,1.)) REPRESENTATION_ITEM('') );
#1615 = CARTESIAN_POINT('',(-44.575,-6.949999999927));
#1616 = CARTESIAN_POINT('',(-44.575,-7.123205080683));
#1617 = CARTESIAN_POINT('',(-44.725,-7.036602540305));
#1618 = CARTESIAN_POINT('',(-44.875,-6.949999999927));
#1619 = CARTESIAN_POINT('',(-44.725,-6.863397459548));
#1620 = CARTESIAN_POINT('',(-44.575,-6.77679491917));
#1621 = CARTESIAN_POINT('',(-44.575,-6.949999999927));
#1622 = ( GEOMETRIC_REPRESENTATION_CONTEXT(2) 
PARAMETRIC_REPRESENTATION_CONTEXT() REPRESENTATION_CONTEXT('2D SPACE',''
  ) );
#1623 = PCURVE('',#1624,#1629);
#1624 = CYLINDRICAL_SURFACE('',#1625,0.1);
#1625 = AXIS2_PLACEMENT_3D('',#1626,#1627,#1628);
#1626 = CARTESIAN_POINT('',(-44.675,-6.950000000035,8.1));
#1627 = DIRECTION('',(-0.,-0.,-1.));
#1628 = DIRECTION('',(1.,0.,0.));
#1629 = DEFINITIONAL_REPRESENTATION('',(#1630),#1634);
#1630 = LINE('',#1631,#1632);
#1631 = CARTESIAN_POINT('',(-6.28318530718,-1.4));
#1632 = VECTOR('',#1633,1.);
#1633 = DIRECTION('',(1.,-0.));
#1634 = ( GEOMETRIC_REPRESENTATION_CONTEXT(2) 
PARAMETRIC_REPRESENTATION_CONTEXT() REPRESENTATION_CONTEXT('2D SPACE',''
  ) );
#1635 = FACE_BOUND('',#1636,.T.);
#1636 = EDGE_LOOP('',(#1637,#1665,#1698,#1724,#1757,#1783,#1816,#1842));
#1637 = ORIENTED_EDGE('',*,*,#1638,.F.);
#1638 = EDGE_CURVE('',#1639,#1641,#1643,.T.);
#1639 = VERTEX_POINT('',#1640);
#1640 = CARTESIAN_POINT('',(-25.725,6.949999995166,9.5));
#1641 = VERTEX_POINT('',#1642);
#1642 = CARTESIAN_POINT('',(-25.725,-6.950000000035,9.5));
#1643 = SURFACE_CURVE('',#1644,(#1648,#1654),.PCURVE_S1.);
#1644 = LINE('',#1645,#1646);
#1645 = CARTESIAN_POINT('',(-25.725,-3.475000000072,9.5));
#1646 = VECTOR('',#1647,1.);
#1647 = DIRECTION('',(0.,-1.,0.));
#1648 = PCURVE('',#286,#1649);
#1649 = DEFINITIONAL_REPRESENTATION('',(#1650),#1653);
#1650 = B_SPLINE_CURVE_WITH_KNOTS('',1,(#1651,#1652),.UNSPECIFIED.,.F.,
  .F.,(2,2),(-10.42499999523,3.474999999963),.PIECEWISE_BEZIER_KNOTS.);
#1651 = CARTESIAN_POINT('',(-25.725,6.949999995275));
#1652 = CARTESIAN_POINT('',(-25.725,-6.949999999927));
#1653 = ( GEOMETRIC_REPRESENTATION_CONTEXT(2) 
PARAMETRIC_REPRESENTATION_CONTEXT() REPRESENTATION_CONTEXT('2D SPACE',''
  ) );
#1654 = PCURVE('',#1655,#1660);
#1655 = PLANE('',#1656);
#1656 = AXIS2_PLACEMENT_3D('',#1657,#1658,#1659);
#1657 = CARTESIAN_POINT('',(-25.725,-6.950000000035,8.1));
#1658 = DIRECTION('',(-1.,0.,0.));
#1659 = DIRECTION('',(0.,1.,0.));
#1660 = DEFINITIONAL_REPRESENTATION('',(#1661),#1664);
#1661 = B_SPLINE_CURVE_WITH_KNOTS('',1,(#1662,#1663),.UNSPECIFIED.,.F.,
  .F.,(2,2),(-10.42499999523,3.474999999963),.PIECEWISE_BEZIER_KNOTS.);
#1662 = CARTESIAN_POINT('',(13.899999995202,-1.4));
#1663 = CARTESIAN_POINT('',(0.,-1.4));
#1664 = ( GEOMETRIC_REPRESENTATION_CONTEXT(2) 
PARAMETRIC_REPRESENTATION_CONTEXT() REPRESENTATION_CONTEXT('2D SPACE',''
  ) );
#1665 = ORIENTED_EDGE('',*,*,#1666,.T.);
#1666 = EDGE_CURVE('',#1639,#1667,#1669,.T.);
#1667 = VERTEX_POINT('',#1668);
#1668 = CARTESIAN_POINT('',(-25.625,7.049999997601,9.5));
#1669 = SURFACE_CURVE('',#1670,(#1675,#1686),.PCURVE_S1.);
#1670 = CIRCLE('',#1671,0.1);
#1671 = AXIS2_PLACEMENT_3D('',#1672,#1673,#1674);
#1672 = CARTESIAN_POINT('',(-25.625,6.949999995166,9.5));
#1673 = DIRECTION('',(0.,0.,-1.));
#1674 = DIRECTION('',(1.,0.,0.));
#1675 = PCURVE('',#286,#1676);
#1676 = DEFINITIONAL_REPRESENTATION('',(#1677),#1685);
#1677 = ( BOUNDED_CURVE() B_SPLINE_CURVE(2,(#1678,#1679,#1680,#1681,
#1682,#1683,#1684),.UNSPECIFIED.,.T.,.F.) B_SPLINE_CURVE_WITH_KNOTS((1,2
    ,2,2,2,1),(-2.094395102393,0.,2.094395102393,4.188790204786,
6.28318530718,8.377580409573),.UNSPECIFIED.) CURVE() 
GEOMETRIC_REPRESENTATION_ITEM() RATIONAL_B_SPLINE_CURVE((1.,0.5,1.,0.5,
1.,0.5,1.)) REPRESENTATION_ITEM('') );
#1678 = CARTESIAN_POINT('',(-25.525,6.949999995275));
#1679 = CARTESIAN_POINT('',(-25.525,6.776794914518));
#1680 = CARTESIAN_POINT('',(-25.675,6.863397454897));
#1681 = CARTESIAN_POINT('',(-25.825,6.949999995275));
#1682 = CARTESIAN_POINT('',(-25.675,7.036602535653));
#1683 = CARTESIAN_POINT('',(-25.525,7.123205076032));
#1684 = CARTESIAN_POINT('',(-25.525,6.949999995275));
#1685 = ( GEOMETRIC_REPRESENTATION_CONTEXT(2) 
PARAMETRIC_REPRESENTATION_CONTEXT() REPRESENTATION_CONTEXT('2D SPACE',''
  ) );
#1686 = PCURVE('',#1687,#1692);
#1687 = CYLINDRICAL_SURFACE('',#1688,0.1);
#1688 = AXIS2_PLACEMENT_3D('',#1689,#1690,#1691);
#1689 = CARTESIAN_POINT('',(-25.625,6.949999995166,8.1));
#1690 = DIRECTION('',(-0.,-0.,-1.));
#1691 = DIRECTION('',(1.,0.,0.));
#1692 = DEFINITIONAL_REPRESENTATION('',(#1693),#1697);
#1693 = LINE('',#1694,#1695);
#1694 = CARTESIAN_POINT('',(-6.28318530718,-1.4));
#1695 = VECTOR('',#1696,1.);
#1696 = DIRECTION('',(1.,-0.));
#1697 = ( GEOMETRIC_REPRESENTATION_CONTEXT(2) 
PARAMETRIC_REPRESENTATION_CONTEXT() REPRESENTATION_CONTEXT('2D SPACE',''
  ) );
#1698 = ORIENTED_EDGE('',*,*,#1699,.F.);
#1699 = EDGE_CURVE('',#1700,#1667,#1702,.T.);
#1700 = VERTEX_POINT('',#1701);
#1701 = CARTESIAN_POINT('',(-11.725,7.049999997601,9.5));
#1702 = SURFACE_CURVE('',#1703,(#1707,#1713),.PCURVE_S1.);
#1703 = LINE('',#1704,#1705);
#1704 = CARTESIAN_POINT('',(-12.8125,7.050000000035,9.5));
#1705 = VECTOR('',#1706,1.);
#1706 = DIRECTION('',(-1.,0.,0.));
#1707 = PCURVE('',#286,#1708);
#1708 = DEFINITIONAL_REPRESENTATION('',(#1709),#1712);
#1709 = B_SPLINE_CURVE_WITH_KNOTS('',1,(#1710,#1711),.UNSPECIFIED.,.F.,
  .F.,(2,2),(-1.0875,12.8125),.PIECEWISE_BEZIER_KNOTS.);
#1710 = CARTESIAN_POINT('',(-11.725,7.050000000144));
#1711 = CARTESIAN_POINT('',(-25.625,7.050000000144));
#1712 = ( GEOMETRIC_REPRESENTATION_CONTEXT(2) 
PARAMETRIC_REPRESENTATION_CONTEXT() REPRESENTATION_CONTEXT('2D SPACE',''
  ) );
#1713 = PCURVE('',#1714,#1719);
#1714 = PLANE('',#1715);
#1715 = AXIS2_PLACEMENT_3D('',#1716,#1717,#1718);
#1716 = CARTESIAN_POINT('',(-25.625,7.050000000035,8.1));
#1717 = DIRECTION('',(0.,1.,0.));
#1718 = DIRECTION('',(1.,0.,0.));
#1719 = DEFINITIONAL_REPRESENTATION('',(#1720),#1723);
#1720 = B_SPLINE_CURVE_WITH_KNOTS('',1,(#1721,#1722),.UNSPECIFIED.,.F.,
  .F.,(2,2),(-1.0875,12.8125),.PIECEWISE_BEZIER_KNOTS.);
#1721 = CARTESIAN_POINT('',(13.9,-1.4));
#1722 = CARTESIAN_POINT('',(0.,-1.4));
#1723 = ( GEOMETRIC_REPRESENTATION_CONTEXT(2) 
PARAMETRIC_REPRESENTATION_CONTEXT() REPRESENTATION_CONTEXT('2D SPACE',''
  ) );
#1724 = ORIENTED_EDGE('',*,*,#1725,.T.);
#1725 = EDGE_CURVE('',#1700,#1726,#1728,.T.);
#1726 = VERTEX_POINT('',#1727);
#1727 = CARTESIAN_POINT('',(-11.625,6.949999995166,9.5));
#1728 = SURFACE_CURVE('',#1729,(#1734,#1745),.PCURVE_S1.);
#1729 = CIRCLE('',#1730,0.1);
#1730 = AXIS2_PLACEMENT_3D('',#1731,#1732,#1733);
#1731 = CARTESIAN_POINT('',(-11.725,6.949999995166,9.5));
#1732 = DIRECTION('',(0.,0.,-1.));
#1733 = DIRECTION('',(1.,0.,0.));
#1734 = PCURVE('',#286,#1735);
#1735 = DEFINITIONAL_REPRESENTATION('',(#1736),#1744);
#1736 = ( BOUNDED_CURVE() B_SPLINE_CURVE(2,(#1737,#1738,#1739,#1740,
#1741,#1742,#1743),.UNSPECIFIED.,.T.,.F.) B_SPLINE_CURVE_WITH_KNOTS((1,2
    ,2,2,2,1),(-2.094395102393,0.,2.094395102393,4.188790204786,
6.28318530718,8.377580409573),.UNSPECIFIED.) CURVE() 
GEOMETRIC_REPRESENTATION_ITEM() RATIONAL_B_SPLINE_CURVE((1.,0.5,1.,0.5,
1.,0.5,1.)) REPRESENTATION_ITEM('') );
#1737 = CARTESIAN_POINT('',(-11.625,6.949999995275));
#1738 = CARTESIAN_POINT('',(-11.625,6.776794914518));
#1739 = CARTESIAN_POINT('',(-11.775,6.863397454897));
#1740 = CARTESIAN_POINT('',(-11.925,6.949999995275));
#1741 = CARTESIAN_POINT('',(-11.775,7.036602535653));
#1742 = CARTESIAN_POINT('',(-11.625,7.123205076032));
#1743 = CARTESIAN_POINT('',(-11.625,6.949999995275));
#1744 = ( GEOMETRIC_REPRESENTATION_CONTEXT(2) 
PARAMETRIC_REPRESENTATION_CONTEXT() REPRESENTATION_CONTEXT('2D SPACE',''
  ) );
#1745 = PCURVE('',#1746,#1751);
#1746 = CYLINDRICAL_SURFACE('',#1747,0.1);
#1747 = AXIS2_PLACEMENT_3D('',#1748,#1749,#1750);
#1748 = CARTESIAN_POINT('',(-11.725,6.949999995166,8.1));
#1749 = DIRECTION('',(-0.,-0.,-1.));
#1750 = DIRECTION('',(1.,0.,0.));
#1751 = DEFINITIONAL_REPRESENTATION('',(#1752),#1756);
#1752 = LINE('',#1753,#1754);
#1753 = CARTESIAN_POINT('',(-6.28318530718,-1.4));
#1754 = VECTOR('',#1755,1.);
#1755 = DIRECTION('',(1.,-0.));
#1756 = ( GEOMETRIC_REPRESENTATION_CONTEXT(2) 
PARAMETRIC_REPRESENTATION_CONTEXT() REPRESENTATION_CONTEXT('2D SPACE',''
  ) );
#1757 = ORIENTED_EDGE('',*,*,#1758,.T.);
#1758 = EDGE_CURVE('',#1726,#1759,#1761,.T.);
#1759 = VERTEX_POINT('',#1760);
#1760 = CARTESIAN_POINT('',(-11.62500000243,-6.949999999965,9.5));
#1761 = SURFACE_CURVE('',#1762,(#1766,#1772),.PCURVE_S1.);
#1762 = LINE('',#1763,#1764);
#1763 = CARTESIAN_POINT('',(-11.625,-3.475000000037,9.5));
#1764 = VECTOR('',#1765,1.);
#1765 = DIRECTION('',(0.,-1.,0.));
#1766 = PCURVE('',#286,#1767);
#1767 = DEFINITIONAL_REPRESENTATION('',(#1768),#1771);
#1768 = B_SPLINE_CURVE_WITH_KNOTS('',1,(#1769,#1770),.UNSPECIFIED.,.F.,
  .F.,(2,2),(-10.4249999952,3.474999999928),.PIECEWISE_BEZIER_KNOTS.);
#1769 = CARTESIAN_POINT('',(-11.625,6.949999995275));
#1770 = CARTESIAN_POINT('',(-11.625,-6.949999999856));
#1771 = ( GEOMETRIC_REPRESENTATION_CONTEXT(2) 
PARAMETRIC_REPRESENTATION_CONTEXT() REPRESENTATION_CONTEXT('2D SPACE',''
  ) );
#1772 = PCURVE('',#1773,#1778);
#1773 = PLANE('',#1774);
#1774 = AXIS2_PLACEMENT_3D('',#1775,#1776,#1777);
#1775 = CARTESIAN_POINT('',(-11.625,-6.949999999965,8.1));
#1776 = DIRECTION('',(-1.,0.,0.));
#1777 = DIRECTION('',(0.,1.,0.));
#1778 = DEFINITIONAL_REPRESENTATION('',(#1779),#1782);
#1779 = B_SPLINE_CURVE_WITH_KNOTS('',1,(#1780,#1781),.UNSPECIFIED.,.F.,
  .F.,(2,2),(-10.4249999952,3.474999999928),.PIECEWISE_BEZIER_KNOTS.);
#1780 = CARTESIAN_POINT('',(13.899999995131,-1.4));
#1781 = CARTESIAN_POINT('',(0.,-1.4));
#1782 = ( GEOMETRIC_REPRESENTATION_CONTEXT(2) 
PARAMETRIC_REPRESENTATION_CONTEXT() REPRESENTATION_CONTEXT('2D SPACE',''
  ) );
#1783 = ORIENTED_EDGE('',*,*,#1784,.T.);
#1784 = EDGE_CURVE('',#1759,#1785,#1787,.T.);
#1785 = VERTEX_POINT('',#1786);
#1786 = CARTESIAN_POINT('',(-11.72500000486,-7.049999999965,9.5));
#1787 = SURFACE_CURVE('',#1788,(#1793,#1804),.PCURVE_S1.);
#1788 = CIRCLE('',#1789,0.1);
#1789 = AXIS2_PLACEMENT_3D('',#1790,#1791,#1792);
#1790 = CARTESIAN_POINT('',(-11.72500000486,-6.949999999965,9.5));
#1791 = DIRECTION('',(0.,0.,-1.));
#1792 = DIRECTION('',(1.,0.,0.));
#1793 = PCURVE('',#286,#1794);
#1794 = DEFINITIONAL_REPRESENTATION('',(#1795),#1803);
#1795 = ( BOUNDED_CURVE() B_SPLINE_CURVE(2,(#1796,#1797,#1798,#1799,
#1800,#1801,#1802),.UNSPECIFIED.,.T.,.F.) B_SPLINE_CURVE_WITH_KNOTS((1,2
    ,2,2,2,1),(-2.094395102393,0.,2.094395102393,4.188790204786,
6.28318530718,8.377580409573),.UNSPECIFIED.) CURVE() 
GEOMETRIC_REPRESENTATION_ITEM() RATIONAL_B_SPLINE_CURVE((1.,0.5,1.,0.5,
1.,0.5,1.)) REPRESENTATION_ITEM('') );
#1796 = CARTESIAN_POINT('',(-11.62500000486,-6.949999999856));
#1797 = CARTESIAN_POINT('',(-11.62500000486,-7.123205080613));
#1798 = CARTESIAN_POINT('',(-11.77500000486,-7.036602540234));
#1799 = CARTESIAN_POINT('',(-11.92500000486,-6.949999999856));
#1800 = CARTESIAN_POINT('',(-11.77500000486,-6.863397459477));
#1801 = CARTESIAN_POINT('',(-11.62500000486,-6.776794919099));
#1802 = CARTESIAN_POINT('',(-11.62500000486,-6.949999999856));
#1803 = ( GEOMETRIC_REPRESENTATION_CONTEXT(2) 
PARAMETRIC_REPRESENTATION_CONTEXT() REPRESENTATION_CONTEXT('2D SPACE',''
  ) );
#1804 = PCURVE('',#1805,#1810);
#1805 = CYLINDRICAL_SURFACE('',#1806,0.1);
#1806 = AXIS2_PLACEMENT_3D('',#1807,#1808,#1809);
#1807 = CARTESIAN_POINT('',(-11.72500000486,-6.949999999965,8.1));
#1808 = DIRECTION('',(-0.,-0.,-1.));
#1809 = DIRECTION('',(1.,0.,0.));
#1810 = DEFINITIONAL_REPRESENTATION('',(#1811),#1815);
#1811 = LINE('',#1812,#1813);
#1812 = CARTESIAN_POINT('',(-6.28318530718,-1.4));
#1813 = VECTOR('',#1814,1.);
#1814 = DIRECTION('',(1.,-0.));
#1815 = ( GEOMETRIC_REPRESENTATION_CONTEXT(2) 
PARAMETRIC_REPRESENTATION_CONTEXT() REPRESENTATION_CONTEXT('2D SPACE',''
  ) );
#1816 = ORIENTED_EDGE('',*,*,#1817,.T.);
#1817 = EDGE_CURVE('',#1785,#1818,#1820,.T.);
#1818 = VERTEX_POINT('',#1819);
#1819 = CARTESIAN_POINT('',(-25.625,-7.05,9.5));
#1820 = SURFACE_CURVE('',#1821,(#1825,#1831),.PCURVE_S1.);
#1821 = LINE('',#1822,#1823);
#1822 = CARTESIAN_POINT('',(-12.8125,-7.049999999965,9.5));
#1823 = VECTOR('',#1824,1.);
#1824 = DIRECTION('',(-1.,0.,0.));
#1825 = PCURVE('',#286,#1826);
#1826 = DEFINITIONAL_REPRESENTATION('',(#1827),#1830);
#1827 = B_SPLINE_CURVE_WITH_KNOTS('',1,(#1828,#1829),.UNSPECIFIED.,.F.,
  .F.,(2,2),(-1.087499995131,12.8125),.PIECEWISE_BEZIER_KNOTS.);
#1828 = CARTESIAN_POINT('',(-11.72500000486,-7.049999999856));
#1829 = CARTESIAN_POINT('',(-25.625,-7.049999999856));
#1830 = ( GEOMETRIC_REPRESENTATION_CONTEXT(2) 
PARAMETRIC_REPRESENTATION_CONTEXT() REPRESENTATION_CONTEXT('2D SPACE',''
  ) );
#1831 = PCURVE('',#1832,#1837);
#1832 = PLANE('',#1833);
#1833 = AXIS2_PLACEMENT_3D('',#1834,#1835,#1836);
#1834 = CARTESIAN_POINT('',(-25.625,-7.049999999965,8.1));
#1835 = DIRECTION('',(0.,1.,0.));
#1836 = DIRECTION('',(1.,0.,0.));
#1837 = DEFINITIONAL_REPRESENTATION('',(#1838),#1841);
#1838 = B_SPLINE_CURVE_WITH_KNOTS('',1,(#1839,#1840),.UNSPECIFIED.,.F.,
  .F.,(2,2),(-1.087499995131,12.8125),.PIECEWISE_BEZIER_KNOTS.);
#1839 = CARTESIAN_POINT('',(13.899999995131,-1.4));
#1840 = CARTESIAN_POINT('',(0.,-1.4));
#1841 = ( GEOMETRIC_REPRESENTATION_CONTEXT(2) 
PARAMETRIC_REPRESENTATION_CONTEXT() REPRESENTATION_CONTEXT('2D SPACE',''
  ) );
#1842 = ORIENTED_EDGE('',*,*,#1843,.T.);
#1843 = EDGE_CURVE('',#1818,#1641,#1844,.T.);
#1844 = SURFACE_CURVE('',#1845,(#1850,#1861),.PCURVE_S1.);
#1845 = CIRCLE('',#1846,0.1);
#1846 = AXIS2_PLACEMENT_3D('',#1847,#1848,#1849);
#1847 = CARTESIAN_POINT('',(-25.625,-6.950000000035,9.5));
#1848 = DIRECTION('',(0.,0.,-1.));
#1849 = DIRECTION('',(1.,0.,0.));
#1850 = PCURVE('',#286,#1851);
#1851 = DEFINITIONAL_REPRESENTATION('',(#1852),#1860);
#1852 = ( BOUNDED_CURVE() B_SPLINE_CURVE(2,(#1853,#1854,#1855,#1856,
#1857,#1858,#1859),.UNSPECIFIED.,.T.,.F.) B_SPLINE_CURVE_WITH_KNOTS((1,2
    ,2,2,2,1),(-2.094395102393,0.,2.094395102393,4.188790204786,
6.28318530718,8.377580409573),.UNSPECIFIED.) CURVE() 
GEOMETRIC_REPRESENTATION_ITEM() RATIONAL_B_SPLINE_CURVE((1.,0.5,1.,0.5,
1.,0.5,1.)) REPRESENTATION_ITEM('') );
#1853 = CARTESIAN_POINT('',(-25.525,-6.949999999927));
#1854 = CARTESIAN_POINT('',(-25.525,-7.123205080683));
#1855 = CARTESIAN_POINT('',(-25.675,-7.036602540305));
#1856 = CARTESIAN_POINT('',(-25.825,-6.949999999927));
#1857 = CARTESIAN_POINT('',(-25.675,-6.863397459548));
#1858 = CARTESIAN_POINT('',(-25.525,-6.77679491917));
#1859 = CARTESIAN_POINT('',(-25.525,-6.949999999927));
#1860 = ( GEOMETRIC_REPRESENTATION_CONTEXT(2) 
PARAMETRIC_REPRESENTATION_CONTEXT() REPRESENTATION_CONTEXT('2D SPACE',''
  ) );
#1861 = PCURVE('',#1862,#1867);
#1862 = CYLINDRICAL_SURFACE('',#1863,0.1);
#1863 = AXIS2_PLACEMENT_3D('',#1864,#1865,#1866);
#1864 = CARTESIAN_POINT('',(-25.625,-6.950000000035,8.1));
#1865 = DIRECTION('',(-0.,-0.,-1.));
#1866 = DIRECTION('',(1.,0.,0.));
#1867 = DEFINITIONAL_REPRESENTATION('',(#1868),#1872);
#1868 = LINE('',#1869,#1870);
#1869 = CARTESIAN_POINT('',(-6.28318530718,-1.4));
#1870 = VECTOR('',#1871,1.);
#1871 = DIRECTION('',(1.,-0.));
#1872 = ( GEOMETRIC_REPRESENTATION_CONTEXT(2) 
PARAMETRIC_REPRESENTATION_CONTEXT() REPRESENTATION_CONTEXT('2D SPACE',''
  ) );
#1873 = FACE_BOUND('',#1874,.T.);
#1874 = EDGE_LOOP('',(#1875,#1903,#1936,#1962,#1995,#2021,#2054,#2080));
#1875 = ORIENTED_EDGE('',*,*,#1876,.F.);
#1876 = EDGE_CURVE('',#1877,#1879,#1881,.T.);
#1877 = VERTEX_POINT('',#1878);
#1878 = CARTESIAN_POINT('',(-6.675,6.949999995166,9.5));
#1879 = VERTEX_POINT('',#1880);
#1880 = CARTESIAN_POINT('',(-6.675,-6.950000000035,9.5));
#1881 = SURFACE_CURVE('',#1882,(#1886,#1892),.PCURVE_S1.);
#1882 = LINE('',#1883,#1884);
#1883 = CARTESIAN_POINT('',(-6.675,-3.475000000072,9.5));
#1884 = VECTOR('',#1885,1.);
#1885 = DIRECTION('',(0.,-1.,0.));
#1886 = PCURVE('',#286,#1887);
#1887 = DEFINITIONAL_REPRESENTATION('',(#1888),#1891);
#1888 = B_SPLINE_CURVE_WITH_KNOTS('',1,(#1889,#1890),.UNSPECIFIED.,.F.,
  .F.,(2,2),(-10.42499999523,3.474999999963),.PIECEWISE_BEZIER_KNOTS.);
#1889 = CARTESIAN_POINT('',(-6.675,6.949999995275));
#1890 = CARTESIAN_POINT('',(-6.675,-6.949999999927));
#1891 = ( GEOMETRIC_REPRESENTATION_CONTEXT(2) 
PARAMETRIC_REPRESENTATION_CONTEXT() REPRESENTATION_CONTEXT('2D SPACE',''
  ) );
#1892 = PCURVE('',#1893,#1898);
#1893 = PLANE('',#1894);
#1894 = AXIS2_PLACEMENT_3D('',#1895,#1896,#1897);
#1895 = CARTESIAN_POINT('',(-6.675,-6.950000000035,8.1));
#1896 = DIRECTION('',(-1.,0.,0.));
#1897 = DIRECTION('',(0.,1.,0.));
#1898 = DEFINITIONAL_REPRESENTATION('',(#1899),#1902);
#1899 = B_SPLINE_CURVE_WITH_KNOTS('',1,(#1900,#1901),.UNSPECIFIED.,.F.,
  .F.,(2,2),(-10.42499999523,3.474999999963),.PIECEWISE_BEZIER_KNOTS.);
#1900 = CARTESIAN_POINT('',(13.899999995202,-1.4));
#1901 = CARTESIAN_POINT('',(0.,-1.4));
#1902 = ( GEOMETRIC_REPRESENTATION_CONTEXT(2) 
PARAMETRIC_REPRESENTATION_CONTEXT() REPRESENTATION_CONTEXT('2D SPACE',''
  ) );
#1903 = ORIENTED_EDGE('',*,*,#1904,.T.);
#1904 = EDGE_CURVE('',#1877,#1905,#1907,.T.);
#1905 = VERTEX_POINT('',#1906);
#1906 = CARTESIAN_POINT('',(-6.575,7.049999997601,9.5));
#1907 = SURFACE_CURVE('',#1908,(#1913,#1924),.PCURVE_S1.);
#1908 = CIRCLE('',#1909,0.1);
#1909 = AXIS2_PLACEMENT_3D('',#1910,#1911,#1912);
#1910 = CARTESIAN_POINT('',(-6.575,6.949999995166,9.5));
#1911 = DIRECTION('',(0.,0.,-1.));
#1912 = DIRECTION('',(1.,0.,0.));
#1913 = PCURVE('',#286,#1914);
#1914 = DEFINITIONAL_REPRESENTATION('',(#1915),#1923);
#1915 = ( BOUNDED_CURVE() B_SPLINE_CURVE(2,(#1916,#1917,#1918,#1919,
#1920,#1921,#1922),.UNSPECIFIED.,.T.,.F.) B_SPLINE_CURVE_WITH_KNOTS((1,2
    ,2,2,2,1),(-2.094395102393,0.,2.094395102393,4.188790204786,
6.28318530718,8.377580409573),.UNSPECIFIED.) CURVE() 
GEOMETRIC_REPRESENTATION_ITEM() RATIONAL_B_SPLINE_CURVE((1.,0.5,1.,0.5,
1.,0.5,1.)) REPRESENTATION_ITEM('') );
#1916 = CARTESIAN_POINT('',(-6.475,6.949999995275));
#1917 = CARTESIAN_POINT('',(-6.475,6.776794914518));
#1918 = CARTESIAN_POINT('',(-6.625,6.863397454897));
#1919 = CARTESIAN_POINT('',(-6.775,6.949999995275));
#1920 = CARTESIAN_POINT('',(-6.625,7.036602535653));
#1921 = CARTESIAN_POINT('',(-6.475,7.123205076032));
#1922 = CARTESIAN_POINT('',(-6.475,6.949999995275));
#1923 = ( GEOMETRIC_REPRESENTATION_CONTEXT(2) 
PARAMETRIC_REPRESENTATION_CONTEXT() REPRESENTATION_CONTEXT('2D SPACE',''
  ) );
#1924 = PCURVE('',#1925,#1930);
#1925 = CYLINDRICAL_SURFACE('',#1926,0.1);
#1926 = AXIS2_PLACEMENT_3D('',#1927,#1928,#1929);
#1927 = CARTESIAN_POINT('',(-6.575,6.949999995166,8.1));
#1928 = DIRECTION('',(-0.,-0.,-1.));
#1929 = DIRECTION('',(1.,0.,0.));
#1930 = DEFINITIONAL_REPRESENTATION('',(#1931),#1935);
#1931 = LINE('',#1932,#1933);
#1932 = CARTESIAN_POINT('',(-6.28318530718,-1.4));
#1933 = VECTOR('',#1934,1.);
#1934 = DIRECTION('',(1.,-0.));
#1935 = ( GEOMETRIC_REPRESENTATION_CONTEXT(2) 
PARAMETRIC_REPRESENTATION_CONTEXT() REPRESENTATION_CONTEXT('2D SPACE',''
  ) );
#1936 = ORIENTED_EDGE('',*,*,#1937,.F.);
#1937 = EDGE_CURVE('',#1938,#1905,#1940,.T.);
#1938 = VERTEX_POINT('',#1939);
#1939 = CARTESIAN_POINT('',(7.325,7.049999997601,9.5));
#1940 = SURFACE_CURVE('',#1941,(#1945,#1951),.PCURVE_S1.);
#1941 = LINE('',#1942,#1943);
#1942 = CARTESIAN_POINT('',(-3.2875,7.050000000035,9.5));
#1943 = VECTOR('',#1944,1.);
#1944 = DIRECTION('',(-1.,0.,0.));
#1945 = PCURVE('',#286,#1946);
#1946 = DEFINITIONAL_REPRESENTATION('',(#1947),#1950);
#1947 = B_SPLINE_CURVE_WITH_KNOTS('',1,(#1948,#1949),.UNSPECIFIED.,.F.,
  .F.,(2,2),(-10.6125,3.2875),.PIECEWISE_BEZIER_KNOTS.);
#1948 = CARTESIAN_POINT('',(7.325,7.050000000144));
#1949 = CARTESIAN_POINT('',(-6.575,7.050000000144));
#1950 = ( GEOMETRIC_REPRESENTATION_CONTEXT(2) 
PARAMETRIC_REPRESENTATION_CONTEXT() REPRESENTATION_CONTEXT('2D SPACE',''
  ) );
#1951 = PCURVE('',#1952,#1957);
#1952 = PLANE('',#1953);
#1953 = AXIS2_PLACEMENT_3D('',#1954,#1955,#1956);
#1954 = CARTESIAN_POINT('',(-6.575,7.050000000035,8.1));
#1955 = DIRECTION('',(0.,1.,0.));
#1956 = DIRECTION('',(1.,0.,0.));
#1957 = DEFINITIONAL_REPRESENTATION('',(#1958),#1961);
#1958 = B_SPLINE_CURVE_WITH_KNOTS('',1,(#1959,#1960),.UNSPECIFIED.,.F.,
  .F.,(2,2),(-10.6125,3.2875),.PIECEWISE_BEZIER_KNOTS.);
#1959 = CARTESIAN_POINT('',(13.9,-1.4));
#1960 = CARTESIAN_POINT('',(0.,-1.4));
#1961 = ( GEOMETRIC_REPRESENTATION_CONTEXT(2) 
PARAMETRIC_REPRESENTATION_CONTEXT() REPRESENTATION_CONTEXT('2D SPACE',''
  ) );
#1962 = ORIENTED_EDGE('',*,*,#1963,.T.);
#1963 = EDGE_CURVE('',#1938,#1964,#1966,.T.);
#1964 = VERTEX_POINT('',#1965);
#1965 = CARTESIAN_POINT('',(7.425,6.949999995166,9.5));
#1966 = SURFACE_CURVE('',#1967,(#1972,#1983),.PCURVE_S1.);
#1967 = CIRCLE('',#1968,0.1);
#1968 = AXIS2_PLACEMENT_3D('',#1969,#1970,#1971);
#1969 = CARTESIAN_POINT('',(7.325,6.949999995166,9.5));
#1970 = DIRECTION('',(0.,0.,-1.));
#1971 = DIRECTION('',(1.,0.,0.));
#1972 = PCURVE('',#286,#1973);
#1973 = DEFINITIONAL_REPRESENTATION('',(#1974),#1982);
#1974 = ( BOUNDED_CURVE() B_SPLINE_CURVE(2,(#1975,#1976,#1977,#1978,
#1979,#1980,#1981),.UNSPECIFIED.,.T.,.F.) B_SPLINE_CURVE_WITH_KNOTS((1,2
    ,2,2,2,1),(-2.094395102393,0.,2.094395102393,4.188790204786,
6.28318530718,8.377580409573),.UNSPECIFIED.) CURVE() 
GEOMETRIC_REPRESENTATION_ITEM() RATIONAL_B_SPLINE_CURVE((1.,0.5,1.,0.5,
1.,0.5,1.)) REPRESENTATION_ITEM('') );
#1975 = CARTESIAN_POINT('',(7.425,6.949999995275));
#1976 = CARTESIAN_POINT('',(7.425,6.776794914518));
#1977 = CARTESIAN_POINT('',(7.275,6.863397454897));
#1978 = CARTESIAN_POINT('',(7.125,6.949999995275));
#1979 = CARTESIAN_POINT('',(7.275,7.036602535653));
#1980 = CARTESIAN_POINT('',(7.425,7.123205076032));
#1981 = CARTESIAN_POINT('',(7.425,6.949999995275));
#1982 = ( GEOMETRIC_REPRESENTATION_CONTEXT(2) 
PARAMETRIC_REPRESENTATION_CONTEXT() REPRESENTATION_CONTEXT('2D SPACE',''
  ) );
#1983 = PCURVE('',#1984,#1989);
#1984 = CYLINDRICAL_SURFACE('',#1985,0.1);
#1985 = AXIS2_PLACEMENT_3D('',#1986,#1987,#1988);
#1986 = CARTESIAN_POINT('',(7.325,6.949999995166,8.1));
#1987 = DIRECTION('',(-0.,-0.,-1.));
#1988 = DIRECTION('',(1.,0.,0.));
#1989 = DEFINITIONAL_REPRESENTATION('',(#1990),#1994);
#1990 = LINE('',#1991,#1992);
#1991 = CARTESIAN_POINT('',(-6.28318530718,-1.4));
#1992 = VECTOR('',#1993,1.);
#1993 = DIRECTION('',(1.,-0.));
#1994 = ( GEOMETRIC_REPRESENTATION_CONTEXT(2) 
PARAMETRIC_REPRESENTATION_CONTEXT() REPRESENTATION_CONTEXT('2D SPACE',''
  ) );
#1995 = ORIENTED_EDGE('',*,*,#1996,.T.);
#1996 = EDGE_CURVE('',#1964,#1997,#1999,.T.);
#1997 = VERTEX_POINT('',#1998);
#1998 = CARTESIAN_POINT('',(7.424999997565,-6.949999999965,9.5));
#1999 = SURFACE_CURVE('',#2000,(#2004,#2010),.PCURVE_S1.);
#2000 = LINE('',#2001,#2002);
#2001 = CARTESIAN_POINT('',(7.425,-3.475000000037,9.5));
#2002 = VECTOR('',#2003,1.);
#2003 = DIRECTION('',(0.,-1.,0.));
#2004 = PCURVE('',#286,#2005);
#2005 = DEFINITIONAL_REPRESENTATION('',(#2006),#2009);
#2006 = B_SPLINE_CURVE_WITH_KNOTS('',1,(#2007,#2008),.UNSPECIFIED.,.F.,
  .F.,(2,2),(-10.4249999952,3.474999999928),.PIECEWISE_BEZIER_KNOTS.);
#2007 = CARTESIAN_POINT('',(7.425,6.949999995275));
#2008 = CARTESIAN_POINT('',(7.425,-6.949999999856));
#2009 = ( GEOMETRIC_REPRESENTATION_CONTEXT(2) 
PARAMETRIC_REPRESENTATION_CONTEXT() REPRESENTATION_CONTEXT('2D SPACE',''
  ) );
#2010 = PCURVE('',#2011,#2016);
#2011 = PLANE('',#2012);
#2012 = AXIS2_PLACEMENT_3D('',#2013,#2014,#2015);
#2013 = CARTESIAN_POINT('',(7.425,-6.949999999965,8.1));
#2014 = DIRECTION('',(-1.,0.,0.));
#2015 = DIRECTION('',(0.,1.,0.));
#2016 = DEFINITIONAL_REPRESENTATION('',(#2017),#2020);
#2017 = B_SPLINE_CURVE_WITH_KNOTS('',1,(#2018,#2019),.UNSPECIFIED.,.F.,
  .F.,(2,2),(-10.4249999952,3.474999999928),.PIECEWISE_BEZIER_KNOTS.);
#2018 = CARTESIAN_POINT('',(13.899999995131,-1.4));
#2019 = CARTESIAN_POINT('',(0.,-1.4));
#2020 = ( GEOMETRIC_REPRESENTATION_CONTEXT(2) 
PARAMETRIC_REPRESENTATION_CONTEXT() REPRESENTATION_CONTEXT('2D SPACE',''
  ) );
#2021 = ORIENTED_EDGE('',*,*,#2022,.T.);
#2022 = EDGE_CURVE('',#1997,#2023,#2025,.T.);
#2023 = VERTEX_POINT('',#2024);
#2024 = CARTESIAN_POINT('',(7.324999995131,-7.049999999965,9.5));
#2025 = SURFACE_CURVE('',#2026,(#2031,#2042),.PCURVE_S1.);
#2026 = CIRCLE('',#2027,0.1);
#2027 = AXIS2_PLACEMENT_3D('',#2028,#2029,#2030);
#2028 = CARTESIAN_POINT('',(7.324999995131,-6.949999999965,9.5));
#2029 = DIRECTION('',(0.,0.,-1.));
#2030 = DIRECTION('',(1.,0.,0.));
#2031 = PCURVE('',#286,#2032);
#2032 = DEFINITIONAL_REPRESENTATION('',(#2033),#2041);
#2033 = ( BOUNDED_CURVE() B_SPLINE_CURVE(2,(#2034,#2035,#2036,#2037,
#2038,#2039,#2040),.UNSPECIFIED.,.T.,.F.) B_SPLINE_CURVE_WITH_KNOTS((1,2
    ,2,2,2,1),(-2.094395102393,0.,2.094395102393,4.188790204786,
6.28318530718,8.377580409573),.UNSPECIFIED.) CURVE() 
GEOMETRIC_REPRESENTATION_ITEM() RATIONAL_B_SPLINE_CURVE((1.,0.5,1.,0.5,
1.,0.5,1.)) REPRESENTATION_ITEM('') );
#2034 = CARTESIAN_POINT('',(7.424999995131,-6.949999999856));
#2035 = CARTESIAN_POINT('',(7.424999995131,-7.123205080613));
#2036 = CARTESIAN_POINT('',(7.274999995131,-7.036602540234));
#2037 = CARTESIAN_POINT('',(7.124999995131,-6.949999999856));
#2038 = CARTESIAN_POINT('',(7.274999995131,-6.863397459477));
#2039 = CARTESIAN_POINT('',(7.424999995131,-6.776794919099));
#2040 = CARTESIAN_POINT('',(7.424999995131,-6.949999999856));
#2041 = ( GEOMETRIC_REPRESENTATION_CONTEXT(2) 
PARAMETRIC_REPRESENTATION_CONTEXT() REPRESENTATION_CONTEXT('2D SPACE',''
  ) );
#2042 = PCURVE('',#2043,#2048);
#2043 = CYLINDRICAL_SURFACE('',#2044,0.1);
#2044 = AXIS2_PLACEMENT_3D('',#2045,#2046,#2047);
#2045 = CARTESIAN_POINT('',(7.324999995131,-6.949999999965,8.1));
#2046 = DIRECTION('',(-0.,-0.,-1.));
#2047 = DIRECTION('',(1.,0.,0.));
#2048 = DEFINITIONAL_REPRESENTATION('',(#2049),#2053);
#2049 = LINE('',#2050,#2051);
#2050 = CARTESIAN_POINT('',(-6.28318530718,-1.4));
#2051 = VECTOR('',#2052,1.);
#2052 = DIRECTION('',(1.,-0.));
#2053 = ( GEOMETRIC_REPRESENTATION_CONTEXT(2) 
PARAMETRIC_REPRESENTATION_CONTEXT() REPRESENTATION_CONTEXT('2D SPACE',''
  ) );
#2054 = ORIENTED_EDGE('',*,*,#2055,.T.);
#2055 = EDGE_CURVE('',#2023,#2056,#2058,.T.);
#2056 = VERTEX_POINT('',#2057);
#2057 = CARTESIAN_POINT('',(-6.575,-7.05,9.5));
#2058 = SURFACE_CURVE('',#2059,(#2063,#2069),.PCURVE_S1.);
#2059 = LINE('',#2060,#2061);
#2060 = CARTESIAN_POINT('',(-3.2875,-7.049999999965,9.5));
#2061 = VECTOR('',#2062,1.);
#2062 = DIRECTION('',(-1.,0.,0.));
#2063 = PCURVE('',#286,#2064);
#2064 = DEFINITIONAL_REPRESENTATION('',(#2065),#2068);
#2065 = B_SPLINE_CURVE_WITH_KNOTS('',1,(#2066,#2067),.UNSPECIFIED.,.F.,
  .F.,(2,2),(-10.61249999513,3.2875),.PIECEWISE_BEZIER_KNOTS.);
#2066 = CARTESIAN_POINT('',(7.324999995131,-7.049999999856));
#2067 = CARTESIAN_POINT('',(-6.575,-7.049999999856));
#2068 = ( GEOMETRIC_REPRESENTATION_CONTEXT(2) 
PARAMETRIC_REPRESENTATION_CONTEXT() REPRESENTATION_CONTEXT('2D SPACE',''
  ) );
#2069 = PCURVE('',#2070,#2075);
#2070 = PLANE('',#2071);
#2071 = AXIS2_PLACEMENT_3D('',#2072,#2073,#2074);
#2072 = CARTESIAN_POINT('',(-6.575,-7.049999999965,8.1));
#2073 = DIRECTION('',(0.,1.,0.));
#2074 = DIRECTION('',(1.,0.,0.));
#2075 = DEFINITIONAL_REPRESENTATION('',(#2076),#2079);
#2076 = B_SPLINE_CURVE_WITH_KNOTS('',1,(#2077,#2078),.UNSPECIFIED.,.F.,
  .F.,(2,2),(-10.61249999513,3.2875),.PIECEWISE_BEZIER_KNOTS.);
#2077 = CARTESIAN_POINT('',(13.899999995131,-1.4));
#2078 = CARTESIAN_POINT('',(0.,-1.4));
#2079 = ( GEOMETRIC_REPRESENTATION_CONTEXT(2) 
PARAMETRIC_REPRESENTATION_CONTEXT() REPRESENTATION_CONTEXT('2D SPACE',''
  ) );
#2080 = ORIENTED_EDGE('',*,*,#2081,.T.);
#2081 = EDGE_CURVE('',#2056,#1879,#2082,.T.);
#2082 = SURFACE_CURVE('',#2083,(#2088,#2099),.PCURVE_S1.);
#2083 = CIRCLE('',#2084,0.1);
#2084 = AXIS2_PLACEMENT_3D('',#2085,#2086,#2087);
#2085 = CARTESIAN_POINT('',(-6.575,-6.950000000035,9.5));
#2086 = DIRECTION('',(0.,0.,-1.));
#2087 = DIRECTION('',(1.,0.,0.));
#2088 = PCURVE('',#286,#2089);
#2089 = DEFINITIONAL_REPRESENTATION('',(#2090),#2098);
#2090 = ( BOUNDED_CURVE() B_SPLINE_CURVE(2,(#2091,#2092,#2093,#2094,
#2095,#2096,#2097),.UNSPECIFIED.,.T.,.F.) B_SPLINE_CURVE_WITH_KNOTS((1,2
    ,2,2,2,1),(-2.094395102393,0.,2.094395102393,4.188790204786,
6.28318530718,8.377580409573),.UNSPECIFIED.) CURVE() 
GEOMETRIC_REPRESENTATION_ITEM() RATIONAL_B_SPLINE_CURVE((1.,0.5,1.,0.5,
1.,0.5,1.)) REPRESENTATION_ITEM('') );
#2091 = CARTESIAN_POINT('',(-6.475,-6.949999999927));
#2092 = CARTESIAN_POINT('',(-6.475,-7.123205080683));
#2093 = CARTESIAN_POINT('',(-6.625,-7.036602540305));
#2094 = CARTESIAN_POINT('',(-6.775,-6.949999999927));
#2095 = CARTESIAN_POINT('',(-6.625,-6.863397459548));
#2096 = CARTESIAN_POINT('',(-6.475,-6.77679491917));
#2097 = CARTESIAN_POINT('',(-6.475,-6.949999999927));
#2098 = ( GEOMETRIC_REPRESENTATION_CONTEXT(2) 
PARAMETRIC_REPRESENTATION_CONTEXT() REPRESENTATION_CONTEXT('2D SPACE',''
  ) );
#2099 = PCURVE('',#2100,#2105);
#2100 = CYLINDRICAL_SURFACE('',#2101,0.1);
#2101 = AXIS2_PLACEMENT_3D('',#2102,#2103,#2104);
#2102 = CARTESIAN_POINT('',(-6.575,-6.950000000035,8.1));
#2103 = DIRECTION('',(-0.,-0.,-1.));
#2104 = DIRECTION('',(1.,0.,0.));
#2105 = DEFINITIONAL_REPRESENTATION('',(#2106),#2110);
#2106 = LINE('',#2107,#2108);
#2107 = CARTESIAN_POINT('',(-6.28318530718,-1.4));
#2108 = VECTOR('',#2109,1.);
#2109 = DIRECTION('',(1.,-0.));
#2110 = ( GEOMETRIC_REPRESENTATION_CONTEXT(2) 
PARAMETRIC_REPRESENTATION_CONTEXT() REPRESENTATION_CONTEXT('2D SPACE',''
  ) );
#2111 = FACE_BOUND('',#2112,.T.);
#2112 = EDGE_LOOP('',(#2113,#2141,#2174,#2200,#2233,#2259,#2292,#2318));
#2113 = ORIENTED_EDGE('',*,*,#2114,.F.);
#2114 = EDGE_CURVE('',#2115,#2117,#2119,.T.);
#2115 = VERTEX_POINT('',#2116);
#2116 = CARTESIAN_POINT('',(12.375,6.949999995166,9.5));
#2117 = VERTEX_POINT('',#2118);
#2118 = CARTESIAN_POINT('',(12.375,-6.950000000035,9.5));
#2119 = SURFACE_CURVE('',#2120,(#2124,#2130),.PCURVE_S1.);
#2120 = LINE('',#2121,#2122);
#2121 = CARTESIAN_POINT('',(12.375,-3.475000000072,9.5));
#2122 = VECTOR('',#2123,1.);
#2123 = DIRECTION('',(0.,-1.,0.));
#2124 = PCURVE('',#286,#2125);
#2125 = DEFINITIONAL_REPRESENTATION('',(#2126),#2129);
#2126 = B_SPLINE_CURVE_WITH_KNOTS('',1,(#2127,#2128),.UNSPECIFIED.,.F.,
  .F.,(2,2),(-10.42499999523,3.474999999963),.PIECEWISE_BEZIER_KNOTS.);
#2127 = CARTESIAN_POINT('',(12.375,6.949999995275));
#2128 = CARTESIAN_POINT('',(12.375,-6.949999999927));
#2129 = ( GEOMETRIC_REPRESENTATION_CONTEXT(2) 
PARAMETRIC_REPRESENTATION_CONTEXT() REPRESENTATION_CONTEXT('2D SPACE',''
  ) );
#2130 = PCURVE('',#2131,#2136);
#2131 = PLANE('',#2132);
#2132 = AXIS2_PLACEMENT_3D('',#2133,#2134,#2135);
#2133 = CARTESIAN_POINT('',(12.375,-6.950000000035,8.1));
#2134 = DIRECTION('',(-1.,0.,0.));
#2135 = DIRECTION('',(0.,1.,0.));
#2136 = DEFINITIONAL_REPRESENTATION('',(#2137),#2140);
#2137 = B_SPLINE_CURVE_WITH_KNOTS('',1,(#2138,#2139),.UNSPECIFIED.,.F.,
  .F.,(2,2),(-10.42499999523,3.474999999963),.PIECEWISE_BEZIER_KNOTS.);
#2138 = CARTESIAN_POINT('',(13.899999995202,-1.4));
#2139 = CARTESIAN_POINT('',(0.,-1.4));
#2140 = ( GEOMETRIC_REPRESENTATION_CONTEXT(2) 
PARAMETRIC_REPRESENTATION_CONTEXT() REPRESENTATION_CONTEXT('2D SPACE',''
  ) );
#2141 = ORIENTED_EDGE('',*,*,#2142,.T.);
#2142 = EDGE_CURVE('',#2115,#2143,#2145,.T.);
#2143 = VERTEX_POINT('',#2144);
#2144 = CARTESIAN_POINT('',(12.475,7.049999997601,9.5));
#2145 = SURFACE_CURVE('',#2146,(#2151,#2162),.PCURVE_S1.);
#2146 = CIRCLE('',#2147,0.1);
#2147 = AXIS2_PLACEMENT_3D('',#2148,#2149,#2150);
#2148 = CARTESIAN_POINT('',(12.475,6.949999995166,9.5));
#2149 = DIRECTION('',(0.,0.,-1.));
#2150 = DIRECTION('',(1.,0.,0.));
#2151 = PCURVE('',#286,#2152);
#2152 = DEFINITIONAL_REPRESENTATION('',(#2153),#2161);
#2153 = ( BOUNDED_CURVE() B_SPLINE_CURVE(2,(#2154,#2155,#2156,#2157,
#2158,#2159,#2160),.UNSPECIFIED.,.T.,.F.) B_SPLINE_CURVE_WITH_KNOTS((1,2
    ,2,2,2,1),(-2.094395102393,0.,2.094395102393,4.188790204786,
6.28318530718,8.377580409573),.UNSPECIFIED.) CURVE() 
GEOMETRIC_REPRESENTATION_ITEM() RATIONAL_B_SPLINE_CURVE((1.,0.5,1.,0.5,
1.,0.5,1.)) REPRESENTATION_ITEM('') );
#2154 = CARTESIAN_POINT('',(12.575,6.949999995275));
#2155 = CARTESIAN_POINT('',(12.575,6.776794914518));
#2156 = CARTESIAN_POINT('',(12.425,6.863397454897));
#2157 = CARTESIAN_POINT('',(12.275,6.949999995275));
#2158 = CARTESIAN_POINT('',(12.425,7.036602535653));
#2159 = CARTESIAN_POINT('',(12.575,7.123205076032));
#2160 = CARTESIAN_POINT('',(12.575,6.949999995275));
#2161 = ( GEOMETRIC_REPRESENTATION_CONTEXT(2) 
PARAMETRIC_REPRESENTATION_CONTEXT() REPRESENTATION_CONTEXT('2D SPACE',''
  ) );
#2162 = PCURVE('',#2163,#2168);
#2163 = CYLINDRICAL_SURFACE('',#2164,0.1);
#2164 = AXIS2_PLACEMENT_3D('',#2165,#2166,#2167);
#2165 = CARTESIAN_POINT('',(12.475,6.949999995166,8.1));
#2166 = DIRECTION('',(-0.,-0.,-1.));
#2167 = DIRECTION('',(1.,0.,0.));
#2168 = DEFINITIONAL_REPRESENTATION('',(#2169),#2173);
#2169 = LINE('',#2170,#2171);
#2170 = CARTESIAN_POINT('',(-6.28318530718,-1.4));
#2171 = VECTOR('',#2172,1.);
#2172 = DIRECTION('',(1.,-0.));
#2173 = ( GEOMETRIC_REPRESENTATION_CONTEXT(2) 
PARAMETRIC_REPRESENTATION_CONTEXT() REPRESENTATION_CONTEXT('2D SPACE',''
  ) );
#2174 = ORIENTED_EDGE('',*,*,#2175,.F.);
#2175 = EDGE_CURVE('',#2176,#2143,#2178,.T.);
#2176 = VERTEX_POINT('',#2177);
#2177 = CARTESIAN_POINT('',(26.375,7.049999997601,9.5));
#2178 = SURFACE_CURVE('',#2179,(#2183,#2189),.PCURVE_S1.);
#2179 = LINE('',#2180,#2181);
#2180 = CARTESIAN_POINT('',(6.2375,7.050000000035,9.5));
#2181 = VECTOR('',#2182,1.);
#2182 = DIRECTION('',(-1.,0.,0.));
#2183 = PCURVE('',#286,#2184);
#2184 = DEFINITIONAL_REPRESENTATION('',(#2185),#2188);
#2185 = B_SPLINE_CURVE_WITH_KNOTS('',1,(#2186,#2187),.UNSPECIFIED.,.F.,
  .F.,(2,2),(-20.1375,-6.2375),.PIECEWISE_BEZIER_KNOTS.);
#2186 = CARTESIAN_POINT('',(26.375,7.050000000144));
#2187 = CARTESIAN_POINT('',(12.475,7.050000000144));
#2188 = ( GEOMETRIC_REPRESENTATION_CONTEXT(2) 
PARAMETRIC_REPRESENTATION_CONTEXT() REPRESENTATION_CONTEXT('2D SPACE',''
  ) );
#2189 = PCURVE('',#2190,#2195);
#2190 = PLANE('',#2191);
#2191 = AXIS2_PLACEMENT_3D('',#2192,#2193,#2194);
#2192 = CARTESIAN_POINT('',(12.475,7.050000000035,8.1));
#2193 = DIRECTION('',(0.,1.,0.));
#2194 = DIRECTION('',(1.,0.,0.));
#2195 = DEFINITIONAL_REPRESENTATION('',(#2196),#2199);
#2196 = B_SPLINE_CURVE_WITH_KNOTS('',1,(#2197,#2198),.UNSPECIFIED.,.F.,
  .F.,(2,2),(-20.1375,-6.2375),.PIECEWISE_BEZIER_KNOTS.);
#2197 = CARTESIAN_POINT('',(13.9,-1.4));
#2198 = CARTESIAN_POINT('',(0.,-1.4));
#2199 = ( GEOMETRIC_REPRESENTATION_CONTEXT(2) 
PARAMETRIC_REPRESENTATION_CONTEXT() REPRESENTATION_CONTEXT('2D SPACE',''
  ) );
#2200 = ORIENTED_EDGE('',*,*,#2201,.T.);
#2201 = EDGE_CURVE('',#2176,#2202,#2204,.T.);
#2202 = VERTEX_POINT('',#2203);
#2203 = CARTESIAN_POINT('',(26.475,6.949999995166,9.5));
#2204 = SURFACE_CURVE('',#2205,(#2210,#2221),.PCURVE_S1.);
#2205 = CIRCLE('',#2206,0.1);
#2206 = AXIS2_PLACEMENT_3D('',#2207,#2208,#2209);
#2207 = CARTESIAN_POINT('',(26.375,6.949999995166,9.5));
#2208 = DIRECTION('',(0.,0.,-1.));
#2209 = DIRECTION('',(1.,0.,0.));
#2210 = PCURVE('',#286,#2211);
#2211 = DEFINITIONAL_REPRESENTATION('',(#2212),#2220);
#2212 = ( BOUNDED_CURVE() B_SPLINE_CURVE(2,(#2213,#2214,#2215,#2216,
#2217,#2218,#2219),.UNSPECIFIED.,.T.,.F.) B_SPLINE_CURVE_WITH_KNOTS((1,2
    ,2,2,2,1),(-2.094395102393,0.,2.094395102393,4.188790204786,
6.28318530718,8.377580409573),.UNSPECIFIED.) CURVE() 
GEOMETRIC_REPRESENTATION_ITEM() RATIONAL_B_SPLINE_CURVE((1.,0.5,1.,0.5,
1.,0.5,1.)) REPRESENTATION_ITEM('') );
#2213 = CARTESIAN_POINT('',(26.475,6.949999995275));
#2214 = CARTESIAN_POINT('',(26.475,6.776794914518));
#2215 = CARTESIAN_POINT('',(26.325,6.863397454897));
#2216 = CARTESIAN_POINT('',(26.175,6.949999995275));
#2217 = CARTESIAN_POINT('',(26.325,7.036602535653));
#2218 = CARTESIAN_POINT('',(26.475,7.123205076032));
#2219 = CARTESIAN_POINT('',(26.475,6.949999995275));
#2220 = ( GEOMETRIC_REPRESENTATION_CONTEXT(2) 
PARAMETRIC_REPRESENTATION_CONTEXT() REPRESENTATION_CONTEXT('2D SPACE',''
  ) );
#2221 = PCURVE('',#2222,#2227);
#2222 = CYLINDRICAL_SURFACE('',#2223,0.1);
#2223 = AXIS2_PLACEMENT_3D('',#2224,#2225,#2226);
#2224 = CARTESIAN_POINT('',(26.375,6.949999995166,8.1));
#2225 = DIRECTION('',(-0.,-0.,-1.));
#2226 = DIRECTION('',(1.,0.,0.));
#2227 = DEFINITIONAL_REPRESENTATION('',(#2228),#2232);
#2228 = LINE('',#2229,#2230);
#2229 = CARTESIAN_POINT('',(-6.28318530718,-1.4));
#2230 = VECTOR('',#2231,1.);
#2231 = DIRECTION('',(1.,-0.));
#2232 = ( GEOMETRIC_REPRESENTATION_CONTEXT(2) 
PARAMETRIC_REPRESENTATION_CONTEXT() REPRESENTATION_CONTEXT('2D SPACE',''
  ) );
#2233 = ORIENTED_EDGE('',*,*,#2234,.T.);
#2234 = EDGE_CURVE('',#2202,#2235,#2237,.T.);
#2235 = VERTEX_POINT('',#2236);
#2236 = CARTESIAN_POINT('',(26.474999997565,-6.949999999965,9.5));
#2237 = SURFACE_CURVE('',#2238,(#2242,#2248),.PCURVE_S1.);
#2238 = LINE('',#2239,#2240);
#2239 = CARTESIAN_POINT('',(26.475,-3.475000000037,9.5));
#2240 = VECTOR('',#2241,1.);
#2241 = DIRECTION('',(0.,-1.,0.));
#2242 = PCURVE('',#286,#2243);
#2243 = DEFINITIONAL_REPRESENTATION('',(#2244),#2247);
#2244 = B_SPLINE_CURVE_WITH_KNOTS('',1,(#2245,#2246),.UNSPECIFIED.,.F.,
  .F.,(2,2),(-10.4249999952,3.474999999928),.PIECEWISE_BEZIER_KNOTS.);
#2245 = CARTESIAN_POINT('',(26.475,6.949999995275));
#2246 = CARTESIAN_POINT('',(26.475,-6.949999999856));
#2247 = ( GEOMETRIC_REPRESENTATION_CONTEXT(2) 
PARAMETRIC_REPRESENTATION_CONTEXT() REPRESENTATION_CONTEXT('2D SPACE',''
  ) );
#2248 = PCURVE('',#2249,#2254);
#2249 = PLANE('',#2250);
#2250 = AXIS2_PLACEMENT_3D('',#2251,#2252,#2253);
#2251 = CARTESIAN_POINT('',(26.475,-6.949999999965,8.1));
#2252 = DIRECTION('',(-1.,0.,0.));
#2253 = DIRECTION('',(0.,1.,0.));
#2254 = DEFINITIONAL_REPRESENTATION('',(#2255),#2258);
#2255 = B_SPLINE_CURVE_WITH_KNOTS('',1,(#2256,#2257),.UNSPECIFIED.,.F.,
  .F.,(2,2),(-10.4249999952,3.474999999928),.PIECEWISE_BEZIER_KNOTS.);
#2256 = CARTESIAN_POINT('',(13.899999995131,-1.4));
#2257 = CARTESIAN_POINT('',(0.,-1.4));
#2258 = ( GEOMETRIC_REPRESENTATION_CONTEXT(2) 
PARAMETRIC_REPRESENTATION_CONTEXT() REPRESENTATION_CONTEXT('2D SPACE',''
  ) );
#2259 = ORIENTED_EDGE('',*,*,#2260,.T.);
#2260 = EDGE_CURVE('',#2235,#2261,#2263,.T.);
#2261 = VERTEX_POINT('',#2262);
#2262 = CARTESIAN_POINT('',(26.374999995131,-7.049999999965,9.5));
#2263 = SURFACE_CURVE('',#2264,(#2269,#2280),.PCURVE_S1.);
#2264 = CIRCLE('',#2265,0.1);
#2265 = AXIS2_PLACEMENT_3D('',#2266,#2267,#2268);
#2266 = CARTESIAN_POINT('',(26.374999995131,-6.949999999965,9.5));
#2267 = DIRECTION('',(0.,0.,-1.));
#2268 = DIRECTION('',(1.,0.,0.));
#2269 = PCURVE('',#286,#2270);
#2270 = DEFINITIONAL_REPRESENTATION('',(#2271),#2279);
#2271 = ( BOUNDED_CURVE() B_SPLINE_CURVE(2,(#2272,#2273,#2274,#2275,
#2276,#2277,#2278),.UNSPECIFIED.,.T.,.F.) B_SPLINE_CURVE_WITH_KNOTS((1,2
    ,2,2,2,1),(-2.094395102393,0.,2.094395102393,4.188790204786,
6.28318530718,8.377580409573),.UNSPECIFIED.) CURVE() 
GEOMETRIC_REPRESENTATION_ITEM() RATIONAL_B_SPLINE_CURVE((1.,0.5,1.,0.5,
1.,0.5,1.)) REPRESENTATION_ITEM('') );
#2272 = CARTESIAN_POINT('',(26.474999995131,-6.949999999856));
#2273 = CARTESIAN_POINT('',(26.474999995131,-7.123205080613));
#2274 = CARTESIAN_POINT('',(26.324999995131,-7.036602540234));
#2275 = CARTESIAN_POINT('',(26.174999995131,-6.949999999856));
#2276 = CARTESIAN_POINT('',(26.324999995131,-6.863397459477));
#2277 = CARTESIAN_POINT('',(26.474999995131,-6.776794919099));
#2278 = CARTESIAN_POINT('',(26.474999995131,-6.949999999856));
#2279 = ( GEOMETRIC_REPRESENTATION_CONTEXT(2) 
PARAMETRIC_REPRESENTATION_CONTEXT() REPRESENTATION_CONTEXT('2D SPACE',''
  ) );
#2280 = PCURVE('',#2281,#2286);
#2281 = CYLINDRICAL_SURFACE('',#2282,0.1);
#2282 = AXIS2_PLACEMENT_3D('',#2283,#2284,#2285);
#2283 = CARTESIAN_POINT('',(26.374999995131,-6.949999999965,8.1));
#2284 = DIRECTION('',(-0.,-0.,-1.));
#2285 = DIRECTION('',(1.,0.,0.));
#2286 = DEFINITIONAL_REPRESENTATION('',(#2287),#2291);
#2287 = LINE('',#2288,#2289);
#2288 = CARTESIAN_POINT('',(-6.28318530718,-1.4));
#2289 = VECTOR('',#2290,1.);
#2290 = DIRECTION('',(1.,-0.));
#2291 = ( GEOMETRIC_REPRESENTATION_CONTEXT(2) 
PARAMETRIC_REPRESENTATION_CONTEXT() REPRESENTATION_CONTEXT('2D SPACE',''
  ) );
#2292 = ORIENTED_EDGE('',*,*,#2293,.T.);
#2293 = EDGE_CURVE('',#2261,#2294,#2296,.T.);
#2294 = VERTEX_POINT('',#2295);
#2295 = CARTESIAN_POINT('',(12.475,-7.05,9.5));
#2296 = SURFACE_CURVE('',#2297,(#2301,#2307),.PCURVE_S1.);
#2297 = LINE('',#2298,#2299);
#2298 = CARTESIAN_POINT('',(6.2375,-7.049999999965,9.5));
#2299 = VECTOR('',#2300,1.);
#2300 = DIRECTION('',(-1.,0.,0.));
#2301 = PCURVE('',#286,#2302);
#2302 = DEFINITIONAL_REPRESENTATION('',(#2303),#2306);
#2303 = B_SPLINE_CURVE_WITH_KNOTS('',1,(#2304,#2305),.UNSPECIFIED.,.F.,
  .F.,(2,2),(-20.13749999513,-6.2375),.PIECEWISE_BEZIER_KNOTS.);
#2304 = CARTESIAN_POINT('',(26.374999995131,-7.049999999856));
#2305 = CARTESIAN_POINT('',(12.475,-7.049999999856));
#2306 = ( GEOMETRIC_REPRESENTATION_CONTEXT(2) 
PARAMETRIC_REPRESENTATION_CONTEXT() REPRESENTATION_CONTEXT('2D SPACE',''
  ) );
#2307 = PCURVE('',#2308,#2313);
#2308 = PLANE('',#2309);
#2309 = AXIS2_PLACEMENT_3D('',#2310,#2311,#2312);
#2310 = CARTESIAN_POINT('',(12.475,-7.049999999965,8.1));
#2311 = DIRECTION('',(0.,1.,0.));
#2312 = DIRECTION('',(1.,0.,0.));
#2313 = DEFINITIONAL_REPRESENTATION('',(#2314),#2317);
#2314 = B_SPLINE_CURVE_WITH_KNOTS('',1,(#2315,#2316),.UNSPECIFIED.,.F.,
  .F.,(2,2),(-20.13749999513,-6.2375),.PIECEWISE_BEZIER_KNOTS.);
#2315 = CARTESIAN_POINT('',(13.899999995131,-1.4));
#2316 = CARTESIAN_POINT('',(0.,-1.4));
#2317 = ( GEOMETRIC_REPRESENTATION_CONTEXT(2) 
PARAMETRIC_REPRESENTATION_CONTEXT() REPRESENTATION_CONTEXT('2D SPACE',''
  ) );
#2318 = ORIENTED_EDGE('',*,*,#2319,.T.);
#2319 = EDGE_CURVE('',#2294,#2117,#2320,.T.);
#2320 = SURFACE_CURVE('',#2321,(#2326,#2337),.PCURVE_S1.);
#2321 = CIRCLE('',#2322,0.1);
#2322 = AXIS2_PLACEMENT_3D('',#2323,#2324,#2325);
#2323 = CARTESIAN_POINT('',(12.475,-6.950000000035,9.5));
#2324 = DIRECTION('',(0.,0.,-1.));
#2325 = DIRECTION('',(1.,0.,0.));
#2326 = PCURVE('',#286,#2327);
#2327 = DEFINITIONAL_REPRESENTATION('',(#2328),#2336);
#2328 = ( BOUNDED_CURVE() B_SPLINE_CURVE(2,(#2329,#2330,#2331,#2332,
#2333,#2334,#2335),.UNSPECIFIED.,.T.,.F.) B_SPLINE_CURVE_WITH_KNOTS((1,2
    ,2,2,2,1),(-2.094395102393,0.,2.094395102393,4.188790204786,
6.28318530718,8.377580409573),.UNSPECIFIED.) CURVE() 
GEOMETRIC_REPRESENTATION_ITEM() RATIONAL_B_SPLINE_CURVE((1.,0.5,1.,0.5,
1.,0.5,1.)) REPRESENTATION_ITEM('') );
#2329 = CARTESIAN_POINT('',(12.575,-6.949999999927));
#2330 = CARTESIAN_POINT('',(12.575,-7.123205080683));
#2331 = CARTESIAN_POINT('',(12.425,-7.036602540305));
#2332 = CARTESIAN_POINT('',(12.275,-6.949999999927));
#2333 = CARTESIAN_POINT('',(12.425,-6.863397459548));
#2334 = CARTESIAN_POINT('',(12.575,-6.77679491917));
#2335 = CARTESIAN_POINT('',(12.575,-6.949999999927));
#2336 = ( GEOMETRIC_REPRESENTATION_CONTEXT(2) 
PARAMETRIC_REPRESENTATION_CONTEXT() REPRESENTATION_CONTEXT('2D SPACE',''
  ) );
#2337 = PCURVE('',#2338,#2343);
#2338 = CYLINDRICAL_SURFACE('',#2339,0.1);
#2339 = AXIS2_PLACEMENT_3D('',#2340,#2341,#2342);
#2340 = CARTESIAN_POINT('',(12.475,-6.950000000035,8.1));
#2341 = DIRECTION('',(-0.,-0.,-1.));
#2342 = DIRECTION('',(1.,0.,0.));
#2343 = DEFINITIONAL_REPRESENTATION('',(#2344),#2348);
#2344 = LINE('',#2345,#2346);
#2345 = CARTESIAN_POINT('',(-6.28318530718,-1.4));
#2346 = VECTOR('',#2347,1.);
#2347 = DIRECTION('',(1.,-0.));
#2348 = ( GEOMETRIC_REPRESENTATION_CONTEXT(2) 
PARAMETRIC_REPRESENTATION_CONTEXT() REPRESENTATION_CONTEXT('2D SPACE',''
  ) );
#2349 = FACE_BOUND('',#2350,.T.);
#2350 = EDGE_LOOP('',(#2351,#2379,#2412,#2438,#2471,#2497,#2530,#2556));
#2351 = ORIENTED_EDGE('',*,*,#2352,.F.);
#2352 = EDGE_CURVE('',#2353,#2355,#2357,.T.);
#2353 = VERTEX_POINT('',#2354);
#2354 = CARTESIAN_POINT('',(31.425,6.949999995166,9.5));
#2355 = VERTEX_POINT('',#2356);
#2356 = CARTESIAN_POINT('',(31.425,-6.950000000035,9.5));
#2357 = SURFACE_CURVE('',#2358,(#2362,#2368),.PCURVE_S1.);
#2358 = LINE('',#2359,#2360);
#2359 = CARTESIAN_POINT('',(31.425,-3.475000000072,9.5));
#2360 = VECTOR('',#2361,1.);
#2361 = DIRECTION('',(0.,-1.,0.));
#2362 = PCURVE('',#286,#2363);
#2363 = DEFINITIONAL_REPRESENTATION('',(#2364),#2367);
#2364 = B_SPLINE_CURVE_WITH_KNOTS('',1,(#2365,#2366),.UNSPECIFIED.,.F.,
  .F.,(2,2),(-10.42499999523,3.474999999963),.PIECEWISE_BEZIER_KNOTS.);
#2365 = CARTESIAN_POINT('',(31.425,6.949999995275));
#2366 = CARTESIAN_POINT('',(31.425,-6.949999999927));
#2367 = ( GEOMETRIC_REPRESENTATION_CONTEXT(2) 
PARAMETRIC_REPRESENTATION_CONTEXT() REPRESENTATION_CONTEXT('2D SPACE',''
  ) );
#2368 = PCURVE('',#2369,#2374);
#2369 = PLANE('',#2370);
#2370 = AXIS2_PLACEMENT_3D('',#2371,#2372,#2373);
#2371 = CARTESIAN_POINT('',(31.425,-6.950000000035,8.1));
#2372 = DIRECTION('',(-1.,0.,0.));
#2373 = DIRECTION('',(0.,1.,0.));
#2374 = DEFINITIONAL_REPRESENTATION('',(#2375),#2378);
#2375 = B_SPLINE_CURVE_WITH_KNOTS('',1,(#2376,#2377),.UNSPECIFIED.,.F.,
  .F.,(2,2),(-10.42499999523,3.474999999963),.PIECEWISE_BEZIER_KNOTS.);
#2376 = CARTESIAN_POINT('',(13.899999995202,-1.4));
#2377 = CARTESIAN_POINT('',(0.,-1.4));
#2378 = ( GEOMETRIC_REPRESENTATION_CONTEXT(2) 
PARAMETRIC_REPRESENTATION_CONTEXT() REPRESENTATION_CONTEXT('2D SPACE',''
  ) );
#2379 = ORIENTED_EDGE('',*,*,#2380,.T.);
#2380 = EDGE_CURVE('',#2353,#2381,#2383,.T.);
#2381 = VERTEX_POINT('',#2382);
#2382 = CARTESIAN_POINT('',(31.525,7.049999997601,9.5));
#2383 = SURFACE_CURVE('',#2384,(#2389,#2400),.PCURVE_S1.);
#2384 = CIRCLE('',#2385,0.1);
#2385 = AXIS2_PLACEMENT_3D('',#2386,#2387,#2388);
#2386 = CARTESIAN_POINT('',(31.525,6.949999995166,9.5));
#2387 = DIRECTION('',(0.,0.,-1.));
#2388 = DIRECTION('',(1.,0.,0.));
#2389 = PCURVE('',#286,#2390);
#2390 = DEFINITIONAL_REPRESENTATION('',(#2391),#2399);
#2391 = ( BOUNDED_CURVE() B_SPLINE_CURVE(2,(#2392,#2393,#2394,#2395,
#2396,#2397,#2398),.UNSPECIFIED.,.T.,.F.) B_SPLINE_CURVE_WITH_KNOTS((1,2
    ,2,2,2,1),(-2.094395102393,0.,2.094395102393,4.188790204786,
6.28318530718,8.377580409573),.UNSPECIFIED.) CURVE() 
GEOMETRIC_REPRESENTATION_ITEM() RATIONAL_B_SPLINE_CURVE((1.,0.5,1.,0.5,
1.,0.5,1.)) REPRESENTATION_ITEM('') );
#2392 = CARTESIAN_POINT('',(31.625,6.949999995275));
#2393 = CARTESIAN_POINT('',(31.625,6.776794914518));
#2394 = CARTESIAN_POINT('',(31.475,6.863397454897));
#2395 = CARTESIAN_POINT('',(31.325,6.949999995275));
#2396 = CARTESIAN_POINT('',(31.475,7.036602535653));
#2397 = CARTESIAN_POINT('',(31.625,7.123205076032));
#2398 = CARTESIAN_POINT('',(31.625,6.949999995275));
#2399 = ( GEOMETRIC_REPRESENTATION_CONTEXT(2) 
PARAMETRIC_REPRESENTATION_CONTEXT() REPRESENTATION_CONTEXT('2D SPACE',''
  ) );
#2400 = PCURVE('',#2401,#2406);
#2401 = CYLINDRICAL_SURFACE('',#2402,0.1);
#2402 = AXIS2_PLACEMENT_3D('',#2403,#2404,#2405);
#2403 = CARTESIAN_POINT('',(31.525,6.949999995166,8.1));
#2404 = DIRECTION('',(-0.,-0.,-1.));
#2405 = DIRECTION('',(1.,0.,0.));
#2406 = DEFINITIONAL_REPRESENTATION('',(#2407),#2411);
#2407 = LINE('',#2408,#2409);
#2408 = CARTESIAN_POINT('',(-6.28318530718,-1.4));
#2409 = VECTOR('',#2410,1.);
#2410 = DIRECTION('',(1.,-0.));
#2411 = ( GEOMETRIC_REPRESENTATION_CONTEXT(2) 
PARAMETRIC_REPRESENTATION_CONTEXT() REPRESENTATION_CONTEXT('2D SPACE',''
  ) );
#2412 = ORIENTED_EDGE('',*,*,#2413,.F.);
#2413 = EDGE_CURVE('',#2414,#2381,#2416,.T.);
#2414 = VERTEX_POINT('',#2415);
#2415 = CARTESIAN_POINT('',(45.425,7.049999997601,9.5));
#2416 = SURFACE_CURVE('',#2417,(#2421,#2427),.PCURVE_S1.);
#2417 = LINE('',#2418,#2419);
#2418 = CARTESIAN_POINT('',(15.7625,7.050000000035,9.5));
#2419 = VECTOR('',#2420,1.);
#2420 = DIRECTION('',(-1.,0.,0.));
#2421 = PCURVE('',#286,#2422);
#2422 = DEFINITIONAL_REPRESENTATION('',(#2423),#2426);
#2423 = B_SPLINE_CURVE_WITH_KNOTS('',1,(#2424,#2425),.UNSPECIFIED.,.F.,
  .F.,(2,2),(-29.6625,-15.7625),.PIECEWISE_BEZIER_KNOTS.);
#2424 = CARTESIAN_POINT('',(45.425,7.050000000144));
#2425 = CARTESIAN_POINT('',(31.525,7.050000000144));
#2426 = ( GEOMETRIC_REPRESENTATION_CONTEXT(2) 
PARAMETRIC_REPRESENTATION_CONTEXT() REPRESENTATION_CONTEXT('2D SPACE',''
  ) );
#2427 = PCURVE('',#2428,#2433);
#2428 = PLANE('',#2429);
#2429 = AXIS2_PLACEMENT_3D('',#2430,#2431,#2432);
#2430 = CARTESIAN_POINT('',(31.525,7.050000000035,8.1));
#2431 = DIRECTION('',(0.,1.,0.));
#2432 = DIRECTION('',(1.,0.,0.));
#2433 = DEFINITIONAL_REPRESENTATION('',(#2434),#2437);
#2434 = B_SPLINE_CURVE_WITH_KNOTS('',1,(#2435,#2436),.UNSPECIFIED.,.F.,
  .F.,(2,2),(-29.6625,-15.7625),.PIECEWISE_BEZIER_KNOTS.);
#2435 = CARTESIAN_POINT('',(13.9,-1.4));
#2436 = CARTESIAN_POINT('',(0.,-1.4));
#2437 = ( GEOMETRIC_REPRESENTATION_CONTEXT(2) 
PARAMETRIC_REPRESENTATION_CONTEXT() REPRESENTATION_CONTEXT('2D SPACE',''
  ) );
#2438 = ORIENTED_EDGE('',*,*,#2439,.T.);
#2439 = EDGE_CURVE('',#2414,#2440,#2442,.T.);
#2440 = VERTEX_POINT('',#2441);
#2441 = CARTESIAN_POINT('',(45.525,6.949999995166,9.5));
#2442 = SURFACE_CURVE('',#2443,(#2448,#2459),.PCURVE_S1.);
#2443 = CIRCLE('',#2444,0.1);
#2444 = AXIS2_PLACEMENT_3D('',#2445,#2446,#2447);
#2445 = CARTESIAN_POINT('',(45.425,6.949999995166,9.5));
#2446 = DIRECTION('',(0.,0.,-1.));
#2447 = DIRECTION('',(1.,0.,0.));
#2448 = PCURVE('',#286,#2449);
#2449 = DEFINITIONAL_REPRESENTATION('',(#2450),#2458);
#2450 = ( BOUNDED_CURVE() B_SPLINE_CURVE(2,(#2451,#2452,#2453,#2454,
#2455,#2456,#2457),.UNSPECIFIED.,.T.,.F.) B_SPLINE_CURVE_WITH_KNOTS((1,2
    ,2,2,2,1),(-2.094395102393,0.,2.094395102393,4.188790204786,
6.28318530718,8.377580409573),.UNSPECIFIED.) CURVE() 
GEOMETRIC_REPRESENTATION_ITEM() RATIONAL_B_SPLINE_CURVE((1.,0.5,1.,0.5,
1.,0.5,1.)) REPRESENTATION_ITEM('') );
#2451 = CARTESIAN_POINT('',(45.525,6.949999995275));
#2452 = CARTESIAN_POINT('',(45.525,6.776794914518));
#2453 = CARTESIAN_POINT('',(45.375,6.863397454897));
#2454 = CARTESIAN_POINT('',(45.225,6.949999995275));
#2455 = CARTESIAN_POINT('',(45.375,7.036602535653));
#2456 = CARTESIAN_POINT('',(45.525,7.123205076032));
#2457 = CARTESIAN_POINT('',(45.525,6.949999995275));
#2458 = ( GEOMETRIC_REPRESENTATION_CONTEXT(2) 
PARAMETRIC_REPRESENTATION_CONTEXT() REPRESENTATION_CONTEXT('2D SPACE',''
  ) );
#2459 = PCURVE('',#2460,#2465);
#2460 = CYLINDRICAL_SURFACE('',#2461,0.1);
#2461 = AXIS2_PLACEMENT_3D('',#2462,#2463,#2464);
#2462 = CARTESIAN_POINT('',(45.425,6.949999995166,8.1));
#2463 = DIRECTION('',(-0.,-0.,-1.));
#2464 = DIRECTION('',(1.,0.,0.));
#2465 = DEFINITIONAL_REPRESENTATION('',(#2466),#2470);
#2466 = LINE('',#2467,#2468);
#2467 = CARTESIAN_POINT('',(-6.28318530718,-1.4));
#2468 = VECTOR('',#2469,1.);
#2469 = DIRECTION('',(1.,-0.));
#2470 = ( GEOMETRIC_REPRESENTATION_CONTEXT(2) 
PARAMETRIC_REPRESENTATION_CONTEXT() REPRESENTATION_CONTEXT('2D SPACE',''
  ) );
#2471 = ORIENTED_EDGE('',*,*,#2472,.T.);
#2472 = EDGE_CURVE('',#2440,#2473,#2475,.T.);
#2473 = VERTEX_POINT('',#2474);
#2474 = CARTESIAN_POINT('',(45.524999997565,-6.949999999965,9.5));
#2475 = SURFACE_CURVE('',#2476,(#2480,#2486),.PCURVE_S1.);
#2476 = LINE('',#2477,#2478);
#2477 = CARTESIAN_POINT('',(45.525,-3.475000000037,9.5));
#2478 = VECTOR('',#2479,1.);
#2479 = DIRECTION('',(0.,-1.,0.));
#2480 = PCURVE('',#286,#2481);
#2481 = DEFINITIONAL_REPRESENTATION('',(#2482),#2485);
#2482 = B_SPLINE_CURVE_WITH_KNOTS('',1,(#2483,#2484),.UNSPECIFIED.,.F.,
  .F.,(2,2),(-10.4249999952,3.474999999928),.PIECEWISE_BEZIER_KNOTS.);
#2483 = CARTESIAN_POINT('',(45.525,6.949999995275));
#2484 = CARTESIAN_POINT('',(45.525,-6.949999999856));
#2485 = ( GEOMETRIC_REPRESENTATION_CONTEXT(2) 
PARAMETRIC_REPRESENTATION_CONTEXT() REPRESENTATION_CONTEXT('2D SPACE',''
  ) );
#2486 = PCURVE('',#2487,#2492);
#2487 = PLANE('',#2488);
#2488 = AXIS2_PLACEMENT_3D('',#2489,#2490,#2491);
#2489 = CARTESIAN_POINT('',(45.525,-6.949999999965,8.1));
#2490 = DIRECTION('',(-1.,0.,0.));
#2491 = DIRECTION('',(0.,1.,0.));
#2492 = DEFINITIONAL_REPRESENTATION('',(#2493),#2496);
#2493 = B_SPLINE_CURVE_WITH_KNOTS('',1,(#2494,#2495),.UNSPECIFIED.,.F.,
  .F.,(2,2),(-10.4249999952,3.474999999928),.PIECEWISE_BEZIER_KNOTS.);
#2494 = CARTESIAN_POINT('',(13.899999995131,-1.4));
#2495 = CARTESIAN_POINT('',(0.,-1.4));
#2496 = ( GEOMETRIC_REPRESENTATION_CONTEXT(2) 
PARAMETRIC_REPRESENTATION_CONTEXT() REPRESENTATION_CONTEXT('2D SPACE',''
  ) );
#2497 = ORIENTED_EDGE('',*,*,#2498,.T.);
#2498 = EDGE_CURVE('',#2473,#2499,#2501,.T.);
#2499 = VERTEX_POINT('',#2500);
#2500 = CARTESIAN_POINT('',(45.424999995131,-7.049999999965,9.5));
#2501 = SURFACE_CURVE('',#2502,(#2507,#2518),.PCURVE_S1.);
#2502 = CIRCLE('',#2503,0.1);
#2503 = AXIS2_PLACEMENT_3D('',#2504,#2505,#2506);
#2504 = CARTESIAN_POINT('',(45.424999995131,-6.949999999965,9.5));
#2505 = DIRECTION('',(0.,0.,-1.));
#2506 = DIRECTION('',(1.,0.,0.));
#2507 = PCURVE('',#286,#2508);
#2508 = DEFINITIONAL_REPRESENTATION('',(#2509),#2517);
#2509 = ( BOUNDED_CURVE() B_SPLINE_CURVE(2,(#2510,#2511,#2512,#2513,
#2514,#2515,#2516),.UNSPECIFIED.,.T.,.F.) B_SPLINE_CURVE_WITH_KNOTS((1,2
    ,2,2,2,1),(-2.094395102393,0.,2.094395102393,4.188790204786,
6.28318530718,8.377580409573),.UNSPECIFIED.) CURVE() 
GEOMETRIC_REPRESENTATION_ITEM() RATIONAL_B_SPLINE_CURVE((1.,0.5,1.,0.5,
1.,0.5,1.)) REPRESENTATION_ITEM('') );
#2510 = CARTESIAN_POINT('',(45.524999995131,-6.949999999856));
#2511 = CARTESIAN_POINT('',(45.524999995131,-7.123205080613));
#2512 = CARTESIAN_POINT('',(45.374999995131,-7.036602540234));
#2513 = CARTESIAN_POINT('',(45.224999995131,-6.949999999856));
#2514 = CARTESIAN_POINT('',(45.374999995131,-6.863397459477));
#2515 = CARTESIAN_POINT('',(45.524999995131,-6.776794919099));
#2516 = CARTESIAN_POINT('',(45.524999995131,-6.949999999856));
#2517 = ( GEOMETRIC_REPRESENTATION_CONTEXT(2) 
PARAMETRIC_REPRESENTATION_CONTEXT() REPRESENTATION_CONTEXT('2D SPACE',''
  ) );
#2518 = PCURVE('',#2519,#2524);
#2519 = CYLINDRICAL_SURFACE('',#2520,0.1);
#2520 = AXIS2_PLACEMENT_3D('',#2521,#2522,#2523);
#2521 = CARTESIAN_POINT('',(45.424999995131,-6.949999999965,8.1));
#2522 = DIRECTION('',(-0.,-0.,-1.));
#2523 = DIRECTION('',(1.,0.,0.));
#2524 = DEFINITIONAL_REPRESENTATION('',(#2525),#2529);
#2525 = LINE('',#2526,#2527);
#2526 = CARTESIAN_POINT('',(-6.28318530718,-1.4));
#2527 = VECTOR('',#2528,1.);
#2528 = DIRECTION('',(1.,-0.));
#2529 = ( GEOMETRIC_REPRESENTATION_CONTEXT(2) 
PARAMETRIC_REPRESENTATION_CONTEXT() REPRESENTATION_CONTEXT('2D SPACE',''
  ) );
#2530 = ORIENTED_EDGE('',*,*,#2531,.T.);
#2531 = EDGE_CURVE('',#2499,#2532,#2534,.T.);
#2532 = VERTEX_POINT('',#2533);
#2533 = CARTESIAN_POINT('',(31.525,-7.05,9.5));
#2534 = SURFACE_CURVE('',#2535,(#2539,#2545),.PCURVE_S1.);
#2535 = LINE('',#2536,#2537);
#2536 = CARTESIAN_POINT('',(15.7625,-7.049999999965,9.5));
#2537 = VECTOR('',#2538,1.);
#2538 = DIRECTION('',(-1.,0.,0.));
#2539 = PCURVE('',#286,#2540);
#2540 = DEFINITIONAL_REPRESENTATION('',(#2541),#2544);
#2541 = B_SPLINE_CURVE_WITH_KNOTS('',1,(#2542,#2543),.UNSPECIFIED.,.F.,
  .F.,(2,2),(-29.66249999513,-15.7625),.PIECEWISE_BEZIER_KNOTS.);
#2542 = CARTESIAN_POINT('',(45.424999995131,-7.049999999856));
#2543 = CARTESIAN_POINT('',(31.525,-7.049999999856));
#2544 = ( GEOMETRIC_REPRESENTATION_CONTEXT(2) 
PARAMETRIC_REPRESENTATION_CONTEXT() REPRESENTATION_CONTEXT('2D SPACE',''
  ) );
#2545 = PCURVE('',#2546,#2551);
#2546 = PLANE('',#2547);
#2547 = AXIS2_PLACEMENT_3D('',#2548,#2549,#2550);
#2548 = CARTESIAN_POINT('',(31.525,-7.049999999965,8.1));
#2549 = DIRECTION('',(0.,1.,0.));
#2550 = DIRECTION('',(1.,0.,0.));
#2551 = DEFINITIONAL_REPRESENTATION('',(#2552),#2555);
#2552 = B_SPLINE_CURVE_WITH_KNOTS('',1,(#2553,#2554),.UNSPECIFIED.,.F.,
  .F.,(2,2),(-29.66249999513,-15.7625),.PIECEWISE_BEZIER_KNOTS.);
#2553 = CARTESIAN_POINT('',(13.899999995131,-1.4));
#2554 = CARTESIAN_POINT('',(0.,-1.4));
#2555 = ( GEOMETRIC_REPRESENTATION_CONTEXT(2) 
PARAMETRIC_REPRESENTATION_CONTEXT() REPRESENTATION_CONTEXT('2D SPACE',''
  ) );
#2556 = ORIENTED_EDGE('',*,*,#2557,.T.);
#2557 = EDGE_CURVE('',#2532,#2355,#2558,.T.);
#2558 = SURFACE_CURVE('',#2559,(#2564,#2575),.PCURVE_S1.);
#2559 = CIRCLE('',#2560,0.1);
#2560 = AXIS2_PLACEMENT_3D('',#2561,#2562,#2563);
#2561 = CARTESIAN_POINT('',(31.525,-6.950000000035,9.5));
#2562 = DIRECTION('',(0.,0.,-1.));
#2563 = DIRECTION('',(1.,0.,0.));
#2564 = PCURVE('',#286,#2565);
#2565 = DEFINITIONAL_REPRESENTATION('',(#2566),#2574);
#2566 = ( BOUNDED_CURVE() B_SPLINE_CURVE(2,(#2567,#2568,#2569,#2570,
#2571,#2572,#2573),.UNSPECIFIED.,.T.,.F.) B_SPLINE_CURVE_WITH_KNOTS((1,2
    ,2,2,2,1),(-2.094395102393,0.,2.094395102393,4.188790204786,
6.28318530718,8.377580409573),.UNSPECIFIED.) CURVE() 
GEOMETRIC_REPRESENTATION_ITEM() RATIONAL_B_SPLINE_CURVE((1.,0.5,1.,0.5,
1.,0.5,1.)) REPRESENTATION_ITEM('') );
#2567 = CARTESIAN_POINT('',(31.625,-6.949999999927));
#2568 = CARTESIAN_POINT('',(31.625,-7.123205080683));
#2569 = CARTESIAN_POINT('',(31.475,-7.036602540305));
#2570 = CARTESIAN_POINT('',(31.325,-6.949999999927));
#2571 = CARTESIAN_POINT('',(31.475,-6.863397459548));
#2572 = CARTESIAN_POINT('',(31.625,-6.77679491917));
#2573 = CARTESIAN_POINT('',(31.625,-6.949999999927));
#2574 = ( GEOMETRIC_REPRESENTATION_CONTEXT(2) 
PARAMETRIC_REPRESENTATION_CONTEXT() REPRESENTATION_CONTEXT('2D SPACE',''
  ) );
#2575 = PCURVE('',#2576,#2581);
#2576 = CYLINDRICAL_SURFACE('',#2577,0.1);
#2577 = AXIS2_PLACEMENT_3D('',#2578,#2579,#2580);
#2578 = CARTESIAN_POINT('',(31.525,-6.950000000035,8.1));
#2579 = DIRECTION('',(-0.,-0.,-1.));
#2580 = DIRECTION('',(1.,0.,0.));
#2581 = DEFINITIONAL_REPRESENTATION('',(#2582),#2586);
#2582 = LINE('',#2583,#2584);
#2583 = CARTESIAN_POINT('',(-6.28318530718,-1.4));
#2584 = VECTOR('',#2585,1.);
#2585 = DIRECTION('',(1.,-0.));
#2586 = ( GEOMETRIC_REPRESENTATION_CONTEXT(2) 
PARAMETRIC_REPRESENTATION_CONTEXT() REPRESENTATION_CONTEXT('2D SPACE',''
  ) );
#2587 = ADVANCED_FACE('',(#2588),#769,.T.);
#2588 = FACE_BOUND('',#2589,.F.);
#2589 = EDGE_LOOP('',(#2590,#2613,#2635,#2636));
#2590 = ORIENTED_EDGE('',*,*,#2591,.T.);
#2591 = EDGE_CURVE('',#730,#2592,#2594,.T.);
#2592 = VERTEX_POINT('',#2593);
#2593 = CARTESIAN_POINT('',(75.5,9.994999998705,9.));
#2594 = SURFACE_CURVE('',#2595,(#2599,#2606),.PCURVE_S1.);
#2595 = LINE('',#2596,#2597);
#2596 = CARTESIAN_POINT('',(75.5,9.994999998705,1.2));
#2597 = VECTOR('',#2598,1.);
#2598 = DIRECTION('',(0.,0.,1.));
#2599 = PCURVE('',#769,#2600);
#2600 = DEFINITIONAL_REPRESENTATION('',(#2601),#2605);
#2601 = LINE('',#2602,#2603);
#2602 = CARTESIAN_POINT('',(-0.,1.2));
#2603 = VECTOR('',#2604,1.);
#2604 = DIRECTION('',(-0.,-1.));
#2605 = ( GEOMETRIC_REPRESENTATION_CONTEXT(2) 
PARAMETRIC_REPRESENTATION_CONTEXT() REPRESENTATION_CONTEXT('2D SPACE',''
  ) );
#2606 = PCURVE('',#399,#2607);
#2607 = DEFINITIONAL_REPRESENTATION('',(#2608),#2612);
#2608 = LINE('',#2609,#2610);
#2609 = CARTESIAN_POINT('',(19.989999998705,1.2));
#2610 = VECTOR('',#2611,1.);
#2611 = DIRECTION('',(0.,-1.));
#2612 = ( GEOMETRIC_REPRESENTATION_CONTEXT(2) 
PARAMETRIC_REPRESENTATION_CONTEXT() REPRESENTATION_CONTEXT('2D SPACE',''
  ) );
#2613 = ORIENTED_EDGE('',*,*,#2614,.F.);
#2614 = EDGE_CURVE('',#858,#2592,#2615,.T.);
#2615 = SURFACE_CURVE('',#2616,(#2621,#2628),.PCURVE_S1.);
#2616 = CIRCLE('',#2617,3.);
#2617 = AXIS2_PLACEMENT_3D('',#2618,#2619,#2620);
#2618 = CARTESIAN_POINT('',(72.5,9.994999998705,9.));
#2619 = DIRECTION('',(0.,-0.,-1.));
#2620 = DIRECTION('',(0.,1.,-0.));
#2621 = PCURVE('',#769,#2622);
#2622 = DEFINITIONAL_REPRESENTATION('',(#2623),#2627);
#2623 = LINE('',#2624,#2625);
#2624 = CARTESIAN_POINT('',(-1.570796326795,-6.6));
#2625 = VECTOR('',#2626,1.);
#2626 = DIRECTION('',(1.,-0.));
#2627 = ( GEOMETRIC_REPRESENTATION_CONTEXT(2) 
PARAMETRIC_REPRESENTATION_CONTEXT() REPRESENTATION_CONTEXT('2D SPACE',''
  ) );
#2628 = PCURVE('',#1126,#2629);
#2629 = DEFINITIONAL_REPRESENTATION('',(#2630),#2634);
#2630 = LINE('',#2631,#2632);
#2631 = CARTESIAN_POINT('',(0.,-0.));
#2632 = VECTOR('',#2633,1.);
#2633 = DIRECTION('',(1.,-0.));
#2634 = ( GEOMETRIC_REPRESENTATION_CONTEXT(2) 
PARAMETRIC_REPRESENTATION_CONTEXT() REPRESENTATION_CONTEXT('2D SPACE',''
  ) );
#2635 = ORIENTED_EDGE('',*,*,#885,.T.);
#2636 = ORIENTED_EDGE('',*,*,#752,.F.);
#2637 = ADVANCED_FACE('',(#2638,#2759,#2867),#399,.F.);
#2638 = FACE_BOUND('',#2639,.F.);
#2639 = EDGE_LOOP('',(#2640,#2663,#2684,#2685,#2686,#2710,#2736,#2758));
#2640 = ORIENTED_EDGE('',*,*,#2641,.T.);
#2641 = EDGE_CURVE('',#355,#2642,#2644,.T.);
#2642 = VERTEX_POINT('',#2643);
#2643 = CARTESIAN_POINT('',(75.5,-9.995,9.));
#2644 = SURFACE_CURVE('',#2645,(#2649,#2656),.PCURVE_S1.);
#2645 = LINE('',#2646,#2647);
#2646 = CARTESIAN_POINT('',(75.5,-9.995,1.2));
#2647 = VECTOR('',#2648,1.);
#2648 = DIRECTION('',(0.,0.,1.));
#2649 = PCURVE('',#399,#2650);
#2650 = DEFINITIONAL_REPRESENTATION('',(#2651),#2655);
#2651 = LINE('',#2652,#2653);
#2652 = CARTESIAN_POINT('',(0.,1.2));
#2653 = VECTOR('',#2654,1.);
#2654 = DIRECTION('',(0.,-1.));
#2655 = ( GEOMETRIC_REPRESENTATION_CONTEXT(2) 
PARAMETRIC_REPRESENTATION_CONTEXT() REPRESENTATION_CONTEXT('2D SPACE',''
  ) );
#2656 = PCURVE('',#371,#2657);
#2657 = DEFINITIONAL_REPRESENTATION('',(#2658),#2662);
#2658 = LINE('',#2659,#2660);
#2659 = CARTESIAN_POINT('',(-6.28318530718,1.2));
#2660 = VECTOR('',#2661,1.);
#2661 = DIRECTION('',(-0.,-1.));
#2662 = ( GEOMETRIC_REPRESENTATION_CONTEXT(2) 
PARAMETRIC_REPRESENTATION_CONTEXT() REPRESENTATION_CONTEXT('2D SPACE',''
  ) );
#2663 = ORIENTED_EDGE('',*,*,#2664,.F.);
#2664 = EDGE_CURVE('',#2592,#2642,#2665,.T.);
#2665 = SURFACE_CURVE('',#2666,(#2670,#2677),.PCURVE_S1.);
#2666 = LINE('',#2667,#2668);
#2667 = CARTESIAN_POINT('',(75.5,9.994999998705,9.));
#2668 = VECTOR('',#2669,1.);
#2669 = DIRECTION('',(-0.,-1.,-0.));
#2670 = PCURVE('',#399,#2671);
#2671 = DEFINITIONAL_REPRESENTATION('',(#2672),#2676);
#2672 = LINE('',#2673,#2674);
#2673 = CARTESIAN_POINT('',(19.989999998705,-6.6));
#2674 = VECTOR('',#2675,1.);
#2675 = DIRECTION('',(-1.,0.));
#2676 = ( GEOMETRIC_REPRESENTATION_CONTEXT(2) 
PARAMETRIC_REPRESENTATION_CONTEXT() REPRESENTATION_CONTEXT('2D SPACE',''
  ) );
#2677 = PCURVE('',#1093,#2678);
#2678 = DEFINITIONAL_REPRESENTATION('',(#2679),#2683);
#2679 = LINE('',#2680,#2681);
#2680 = CARTESIAN_POINT('',(0.,-0.353553390593));
#2681 = VECTOR('',#2682,1.);
#2682 = DIRECTION('',(1.,0.));
#2683 = ( GEOMETRIC_REPRESENTATION_CONTEXT(2) 
PARAMETRIC_REPRESENTATION_CONTEXT() REPRESENTATION_CONTEXT('2D SPACE',''
  ) );
#2684 = ORIENTED_EDGE('',*,*,#2591,.F.);
#2685 = ORIENTED_EDGE('',*,*,#729,.F.);
#2686 = ORIENTED_EDGE('',*,*,#2687,.F.);
#2687 = EDGE_CURVE('',#2688,#704,#2690,.T.);
#2688 = VERTEX_POINT('',#2689);
#2689 = CARTESIAN_POINT('',(75.5,2.7,7.62));
#2690 = SURFACE_CURVE('',#2691,(#2696,#2703),.PCURVE_S1.);
#2691 = CIRCLE('',#2692,3.5);
#2692 = AXIS2_PLACEMENT_3D('',#2693,#2694,#2695);
#2693 = CARTESIAN_POINT('',(75.5,2.7,4.12));
#2694 = DIRECTION('',(-1.,0.,-0.));
#2695 = DIRECTION('',(0.,0.,-1.));
#2696 = PCURVE('',#399,#2697);
#2697 = DEFINITIONAL_REPRESENTATION('',(#2698),#2702);
#2698 = CIRCLE('',#2699,3.5);
#2699 = AXIS2_PLACEMENT_2D('',#2700,#2701);
#2700 = CARTESIAN_POINT('',(12.695,-1.72));
#2701 = DIRECTION('',(0.,1.));
#2702 = ( GEOMETRIC_REPRESENTATION_CONTEXT(2) 
PARAMETRIC_REPRESENTATION_CONTEXT() REPRESENTATION_CONTEXT('2D SPACE',''
  ) );
#2703 = PCURVE('',#718,#2704);
#2704 = DEFINITIONAL_REPRESENTATION('',(#2705),#2709);
#2705 = LINE('',#2706,#2707);
#2706 = CARTESIAN_POINT('',(-6.28318530718,-1.281));
#2707 = VECTOR('',#2708,1.);
#2708 = DIRECTION('',(1.,-0.));
#2709 = ( GEOMETRIC_REPRESENTATION_CONTEXT(2) 
PARAMETRIC_REPRESENTATION_CONTEXT() REPRESENTATION_CONTEXT('2D SPACE',''
  ) );
#2710 = ORIENTED_EDGE('',*,*,#2711,.F.);
#2711 = EDGE_CURVE('',#2712,#2688,#2714,.T.);
#2712 = VERTEX_POINT('',#2713);
#2713 = CARTESIAN_POINT('',(75.5,-2.7,7.62));
#2714 = SURFACE_CURVE('',#2715,(#2719,#2725),.PCURVE_S1.);
#2715 = LINE('',#2716,#2717);
#2716 = CARTESIAN_POINT('',(75.5,-6.3475,7.62));
#2717 = VECTOR('',#2718,1.);
#2718 = DIRECTION('',(0.,1.,-0.));
#2719 = PCURVE('',#399,#2720);
#2720 = DEFINITIONAL_REPRESENTATION('',(#2721),#2724);
#2721 = B_SPLINE_CURVE_WITH_KNOTS('',1,(#2722,#2723),.UNSPECIFIED.,.F.,
  .F.,(2,2),(3.6475,9.0475),.PIECEWISE_BEZIER_KNOTS.);
#2722 = CARTESIAN_POINT('',(7.295,-5.22));
#2723 = CARTESIAN_POINT('',(12.695,-5.22));
#2724 = ( GEOMETRIC_REPRESENTATION_CONTEXT(2) 
PARAMETRIC_REPRESENTATION_CONTEXT() REPRESENTATION_CONTEXT('2D SPACE',''
  ) );
#2725 = PCURVE('',#2726,#2731);
#2726 = PLANE('',#2727);
#2727 = AXIS2_PLACEMENT_3D('',#2728,#2729,#2730);
#2728 = CARTESIAN_POINT('',(74.219,-2.7,7.62));
#2729 = DIRECTION('',(0.,0.,1.));
#2730 = DIRECTION('',(0.,1.,0.));
#2731 = DEFINITIONAL_REPRESENTATION('',(#2732),#2735);
#2732 = B_SPLINE_CURVE_WITH_KNOTS('',1,(#2733,#2734),.UNSPECIFIED.,.F.,
  .F.,(2,2),(3.6475,9.0475),.PIECEWISE_BEZIER_KNOTS.);
#2733 = CARTESIAN_POINT('',(0.,-1.281));
#2734 = CARTESIAN_POINT('',(5.4,-1.281));
#2735 = ( GEOMETRIC_REPRESENTATION_CONTEXT(2) 
PARAMETRIC_REPRESENTATION_CONTEXT() REPRESENTATION_CONTEXT('2D SPACE',''
  ) );
#2736 = ORIENTED_EDGE('',*,*,#2737,.F.);
#2737 = EDGE_CURVE('',#384,#2712,#2738,.T.);
#2738 = SURFACE_CURVE('',#2739,(#2744,#2751),.PCURVE_S1.);
#2739 = CIRCLE('',#2740,3.5);
#2740 = AXIS2_PLACEMENT_3D('',#2741,#2742,#2743);
#2741 = CARTESIAN_POINT('',(75.5,-2.7,4.12));
#2742 = DIRECTION('',(-1.,0.,0.));
#2743 = DIRECTION('',(0.,1.,0.));
#2744 = PCURVE('',#399,#2745);
#2745 = DEFINITIONAL_REPRESENTATION('',(#2746),#2750);
#2746 = CIRCLE('',#2747,3.5);
#2747 = AXIS2_PLACEMENT_2D('',#2748,#2749);
#2748 = CARTESIAN_POINT('',(7.295,-1.72));
#2749 = DIRECTION('',(1.,0.));
#2750 = ( GEOMETRIC_REPRESENTATION_CONTEXT(2) 
PARAMETRIC_REPRESENTATION_CONTEXT() REPRESENTATION_CONTEXT('2D SPACE',''
  ) );
#2751 = PCURVE('',#426,#2752);
#2752 = DEFINITIONAL_REPRESENTATION('',(#2753),#2757);
#2753 = LINE('',#2754,#2755);
#2754 = CARTESIAN_POINT('',(-6.28318530718,-1.281));
#2755 = VECTOR('',#2756,1.);
#2756 = DIRECTION('',(1.,-0.));
#2757 = ( GEOMETRIC_REPRESENTATION_CONTEXT(2) 
PARAMETRIC_REPRESENTATION_CONTEXT() REPRESENTATION_CONTEXT('2D SPACE',''
  ) );
#2758 = ORIENTED_EDGE('',*,*,#383,.F.);
#2759 = FACE_BOUND('',#2760,.F.);
#2760 = EDGE_LOOP('',(#2761,#2789,#2816,#2842));
#2761 = ORIENTED_EDGE('',*,*,#2762,.F.);
#2762 = EDGE_CURVE('',#2763,#2765,#2767,.T.);
#2763 = VERTEX_POINT('',#2764);
#2764 = CARTESIAN_POINT('',(75.5,-9.6,4.4));
#2765 = VERTEX_POINT('',#2766);
#2766 = CARTESIAN_POINT('',(75.5,-6.4,4.4));
#2767 = SURFACE_CURVE('',#2768,(#2772,#2778),.PCURVE_S1.);
#2768 = LINE('',#2769,#2770);
#2769 = CARTESIAN_POINT('',(75.5,-9.7975,4.4));
#2770 = VECTOR('',#2771,1.);
#2771 = DIRECTION('',(0.,1.,-0.));
#2772 = PCURVE('',#399,#2773);
#2773 = DEFINITIONAL_REPRESENTATION('',(#2774),#2777);
#2774 = B_SPLINE_CURVE_WITH_KNOTS('',1,(#2775,#2776),.UNSPECIFIED.,.F.,
  .F.,(2,2),(0.1975,3.3975),.PIECEWISE_BEZIER_KNOTS.);
#2775 = CARTESIAN_POINT('',(0.395,-2.));
#2776 = CARTESIAN_POINT('',(3.595,-2.));
#2777 = ( GEOMETRIC_REPRESENTATION_CONTEXT(2) 
PARAMETRIC_REPRESENTATION_CONTEXT() REPRESENTATION_CONTEXT('2D SPACE',''
  ) );
#2778 = PCURVE('',#2779,#2784);
#2779 = PLANE('',#2780);
#2780 = AXIS2_PLACEMENT_3D('',#2781,#2782,#2783);
#2781 = CARTESIAN_POINT('',(74.4,-9.6,4.4));
#2782 = DIRECTION('',(0.,0.,1.));
#2783 = DIRECTION('',(1.,0.,-0.));
#2784 = DEFINITIONAL_REPRESENTATION('',(#2785),#2788);
#2785 = B_SPLINE_CURVE_WITH_KNOTS('',1,(#2786,#2787),.UNSPECIFIED.,.F.,
  .F.,(2,2),(0.1975,3.3975),.PIECEWISE_BEZIER_KNOTS.);
#2786 = CARTESIAN_POINT('',(1.1,0.));
#2787 = CARTESIAN_POINT('',(1.1,3.2));
#2788 = ( GEOMETRIC_REPRESENTATION_CONTEXT(2) 
PARAMETRIC_REPRESENTATION_CONTEXT() REPRESENTATION_CONTEXT('2D SPACE',''
  ) );
#2789 = ORIENTED_EDGE('',*,*,#2790,.T.);
#2790 = EDGE_CURVE('',#2763,#2791,#2793,.T.);
#2791 = VERTEX_POINT('',#2792);
#2792 = CARTESIAN_POINT('',(75.5,-9.6,2.6));
#2793 = SURFACE_CURVE('',#2794,(#2798,#2804),.PCURVE_S1.);
#2794 = LINE('',#2795,#2796);
#2795 = CARTESIAN_POINT('',(75.5,-9.6,2.5));
#2796 = VECTOR('',#2797,1.);
#2797 = DIRECTION('',(0.,0.,-1.));
#2798 = PCURVE('',#399,#2799);
#2799 = DEFINITIONAL_REPRESENTATION('',(#2800),#2803);
#2800 = B_SPLINE_CURVE_WITH_KNOTS('',1,(#2801,#2802),.UNSPECIFIED.,.F.,
  .F.,(2,2),(-1.9,-1.E-01),.PIECEWISE_BEZIER_KNOTS.);
#2801 = CARTESIAN_POINT('',(0.395,-2.));
#2802 = CARTESIAN_POINT('',(0.395,-0.2));
#2803 = ( GEOMETRIC_REPRESENTATION_CONTEXT(2) 
PARAMETRIC_REPRESENTATION_CONTEXT() REPRESENTATION_CONTEXT('2D SPACE',''
  ) );
#2804 = PCURVE('',#2805,#2810);
#2805 = PLANE('',#2806);
#2806 = AXIS2_PLACEMENT_3D('',#2807,#2808,#2809);
#2807 = CARTESIAN_POINT('',(74.4,-9.6,2.6));
#2808 = DIRECTION('',(-0.,1.,0.));
#2809 = DIRECTION('',(0.,0.,1.));
#2810 = DEFINITIONAL_REPRESENTATION('',(#2811),#2815);
#2811 = LINE('',#2812,#2813);
#2812 = CARTESIAN_POINT('',(-1.E-01,1.1));
#2813 = VECTOR('',#2814,1.);
#2814 = DIRECTION('',(-1.,0.));
#2815 = ( GEOMETRIC_REPRESENTATION_CONTEXT(2) 
PARAMETRIC_REPRESENTATION_CONTEXT() REPRESENTATION_CONTEXT('2D SPACE',''
  ) );
#2816 = ORIENTED_EDGE('',*,*,#2817,.T.);
#2817 = EDGE_CURVE('',#2791,#2818,#2820,.T.);
#2818 = VERTEX_POINT('',#2819);
#2819 = CARTESIAN_POINT('',(75.5,-6.4,2.6));
#2820 = SURFACE_CURVE('',#2821,(#2825,#2831),.PCURVE_S1.);
#2821 = LINE('',#2822,#2823);
#2822 = CARTESIAN_POINT('',(75.5,-9.7975,2.6));
#2823 = VECTOR('',#2824,1.);
#2824 = DIRECTION('',(0.,1.,-0.));
#2825 = PCURVE('',#399,#2826);
#2826 = DEFINITIONAL_REPRESENTATION('',(#2827),#2830);
#2827 = B_SPLINE_CURVE_WITH_KNOTS('',1,(#2828,#2829),.UNSPECIFIED.,.F.,
  .F.,(2,2),(0.1975,3.3975),.PIECEWISE_BEZIER_KNOTS.);
#2828 = CARTESIAN_POINT('',(0.395,-0.2));
#2829 = CARTESIAN_POINT('',(3.595,-0.2));
#2830 = ( GEOMETRIC_REPRESENTATION_CONTEXT(2) 
PARAMETRIC_REPRESENTATION_CONTEXT() REPRESENTATION_CONTEXT('2D SPACE',''
  ) );
#2831 = PCURVE('',#2832,#2837);
#2832 = PLANE('',#2833);
#2833 = AXIS2_PLACEMENT_3D('',#2834,#2835,#2836);
#2834 = CARTESIAN_POINT('',(74.4,-9.6,2.6));
#2835 = DIRECTION('',(0.,0.,1.));
#2836 = DIRECTION('',(1.,0.,-0.));
#2837 = DEFINITIONAL_REPRESENTATION('',(#2838),#2841);
#2838 = B_SPLINE_CURVE_WITH_KNOTS('',1,(#2839,#2840),.UNSPECIFIED.,.F.,
  .F.,(2,2),(0.1975,3.3975),.PIECEWISE_BEZIER_KNOTS.);
#2839 = CARTESIAN_POINT('',(1.1,0.));
#2840 = CARTESIAN_POINT('',(1.1,3.2));
#2841 = ( GEOMETRIC_REPRESENTATION_CONTEXT(2) 
PARAMETRIC_REPRESENTATION_CONTEXT() REPRESENTATION_CONTEXT('2D SPACE',''
  ) );
#2842 = ORIENTED_EDGE('',*,*,#2843,.F.);
#2843 = EDGE_CURVE('',#2765,#2818,#2844,.T.);
#2844 = SURFACE_CURVE('',#2845,(#2849,#2855),.PCURVE_S1.);
#2845 = LINE('',#2846,#2847);
#2846 = CARTESIAN_POINT('',(75.5,-6.4,2.5));
#2847 = VECTOR('',#2848,1.);
#2848 = DIRECTION('',(0.,0.,-1.));
#2849 = PCURVE('',#399,#2850);
#2850 = DEFINITIONAL_REPRESENTATION('',(#2851),#2854);
#2851 = B_SPLINE_CURVE_WITH_KNOTS('',1,(#2852,#2853),.UNSPECIFIED.,.F.,
  .F.,(2,2),(-1.9,-1.E-01),.PIECEWISE_BEZIER_KNOTS.);
#2852 = CARTESIAN_POINT('',(3.595,-2.));
#2853 = CARTESIAN_POINT('',(3.595,-0.2));
#2854 = ( GEOMETRIC_REPRESENTATION_CONTEXT(2) 
PARAMETRIC_REPRESENTATION_CONTEXT() REPRESENTATION_CONTEXT('2D SPACE',''
  ) );
#2855 = PCURVE('',#2856,#2861);
#2856 = PLANE('',#2857);
#2857 = AXIS2_PLACEMENT_3D('',#2858,#2859,#2860);
#2858 = CARTESIAN_POINT('',(74.4,-6.4,2.6));
#2859 = DIRECTION('',(-0.,1.,0.));
#2860 = DIRECTION('',(0.,0.,1.));
#2861 = DEFINITIONAL_REPRESENTATION('',(#2862),#2866);
#2862 = LINE('',#2863,#2864);
#2863 = CARTESIAN_POINT('',(-1.E-01,1.1));
#2864 = VECTOR('',#2865,1.);
#2865 = DIRECTION('',(-1.,0.));
#2866 = ( GEOMETRIC_REPRESENTATION_CONTEXT(2) 
PARAMETRIC_REPRESENTATION_CONTEXT() REPRESENTATION_CONTEXT('2D SPACE',''
  ) );
#2867 = FACE_BOUND('',#2868,.F.);
#2868 = EDGE_LOOP('',(#2869,#2897,#2924,#2950));
#2869 = ORIENTED_EDGE('',*,*,#2870,.F.);
#2870 = EDGE_CURVE('',#2871,#2873,#2875,.T.);
#2871 = VERTEX_POINT('',#2872);
#2872 = CARTESIAN_POINT('',(75.5,6.4,4.4));
#2873 = VERTEX_POINT('',#2874);
#2874 = CARTESIAN_POINT('',(75.5,9.6,4.4));
#2875 = SURFACE_CURVE('',#2876,(#2880,#2886),.PCURVE_S1.);
#2876 = LINE('',#2877,#2878);
#2877 = CARTESIAN_POINT('',(75.5,-1.7975,4.4));
#2878 = VECTOR('',#2879,1.);
#2879 = DIRECTION('',(0.,1.,-0.));
#2880 = PCURVE('',#399,#2881);
#2881 = DEFINITIONAL_REPRESENTATION('',(#2882),#2885);
#2882 = B_SPLINE_CURVE_WITH_KNOTS('',1,(#2883,#2884),.UNSPECIFIED.,.F.,
  .F.,(2,2),(8.1975,11.3975),.PIECEWISE_BEZIER_KNOTS.);
#2883 = CARTESIAN_POINT('',(16.395,-2.));
#2884 = CARTESIAN_POINT('',(19.595,-2.));
#2885 = ( GEOMETRIC_REPRESENTATION_CONTEXT(2) 
PARAMETRIC_REPRESENTATION_CONTEXT() REPRESENTATION_CONTEXT('2D SPACE',''
  ) );
#2886 = PCURVE('',#2887,#2892);
#2887 = PLANE('',#2888);
#2888 = AXIS2_PLACEMENT_3D('',#2889,#2890,#2891);
#2889 = CARTESIAN_POINT('',(74.4,6.4,4.4));
#2890 = DIRECTION('',(0.,0.,1.));
#2891 = DIRECTION('',(1.,0.,-0.));
#2892 = DEFINITIONAL_REPRESENTATION('',(#2893),#2896);
#2893 = B_SPLINE_CURVE_WITH_KNOTS('',1,(#2894,#2895),.UNSPECIFIED.,.F.,
  .F.,(2,2),(8.1975,11.3975),.PIECEWISE_BEZIER_KNOTS.);
#2894 = CARTESIAN_POINT('',(1.1,0.));
#2895 = CARTESIAN_POINT('',(1.1,3.2));
#2896 = ( GEOMETRIC_REPRESENTATION_CONTEXT(2) 
PARAMETRIC_REPRESENTATION_CONTEXT() REPRESENTATION_CONTEXT('2D SPACE',''
  ) );
#2897 = ORIENTED_EDGE('',*,*,#2898,.T.);
#2898 = EDGE_CURVE('',#2871,#2899,#2901,.T.);
#2899 = VERTEX_POINT('',#2900);
#2900 = CARTESIAN_POINT('',(75.5,6.4,2.6));
#2901 = SURFACE_CURVE('',#2902,(#2906,#2912),.PCURVE_S1.);
#2902 = LINE('',#2903,#2904);
#2903 = CARTESIAN_POINT('',(75.5,6.4,2.5));
#2904 = VECTOR('',#2905,1.);
#2905 = DIRECTION('',(0.,0.,-1.));
#2906 = PCURVE('',#399,#2907);
#2907 = DEFINITIONAL_REPRESENTATION('',(#2908),#2911);
#2908 = B_SPLINE_CURVE_WITH_KNOTS('',1,(#2909,#2910),.UNSPECIFIED.,.F.,
  .F.,(2,2),(-1.9,-1.E-01),.PIECEWISE_BEZIER_KNOTS.);
#2909 = CARTESIAN_POINT('',(16.395,-2.));
#2910 = CARTESIAN_POINT('',(16.395,-0.2));
#2911 = ( GEOMETRIC_REPRESENTATION_CONTEXT(2) 
PARAMETRIC_REPRESENTATION_CONTEXT() REPRESENTATION_CONTEXT('2D SPACE',''
  ) );
#2912 = PCURVE('',#2913,#2918);
#2913 = PLANE('',#2914);
#2914 = AXIS2_PLACEMENT_3D('',#2915,#2916,#2917);
#2915 = CARTESIAN_POINT('',(74.4,6.4,2.6));
#2916 = DIRECTION('',(-0.,1.,0.));
#2917 = DIRECTION('',(0.,0.,1.));
#2918 = DEFINITIONAL_REPRESENTATION('',(#2919),#2923);
#2919 = LINE('',#2920,#2921);
#2920 = CARTESIAN_POINT('',(-1.E-01,1.1));
#2921 = VECTOR('',#2922,1.);
#2922 = DIRECTION('',(-1.,0.));
#2923 = ( GEOMETRIC_REPRESENTATION_CONTEXT(2) 
PARAMETRIC_REPRESENTATION_CONTEXT() REPRESENTATION_CONTEXT('2D SPACE',''
  ) );
#2924 = ORIENTED_EDGE('',*,*,#2925,.T.);
#2925 = EDGE_CURVE('',#2899,#2926,#2928,.T.);
#2926 = VERTEX_POINT('',#2927);
#2927 = CARTESIAN_POINT('',(75.5,9.6,2.6));
#2928 = SURFACE_CURVE('',#2929,(#2933,#2939),.PCURVE_S1.);
#2929 = LINE('',#2930,#2931);
#2930 = CARTESIAN_POINT('',(75.5,-1.7975,2.6));
#2931 = VECTOR('',#2932,1.);
#2932 = DIRECTION('',(0.,1.,-0.));
#2933 = PCURVE('',#399,#2934);
#2934 = DEFINITIONAL_REPRESENTATION('',(#2935),#2938);
#2935 = B_SPLINE_CURVE_WITH_KNOTS('',1,(#2936,#2937),.UNSPECIFIED.,.F.,
  .F.,(2,2),(8.1975,11.3975),.PIECEWISE_BEZIER_KNOTS.);
#2936 = CARTESIAN_POINT('',(16.395,-0.2));
#2937 = CARTESIAN_POINT('',(19.595,-0.2));
#2938 = ( GEOMETRIC_REPRESENTATION_CONTEXT(2) 
PARAMETRIC_REPRESENTATION_CONTEXT() REPRESENTATION_CONTEXT('2D SPACE',''
  ) );
#2939 = PCURVE('',#2940,#2945);
#2940 = PLANE('',#2941);
#2941 = AXIS2_PLACEMENT_3D('',#2942,#2943,#2944);
#2942 = CARTESIAN_POINT('',(74.4,6.4,2.6));
#2943 = DIRECTION('',(0.,0.,1.));
#2944 = DIRECTION('',(1.,0.,-0.));
#2945 = DEFINITIONAL_REPRESENTATION('',(#2946),#2949);
#2946 = B_SPLINE_CURVE_WITH_KNOTS('',1,(#2947,#2948),.UNSPECIFIED.,.F.,
  .F.,(2,2),(8.1975,11.3975),.PIECEWISE_BEZIER_KNOTS.);
#2947 = CARTESIAN_POINT('',(1.1,0.));
#2948 = CARTESIAN_POINT('',(1.1,3.2));
#2949 = ( GEOMETRIC_REPRESENTATION_CONTEXT(2) 
PARAMETRIC_REPRESENTATION_CONTEXT() REPRESENTATION_CONTEXT('2D SPACE',''
  ) );
#2950 = ORIENTED_EDGE('',*,*,#2951,.F.);
#2951 = EDGE_CURVE('',#2873,#2926,#2952,.T.);
#2952 = SURFACE_CURVE('',#2953,(#2957,#2963),.PCURVE_S1.);
#2953 = LINE('',#2954,#2955);
#2954 = CARTESIAN_POINT('',(75.5,9.6,2.5));
#2955 = VECTOR('',#2956,1.);
#2956 = DIRECTION('',(0.,0.,-1.));
#2957 = PCURVE('',#399,#2958);
#2958 = DEFINITIONAL_REPRESENTATION('',(#2959),#2962);
#2959 = B_SPLINE_CURVE_WITH_KNOTS('',1,(#2960,#2961),.UNSPECIFIED.,.F.,
  .F.,(2,2),(-1.9,-1.E-01),.PIECEWISE_BEZIER_KNOTS.);
#2960 = CARTESIAN_POINT('',(19.595,-2.));
#2961 = CARTESIAN_POINT('',(19.595,-0.2));
#2962 = ( GEOMETRIC_REPRESENTATION_CONTEXT(2) 
PARAMETRIC_REPRESENTATION_CONTEXT() REPRESENTATION_CONTEXT('2D SPACE',''
  ) );
#2963 = PCURVE('',#2964,#2969);
#2964 = PLANE('',#2965);
#2965 = AXIS2_PLACEMENT_3D('',#2966,#2967,#2968);
#2966 = CARTESIAN_POINT('',(74.4,9.6,2.6));
#2967 = DIRECTION('',(-0.,1.,0.));
#2968 = DIRECTION('',(0.,0.,1.));
#2969 = DEFINITIONAL_REPRESENTATION('',(#2970),#2974);
#2970 = LINE('',#2971,#2972);
#2971 = CARTESIAN_POINT('',(-1.E-01,1.1));
#2972 = VECTOR('',#2973,1.);
#2973 = DIRECTION('',(-1.,0.));
#2974 = ( GEOMETRIC_REPRESENTATION_CONTEXT(2) 
PARAMETRIC_REPRESENTATION_CONTEXT() REPRESENTATION_CONTEXT('2D SPACE',''
  ) );
#2975 = ADVANCED_FACE('',(#2976),#718,.F.);
#2976 = FACE_BOUND('',#2977,.T.);
#2977 = EDGE_LOOP('',(#2978,#3009,#3035,#3057,#3058,#3059));
#2978 = ORIENTED_EDGE('',*,*,#2979,.F.);
#2979 = EDGE_CURVE('',#2980,#2982,#2984,.T.);
#2980 = VERTEX_POINT('',#2981);
#2981 = CARTESIAN_POINT('',(74.219,5.748212591011,2.4));
#2982 = VERTEX_POINT('',#2983);
#2983 = CARTESIAN_POINT('',(74.219,2.7,7.62));
#2984 = SURFACE_CURVE('',#2985,(#2990,#2997),.PCURVE_S1.);
#2985 = CIRCLE('',#2986,3.5);
#2986 = AXIS2_PLACEMENT_3D('',#2987,#2988,#2989);
#2987 = CARTESIAN_POINT('',(74.219,2.7,4.12));
#2988 = DIRECTION('',(1.,-0.,0.));
#2989 = DIRECTION('',(0.,0.,-1.));
#2990 = PCURVE('',#718,#2991);
#2991 = DEFINITIONAL_REPRESENTATION('',(#2992),#2996);
#2992 = LINE('',#2993,#2994);
#2993 = CARTESIAN_POINT('',(-0.,0.));
#2994 = VECTOR('',#2995,1.);
#2995 = DIRECTION('',(-1.,0.));
#2996 = ( GEOMETRIC_REPRESENTATION_CONTEXT(2) 
PARAMETRIC_REPRESENTATION_CONTEXT() REPRESENTATION_CONTEXT('2D SPACE',''
  ) );
#2997 = PCURVE('',#2998,#3003);
#2998 = PLANE('',#2999);
#2999 = AXIS2_PLACEMENT_3D('',#3000,#3001,#3002);
#3000 = CARTESIAN_POINT('',(74.219,0.,4.12));
#3001 = DIRECTION('',(1.,0.,0.));
#3002 = DIRECTION('',(0.,1.,0.));
#3003 = DEFINITIONAL_REPRESENTATION('',(#3004),#3008);
#3004 = CIRCLE('',#3005,3.5);
#3005 = AXIS2_PLACEMENT_2D('',#3006,#3007);
#3006 = CARTESIAN_POINT('',(2.7,0.));
#3007 = DIRECTION('',(0.,-1.));
#3008 = ( GEOMETRIC_REPRESENTATION_CONTEXT(2) 
PARAMETRIC_REPRESENTATION_CONTEXT() REPRESENTATION_CONTEXT('2D SPACE',''
  ) );
#3009 = ORIENTED_EDGE('',*,*,#3010,.F.);
#3010 = EDGE_CURVE('',#3011,#2980,#3013,.T.);
#3011 = VERTEX_POINT('',#3012);
#3012 = CARTESIAN_POINT('',(74.6,5.748212591011,2.4));
#3013 = SURFACE_CURVE('',#3014,(#3018,#3024),.PCURVE_S1.);
#3014 = LINE('',#3015,#3016);
#3015 = CARTESIAN_POINT('',(74.219,5.748212591011,2.4));
#3016 = VECTOR('',#3017,1.);
#3017 = DIRECTION('',(-1.,0.,-0.));
#3018 = PCURVE('',#718,#3019);
#3019 = DEFINITIONAL_REPRESENTATION('',(#3020),#3023);
#3020 = B_SPLINE_CURVE_WITH_KNOTS('',1,(#3021,#3022),.UNSPECIFIED.,.F.,
  .F.,(2,2),(-0.491,6.000000070117E-07),.PIECEWISE_BEZIER_KNOTS.);
#3021 = CARTESIAN_POINT('',(-1.057067025991,-0.491));
#3022 = CARTESIAN_POINT('',(-1.057067025991,6.000000070117E-07));
#3023 = ( GEOMETRIC_REPRESENTATION_CONTEXT(2) 
PARAMETRIC_REPRESENTATION_CONTEXT() REPRESENTATION_CONTEXT('2D SPACE',''
  ) );
#3024 = PCURVE('',#3025,#3030);
#3025 = PLANE('',#3026);
#3026 = AXIS2_PLACEMENT_3D('',#3027,#3028,#3029);
#3027 = CARTESIAN_POINT('',(-1.793605149074E-15,-1.088005381886E-10,2.4)
  );
#3028 = DIRECTION('',(0.,0.,1.));
#3029 = DIRECTION('',(1.,0.,-0.));
#3030 = DEFINITIONAL_REPRESENTATION('',(#3031),#3034);
#3031 = B_SPLINE_CURVE_WITH_KNOTS('',1,(#3032,#3033),.UNSPECIFIED.,.F.,
  .F.,(2,2),(-0.491,6.000000070117E-07),.PIECEWISE_BEZIER_KNOTS.);
#3032 = CARTESIAN_POINT('',(74.71,5.74821259112));
#3033 = CARTESIAN_POINT('',(74.2189994,5.74821259112));
#3034 = ( GEOMETRIC_REPRESENTATION_CONTEXT(2) 
PARAMETRIC_REPRESENTATION_CONTEXT() REPRESENTATION_CONTEXT('2D SPACE',''
  ) );
#3035 = ORIENTED_EDGE('',*,*,#3036,.T.);
#3036 = EDGE_CURVE('',#3011,#676,#3037,.T.);
#3037 = SURFACE_CURVE('',#3038,(#3043,#3050),.PCURVE_S1.);
#3038 = CIRCLE('',#3039,3.5);
#3039 = AXIS2_PLACEMENT_3D('',#3040,#3041,#3042);
#3040 = CARTESIAN_POINT('',(74.6,2.7,4.12));
#3041 = DIRECTION('',(-1.,0.,-0.));
#3042 = DIRECTION('',(0.,0.,-1.));
#3043 = PCURVE('',#718,#3044);
#3044 = DEFINITIONAL_REPRESENTATION('',(#3045),#3049);
#3045 = LINE('',#3046,#3047);
#3046 = CARTESIAN_POINT('',(-6.28318530718,-0.381));
#3047 = VECTOR('',#3048,1.);
#3048 = DIRECTION('',(1.,-0.));
#3049 = ( GEOMETRIC_REPRESENTATION_CONTEXT(2) 
PARAMETRIC_REPRESENTATION_CONTEXT() REPRESENTATION_CONTEXT('2D SPACE',''
  ) );
#3050 = PCURVE('',#691,#3051);
#3051 = DEFINITIONAL_REPRESENTATION('',(#3052),#3056);
#3052 = CIRCLE('',#3053,3.5);
#3053 = AXIS2_PLACEMENT_2D('',#3054,#3055);
#3054 = CARTESIAN_POINT('',(12.795,-3.02));
#3055 = DIRECTION('',(0.,1.));
#3056 = ( GEOMETRIC_REPRESENTATION_CONTEXT(2) 
PARAMETRIC_REPRESENTATION_CONTEXT() REPRESENTATION_CONTEXT('2D SPACE',''
  ) );
#3057 = ORIENTED_EDGE('',*,*,#703,.F.);
#3058 = ORIENTED_EDGE('',*,*,#2687,.F.);
#3059 = ORIENTED_EDGE('',*,*,#3060,.F.);
#3060 = EDGE_CURVE('',#2982,#2688,#3061,.T.);
#3061 = SURFACE_CURVE('',#3062,(#3066,#3073),.PCURVE_S1.);
#3062 = LINE('',#3063,#3064);
#3063 = CARTESIAN_POINT('',(74.219,2.7,7.62));
#3064 = VECTOR('',#3065,1.);
#3065 = DIRECTION('',(1.,0.,0.));
#3066 = PCURVE('',#718,#3067);
#3067 = DEFINITIONAL_REPRESENTATION('',(#3068),#3072);
#3068 = LINE('',#3069,#3070);
#3069 = CARTESIAN_POINT('',(-3.14159265359,0.));
#3070 = VECTOR('',#3071,1.);
#3071 = DIRECTION('',(-0.,-1.));
#3072 = ( GEOMETRIC_REPRESENTATION_CONTEXT(2) 
PARAMETRIC_REPRESENTATION_CONTEXT() REPRESENTATION_CONTEXT('2D SPACE',''
  ) );
#3073 = PCURVE('',#2726,#3074);
#3074 = DEFINITIONAL_REPRESENTATION('',(#3075),#3079);
#3075 = LINE('',#3076,#3077);
#3076 = CARTESIAN_POINT('',(5.4,0.));
#3077 = VECTOR('',#3078,1.);
#3078 = DIRECTION('',(0.,-1.));
#3079 = ( GEOMETRIC_REPRESENTATION_CONTEXT(2) 
PARAMETRIC_REPRESENTATION_CONTEXT() REPRESENTATION_CONTEXT('2D SPACE',''
  ) );
#3080 = ADVANCED_FACE('',(#3081),#691,.T.);
#3081 = FACE_BOUND('',#3082,.T.);
#3082 = EDGE_LOOP('',(#3083,#3106,#3129,#3150,#3173,#3201,#3222,#3223));
#3083 = ORIENTED_EDGE('',*,*,#3084,.F.);
#3084 = EDGE_CURVE('',#3085,#3011,#3087,.T.);
#3085 = VERTEX_POINT('',#3086);
#3086 = CARTESIAN_POINT('',(74.6,6.4,2.4));
#3087 = SURFACE_CURVE('',#3088,(#3092,#3099),.PCURVE_S1.);
#3088 = LINE('',#3089,#3090);
#3089 = CARTESIAN_POINT('',(74.6,-5.047500000054,2.4));
#3090 = VECTOR('',#3091,1.);
#3091 = DIRECTION('',(0.,-1.,0.));
#3092 = PCURVE('',#691,#3093);
#3093 = DEFINITIONAL_REPRESENTATION('',(#3094),#3098);
#3094 = LINE('',#3095,#3096);
#3095 = CARTESIAN_POINT('',(5.047499999946,-1.3));
#3096 = VECTOR('',#3097,1.);
#3097 = DIRECTION('',(-1.,0.));
#3098 = ( GEOMETRIC_REPRESENTATION_CONTEXT(2) 
PARAMETRIC_REPRESENTATION_CONTEXT() REPRESENTATION_CONTEXT('2D SPACE',''
  ) );
#3099 = PCURVE('',#3025,#3100);
#3100 = DEFINITIONAL_REPRESENTATION('',(#3101),#3105);
#3101 = LINE('',#3102,#3103);
#3102 = CARTESIAN_POINT('',(74.6,-5.047499999946));
#3103 = VECTOR('',#3104,1.);
#3104 = DIRECTION('',(0.,-1.));
#3105 = ( GEOMETRIC_REPRESENTATION_CONTEXT(2) 
PARAMETRIC_REPRESENTATION_CONTEXT() REPRESENTATION_CONTEXT('2D SPACE',''
  ) );
#3106 = ORIENTED_EDGE('',*,*,#3107,.T.);
#3107 = EDGE_CURVE('',#3085,#3108,#3110,.T.);
#3108 = VERTEX_POINT('',#3109);
#3109 = CARTESIAN_POINT('',(74.6,6.4,2.6));
#3110 = SURFACE_CURVE('',#3111,(#3115,#3122),.PCURVE_S1.);
#3111 = LINE('',#3112,#3113);
#3112 = CARTESIAN_POINT('',(74.6,6.4,1.1));
#3113 = VECTOR('',#3114,1.);
#3114 = DIRECTION('',(0.,0.,1.));
#3115 = PCURVE('',#691,#3116);
#3116 = DEFINITIONAL_REPRESENTATION('',(#3117),#3121);
#3117 = LINE('',#3118,#3119);
#3118 = CARTESIAN_POINT('',(16.495,2.22044604925E-16));
#3119 = VECTOR('',#3120,1.);
#3120 = DIRECTION('',(0.,-1.));
#3121 = ( GEOMETRIC_REPRESENTATION_CONTEXT(2) 
PARAMETRIC_REPRESENTATION_CONTEXT() REPRESENTATION_CONTEXT('2D SPACE',''
  ) );
#3122 = PCURVE('',#2913,#3123);
#3123 = DEFINITIONAL_REPRESENTATION('',(#3124),#3128);
#3124 = LINE('',#3125,#3126);
#3125 = CARTESIAN_POINT('',(-1.5,0.2));
#3126 = VECTOR('',#3127,1.);
#3127 = DIRECTION('',(1.,0.));
#3128 = ( GEOMETRIC_REPRESENTATION_CONTEXT(2) 
PARAMETRIC_REPRESENTATION_CONTEXT() REPRESENTATION_CONTEXT('2D SPACE',''
  ) );
#3129 = ORIENTED_EDGE('',*,*,#3130,.T.);
#3130 = EDGE_CURVE('',#3108,#3131,#3133,.T.);
#3131 = VERTEX_POINT('',#3132);
#3132 = CARTESIAN_POINT('',(74.6,9.6,2.6));
#3133 = SURFACE_CURVE('',#3134,(#3138,#3144),.PCURVE_S1.);
#3134 = LINE('',#3135,#3136);
#3135 = CARTESIAN_POINT('',(74.6,-1.8475,2.6));
#3136 = VECTOR('',#3137,1.);
#3137 = DIRECTION('',(0.,1.,-0.));
#3138 = PCURVE('',#691,#3139);
#3139 = DEFINITIONAL_REPRESENTATION('',(#3140),#3143);
#3140 = B_SPLINE_CURVE_WITH_KNOTS('',1,(#3141,#3142),.UNSPECIFIED.,.F.,
  .F.,(2,2),(8.2475,11.4475),.PIECEWISE_BEZIER_KNOTS.);
#3141 = CARTESIAN_POINT('',(16.495,-1.5));
#3142 = CARTESIAN_POINT('',(19.695,-1.5));
#3143 = ( GEOMETRIC_REPRESENTATION_CONTEXT(2) 
PARAMETRIC_REPRESENTATION_CONTEXT() REPRESENTATION_CONTEXT('2D SPACE',''
  ) );
#3144 = PCURVE('',#2940,#3145);
#3145 = DEFINITIONAL_REPRESENTATION('',(#3146),#3149);
#3146 = B_SPLINE_CURVE_WITH_KNOTS('',1,(#3147,#3148),.UNSPECIFIED.,.F.,
  .F.,(2,2),(8.2475,11.4475),.PIECEWISE_BEZIER_KNOTS.);
#3147 = CARTESIAN_POINT('',(0.2,0.));
#3148 = CARTESIAN_POINT('',(0.2,3.2));
#3149 = ( GEOMETRIC_REPRESENTATION_CONTEXT(2) 
PARAMETRIC_REPRESENTATION_CONTEXT() REPRESENTATION_CONTEXT('2D SPACE',''
  ) );
#3150 = ORIENTED_EDGE('',*,*,#3151,.F.);
#3151 = EDGE_CURVE('',#3152,#3131,#3154,.T.);
#3152 = VERTEX_POINT('',#3153);
#3153 = CARTESIAN_POINT('',(74.6,9.6,2.4));
#3154 = SURFACE_CURVE('',#3155,(#3159,#3166),.PCURVE_S1.);
#3155 = LINE('',#3156,#3157);
#3156 = CARTESIAN_POINT('',(74.6,9.6,1.1));
#3157 = VECTOR('',#3158,1.);
#3158 = DIRECTION('',(0.,0.,1.));
#3159 = PCURVE('',#691,#3160);
#3160 = DEFINITIONAL_REPRESENTATION('',(#3161),#3165);
#3161 = LINE('',#3162,#3163);
#3162 = CARTESIAN_POINT('',(19.695,2.22044604925E-16));
#3163 = VECTOR('',#3164,1.);
#3164 = DIRECTION('',(0.,-1.));
#3165 = ( GEOMETRIC_REPRESENTATION_CONTEXT(2) 
PARAMETRIC_REPRESENTATION_CONTEXT() REPRESENTATION_CONTEXT('2D SPACE',''
  ) );
#3166 = PCURVE('',#2964,#3167);
#3167 = DEFINITIONAL_REPRESENTATION('',(#3168),#3172);
#3168 = LINE('',#3169,#3170);
#3169 = CARTESIAN_POINT('',(-1.5,0.2));
#3170 = VECTOR('',#3171,1.);
#3171 = DIRECTION('',(1.,0.));
#3172 = ( GEOMETRIC_REPRESENTATION_CONTEXT(2) 
PARAMETRIC_REPRESENTATION_CONTEXT() REPRESENTATION_CONTEXT('2D SPACE',''
  ) );
#3173 = ORIENTED_EDGE('',*,*,#3174,.F.);
#3174 = EDGE_CURVE('',#3175,#3152,#3177,.T.);
#3175 = VERTEX_POINT('',#3176);
#3176 = CARTESIAN_POINT('',(74.6,10.09499999818,2.4));
#3177 = SURFACE_CURVE('',#3178,(#3182,#3189),.PCURVE_S1.);
#3178 = LINE('',#3179,#3180);
#3179 = CARTESIAN_POINT('',(74.6,-5.047500000054,2.4));
#3180 = VECTOR('',#3181,1.);
#3181 = DIRECTION('',(0.,-1.,0.));
#3182 = PCURVE('',#691,#3183);
#3183 = DEFINITIONAL_REPRESENTATION('',(#3184),#3188);
#3184 = LINE('',#3185,#3186);
#3185 = CARTESIAN_POINT('',(5.047499999946,-1.3));
#3186 = VECTOR('',#3187,1.);
#3187 = DIRECTION('',(-1.,0.));
#3188 = ( GEOMETRIC_REPRESENTATION_CONTEXT(2) 
PARAMETRIC_REPRESENTATION_CONTEXT() REPRESENTATION_CONTEXT('2D SPACE',''
  ) );
#3189 = PCURVE('',#3190,#3195);
#3190 = PLANE('',#3191);
#3191 = AXIS2_PLACEMENT_3D('',#3192,#3193,#3194);
#3192 = CARTESIAN_POINT('',(-1.793605149074E-15,-1.088005381886E-10,2.4)
  );
#3193 = DIRECTION('',(0.,0.,1.));
#3194 = DIRECTION('',(1.,0.,-0.));
#3195 = DEFINITIONAL_REPRESENTATION('',(#3196),#3200);
#3196 = LINE('',#3197,#3198);
#3197 = CARTESIAN_POINT('',(74.6,-5.047499999946));
#3198 = VECTOR('',#3199,1.);
#3199 = DIRECTION('',(0.,-1.));
#3200 = ( GEOMETRIC_REPRESENTATION_CONTEXT(2) 
PARAMETRIC_REPRESENTATION_CONTEXT() REPRESENTATION_CONTEXT('2D SPACE',''
  ) );
#3201 = ORIENTED_EDGE('',*,*,#3202,.F.);
#3202 = EDGE_CURVE('',#643,#3175,#3203,.T.);
#3203 = SURFACE_CURVE('',#3204,(#3208,#3215),.PCURVE_S1.);
#3204 = LINE('',#3205,#3206);
#3205 = CARTESIAN_POINT('',(74.6,10.09499999818,1.1));
#3206 = VECTOR('',#3207,1.);
#3207 = DIRECTION('',(0.,0.,1.));
#3208 = PCURVE('',#691,#3209);
#3209 = DEFINITIONAL_REPRESENTATION('',(#3210),#3214);
#3210 = LINE('',#3211,#3212);
#3211 = CARTESIAN_POINT('',(20.18999999818,0.));
#3212 = VECTOR('',#3213,1.);
#3213 = DIRECTION('',(0.,-1.));
#3214 = ( GEOMETRIC_REPRESENTATION_CONTEXT(2) 
PARAMETRIC_REPRESENTATION_CONTEXT() REPRESENTATION_CONTEXT('2D SPACE',''
  ) );
#3215 = PCURVE('',#663,#3216);
#3216 = DEFINITIONAL_REPRESENTATION('',(#3217),#3221);
#3217 = LINE('',#3218,#3219);
#3218 = CARTESIAN_POINT('',(3.14159265359,0.));
#3219 = VECTOR('',#3220,1.);
#3220 = DIRECTION('',(0.,-1.));
#3221 = ( GEOMETRIC_REPRESENTATION_CONTEXT(2) 
PARAMETRIC_REPRESENTATION_CONTEXT() REPRESENTATION_CONTEXT('2D SPACE',''
  ) );
#3222 = ORIENTED_EDGE('',*,*,#675,.F.);
#3223 = ORIENTED_EDGE('',*,*,#3036,.F.);
#3224 = ADVANCED_FACE('',(#3225),#663,.F.);
#3225 = FACE_BOUND('',#3226,.F.);
#3226 = EDGE_LOOP('',(#3227,#3228,#3251,#3277));
#3227 = ORIENTED_EDGE('',*,*,#642,.F.);
#3228 = ORIENTED_EDGE('',*,*,#3229,.T.);
#3229 = EDGE_CURVE('',#617,#3230,#3232,.T.);
#3230 = VERTEX_POINT('',#3231);
#3231 = CARTESIAN_POINT('',(72.6,12.09499999909,2.4));
#3232 = SURFACE_CURVE('',#3233,(#3237,#3244),.PCURVE_S1.);
#3233 = LINE('',#3234,#3235);
#3234 = CARTESIAN_POINT('',(72.6,12.09499999909,1.1));
#3235 = VECTOR('',#3236,1.);
#3236 = DIRECTION('',(0.,0.,1.));
#3237 = PCURVE('',#663,#3238);
#3238 = DEFINITIONAL_REPRESENTATION('',(#3239),#3243);
#3239 = LINE('',#3240,#3241);
#3240 = CARTESIAN_POINT('',(1.570796326795,0.));
#3241 = VECTOR('',#3242,1.);
#3242 = DIRECTION('',(0.,-1.));
#3243 = ( GEOMETRIC_REPRESENTATION_CONTEXT(2) 
PARAMETRIC_REPRESENTATION_CONTEXT() REPRESENTATION_CONTEXT('2D SPACE',''
  ) );
#3244 = PCURVE('',#631,#3245);
#3245 = DEFINITIONAL_REPRESENTATION('',(#3246),#3250);
#3246 = LINE('',#3247,#3248);
#3247 = CARTESIAN_POINT('',(145.2,0.));
#3248 = VECTOR('',#3249,1.);
#3249 = DIRECTION('',(0.,-1.));
#3250 = ( GEOMETRIC_REPRESENTATION_CONTEXT(2) 
PARAMETRIC_REPRESENTATION_CONTEXT() REPRESENTATION_CONTEXT('2D SPACE',''
  ) );
#3251 = ORIENTED_EDGE('',*,*,#3252,.T.);
#3252 = EDGE_CURVE('',#3230,#3175,#3253,.T.);
#3253 = SURFACE_CURVE('',#3254,(#3259,#3266),.PCURVE_S1.);
#3254 = CIRCLE('',#3255,2.);
#3255 = AXIS2_PLACEMENT_3D('',#3256,#3257,#3258);
#3256 = CARTESIAN_POINT('',(72.6,10.09499999818,2.4));
#3257 = DIRECTION('',(0.,0.,-1.));
#3258 = DIRECTION('',(-1.,0.,0.));
#3259 = PCURVE('',#663,#3260);
#3260 = DEFINITIONAL_REPRESENTATION('',(#3261),#3265);
#3261 = LINE('',#3262,#3263);
#3262 = CARTESIAN_POINT('',(0.,-1.3));
#3263 = VECTOR('',#3264,1.);
#3264 = DIRECTION('',(1.,0.));
#3265 = ( GEOMETRIC_REPRESENTATION_CONTEXT(2) 
PARAMETRIC_REPRESENTATION_CONTEXT() REPRESENTATION_CONTEXT('2D SPACE',''
  ) );
#3266 = PCURVE('',#3190,#3267);
#3267 = DEFINITIONAL_REPRESENTATION('',(#3268),#3276);
#3268 = ( BOUNDED_CURVE() B_SPLINE_CURVE(2,(#3269,#3270,#3271,#3272,
#3273,#3274,#3275),.UNSPECIFIED.,.T.,.F.) B_SPLINE_CURVE_WITH_KNOTS((1,2
    ,2,2,2,1),(-2.094395102393,0.,2.094395102393,4.188790204786,
6.28318530718,8.377580409573),.UNSPECIFIED.) CURVE() 
GEOMETRIC_REPRESENTATION_ITEM() RATIONAL_B_SPLINE_CURVE((1.,0.5,1.,0.5,
1.,0.5,1.)) REPRESENTATION_ITEM('') );
#3269 = CARTESIAN_POINT('',(70.6,10.094999998288));
#3270 = CARTESIAN_POINT('',(70.6,13.559101613426));
#3271 = CARTESIAN_POINT('',(73.6,11.827050805857));
#3272 = CARTESIAN_POINT('',(76.6,10.094999998288));
#3273 = CARTESIAN_POINT('',(73.6,8.362949190719));
#3274 = CARTESIAN_POINT('',(70.6,6.630898383151));
#3275 = CARTESIAN_POINT('',(70.6,10.094999998288));
#3276 = ( GEOMETRIC_REPRESENTATION_CONTEXT(2) 
PARAMETRIC_REPRESENTATION_CONTEXT() REPRESENTATION_CONTEXT('2D SPACE',''
  ) );
#3277 = ORIENTED_EDGE('',*,*,#3202,.F.);
#3278 = ADVANCED_FACE('',(#3279),#631,.F.);
#3279 = FACE_BOUND('',#3280,.F.);
#3280 = EDGE_LOOP('',(#3281,#3282,#3305,#3325));
#3281 = ORIENTED_EDGE('',*,*,#616,.T.);
#3282 = ORIENTED_EDGE('',*,*,#3283,.T.);
#3283 = EDGE_CURVE('',#584,#3284,#3286,.T.);
#3284 = VERTEX_POINT('',#3285);
#3285 = CARTESIAN_POINT('',(-72.6,12.09499999909,2.4));
#3286 = SURFACE_CURVE('',#3287,(#3291,#3298),.PCURVE_S1.);
#3287 = LINE('',#3288,#3289);
#3288 = CARTESIAN_POINT('',(-72.6,12.09499999909,1.1));
#3289 = VECTOR('',#3290,1.);
#3290 = DIRECTION('',(0.,0.,1.));
#3291 = PCURVE('',#631,#3292);
#3292 = DEFINITIONAL_REPRESENTATION('',(#3293),#3297);
#3293 = LINE('',#3294,#3295);
#3294 = CARTESIAN_POINT('',(0.,0.));
#3295 = VECTOR('',#3296,1.);
#3296 = DIRECTION('',(0.,-1.));
#3297 = ( GEOMETRIC_REPRESENTATION_CONTEXT(2) 
PARAMETRIC_REPRESENTATION_CONTEXT() REPRESENTATION_CONTEXT('2D SPACE',''
  ) );
#3298 = PCURVE('',#604,#3299);
#3299 = DEFINITIONAL_REPRESENTATION('',(#3300),#3304);
#3300 = LINE('',#3301,#3302);
#3301 = CARTESIAN_POINT('',(1.570796326795,0.));
#3302 = VECTOR('',#3303,1.);
#3303 = DIRECTION('',(0.,-1.));
#3304 = ( GEOMETRIC_REPRESENTATION_CONTEXT(2) 
PARAMETRIC_REPRESENTATION_CONTEXT() REPRESENTATION_CONTEXT('2D SPACE',''
  ) );
#3305 = ORIENTED_EDGE('',*,*,#3306,.F.);
#3306 = EDGE_CURVE('',#3230,#3284,#3307,.T.);
#3307 = SURFACE_CURVE('',#3308,(#3312,#3318),.PCURVE_S1.);
#3308 = LINE('',#3309,#3310);
#3309 = CARTESIAN_POINT('',(-36.3,12.095,2.4));
#3310 = VECTOR('',#3311,1.);
#3311 = DIRECTION('',(-1.,0.,0.));
#3312 = PCURVE('',#631,#3313);
#3313 = DEFINITIONAL_REPRESENTATION('',(#3314),#3317);
#3314 = B_SPLINE_CURVE_WITH_KNOTS('',1,(#3315,#3316),.UNSPECIFIED.,.F.,
  .F.,(2,2),(-108.9,36.3),.PIECEWISE_BEZIER_KNOTS.);
#3315 = CARTESIAN_POINT('',(145.2,-1.3));
#3316 = CARTESIAN_POINT('',(0.,-1.3));
#3317 = ( GEOMETRIC_REPRESENTATION_CONTEXT(2) 
PARAMETRIC_REPRESENTATION_CONTEXT() REPRESENTATION_CONTEXT('2D SPACE',''
  ) );
#3318 = PCURVE('',#3190,#3319);
#3319 = DEFINITIONAL_REPRESENTATION('',(#3320),#3324);
#3320 = LINE('',#3321,#3322);
#3321 = CARTESIAN_POINT('',(-36.3,12.095000000109));
#3322 = VECTOR('',#3323,1.);
#3323 = DIRECTION('',(-1.,0.));
#3324 = ( GEOMETRIC_REPRESENTATION_CONTEXT(2) 
PARAMETRIC_REPRESENTATION_CONTEXT() REPRESENTATION_CONTEXT('2D SPACE',''
  ) );
#3325 = ORIENTED_EDGE('',*,*,#3229,.F.);
#3326 = ADVANCED_FACE('',(#3327),#604,.F.);
#3327 = FACE_BOUND('',#3328,.F.);
#3328 = EDGE_LOOP('',(#3329,#3330,#3353,#3379));
#3329 = ORIENTED_EDGE('',*,*,#583,.F.);
#3330 = ORIENTED_EDGE('',*,*,#3331,.T.);
#3331 = EDGE_CURVE('',#558,#3332,#3334,.T.);
#3332 = VERTEX_POINT('',#3333);
#3333 = CARTESIAN_POINT('',(-74.6,10.09499999818,2.4));
#3334 = SURFACE_CURVE('',#3335,(#3339,#3346),.PCURVE_S1.);
#3335 = LINE('',#3336,#3337);
#3336 = CARTESIAN_POINT('',(-74.6,10.09499999818,1.1));
#3337 = VECTOR('',#3338,1.);
#3338 = DIRECTION('',(0.,0.,1.));
#3339 = PCURVE('',#604,#3340);
#3340 = DEFINITIONAL_REPRESENTATION('',(#3341),#3345);
#3341 = LINE('',#3342,#3343);
#3342 = CARTESIAN_POINT('',(0.,0.));
#3343 = VECTOR('',#3344,1.);
#3344 = DIRECTION('',(0.,-1.));
#3345 = ( GEOMETRIC_REPRESENTATION_CONTEXT(2) 
PARAMETRIC_REPRESENTATION_CONTEXT() REPRESENTATION_CONTEXT('2D SPACE',''
  ) );
#3346 = PCURVE('',#572,#3347);
#3347 = DEFINITIONAL_REPRESENTATION('',(#3348),#3352);
#3348 = LINE('',#3349,#3350);
#3349 = CARTESIAN_POINT('',(20.18999999818,0.));
#3350 = VECTOR('',#3351,1.);
#3351 = DIRECTION('',(0.,-1.));
#3352 = ( GEOMETRIC_REPRESENTATION_CONTEXT(2) 
PARAMETRIC_REPRESENTATION_CONTEXT() REPRESENTATION_CONTEXT('2D SPACE',''
  ) );
#3353 = ORIENTED_EDGE('',*,*,#3354,.T.);
#3354 = EDGE_CURVE('',#3332,#3284,#3355,.T.);
#3355 = SURFACE_CURVE('',#3356,(#3361,#3368),.PCURVE_S1.);
#3356 = CIRCLE('',#3357,2.);
#3357 = AXIS2_PLACEMENT_3D('',#3358,#3359,#3360);
#3358 = CARTESIAN_POINT('',(-72.6,10.09499999818,2.4));
#3359 = DIRECTION('',(0.,0.,-1.));
#3360 = DIRECTION('',(-1.,0.,0.));
#3361 = PCURVE('',#604,#3362);
#3362 = DEFINITIONAL_REPRESENTATION('',(#3363),#3367);
#3363 = LINE('',#3364,#3365);
#3364 = CARTESIAN_POINT('',(0.,-1.3));
#3365 = VECTOR('',#3366,1.);
#3366 = DIRECTION('',(1.,0.));
#3367 = ( GEOMETRIC_REPRESENTATION_CONTEXT(2) 
PARAMETRIC_REPRESENTATION_CONTEXT() REPRESENTATION_CONTEXT('2D SPACE',''
  ) );
#3368 = PCURVE('',#3190,#3369);
#3369 = DEFINITIONAL_REPRESENTATION('',(#3370),#3378);
#3370 = ( BOUNDED_CURVE() B_SPLINE_CURVE(2,(#3371,#3372,#3373,#3374,
#3375,#3376,#3377),.UNSPECIFIED.,.T.,.F.) B_SPLINE_CURVE_WITH_KNOTS((1,2
    ,2,2,2,1),(-2.094395102393,0.,2.094395102393,4.188790204786,
6.28318530718,8.377580409573),.UNSPECIFIED.) CURVE() 
GEOMETRIC_REPRESENTATION_ITEM() RATIONAL_B_SPLINE_CURVE((1.,0.5,1.,0.5,
1.,0.5,1.)) REPRESENTATION_ITEM('') );
#3371 = CARTESIAN_POINT('',(-74.6,10.094999998288));
#3372 = CARTESIAN_POINT('',(-74.6,13.559101613426));
#3373 = CARTESIAN_POINT('',(-71.6,11.827050805857));
#3374 = CARTESIAN_POINT('',(-68.6,10.094999998288));
#3375 = CARTESIAN_POINT('',(-71.6,8.362949190719));
#3376 = CARTESIAN_POINT('',(-74.6,6.630898383151));
#3377 = CARTESIAN_POINT('',(-74.6,10.094999998288));
#3378 = ( GEOMETRIC_REPRESENTATION_CONTEXT(2) 
PARAMETRIC_REPRESENTATION_CONTEXT() REPRESENTATION_CONTEXT('2D SPACE',''
  ) );
#3379 = ORIENTED_EDGE('',*,*,#3283,.F.);
#3380 = ADVANCED_FACE('',(#3381),#572,.F.);
#3381 = FACE_BOUND('',#3382,.F.);
#3382 = EDGE_LOOP('',(#3383,#3384,#3407,#3427));
#3383 = ORIENTED_EDGE('',*,*,#557,.T.);
#3384 = ORIENTED_EDGE('',*,*,#3385,.T.);
#3385 = EDGE_CURVE('',#525,#3386,#3388,.T.);
#3386 = VERTEX_POINT('',#3387);
#3387 = CARTESIAN_POINT('',(-74.6,-10.095,2.4));
#3388 = SURFACE_CURVE('',#3389,(#3393,#3400),.PCURVE_S1.);
#3389 = LINE('',#3390,#3391);
#3390 = CARTESIAN_POINT('',(-74.6,-10.095,1.1));
#3391 = VECTOR('',#3392,1.);
#3392 = DIRECTION('',(0.,0.,1.));
#3393 = PCURVE('',#572,#3394);
#3394 = DEFINITIONAL_REPRESENTATION('',(#3395),#3399);
#3395 = LINE('',#3396,#3397);
#3396 = CARTESIAN_POINT('',(0.,0.));
#3397 = VECTOR('',#3398,1.);
#3398 = DIRECTION('',(0.,-1.));
#3399 = ( GEOMETRIC_REPRESENTATION_CONTEXT(2) 
PARAMETRIC_REPRESENTATION_CONTEXT() REPRESENTATION_CONTEXT('2D SPACE',''
  ) );
#3400 = PCURVE('',#545,#3401);
#3401 = DEFINITIONAL_REPRESENTATION('',(#3402),#3406);
#3402 = LINE('',#3403,#3404);
#3403 = CARTESIAN_POINT('',(6.28318530718,0.));
#3404 = VECTOR('',#3405,1.);
#3405 = DIRECTION('',(0.,-1.));
#3406 = ( GEOMETRIC_REPRESENTATION_CONTEXT(2) 
PARAMETRIC_REPRESENTATION_CONTEXT() REPRESENTATION_CONTEXT('2D SPACE',''
  ) );
#3407 = ORIENTED_EDGE('',*,*,#3408,.F.);
#3408 = EDGE_CURVE('',#3332,#3386,#3409,.T.);
#3409 = SURFACE_CURVE('',#3410,(#3414,#3420),.PCURVE_S1.);
#3410 = LINE('',#3411,#3412);
#3411 = CARTESIAN_POINT('',(-74.6,-5.047500000054,2.4));
#3412 = VECTOR('',#3413,1.);
#3413 = DIRECTION('',(0.,-1.,0.));
#3414 = PCURVE('',#572,#3415);
#3415 = DEFINITIONAL_REPRESENTATION('',(#3416),#3419);
#3416 = B_SPLINE_CURVE_WITH_KNOTS('',1,(#3417,#3418),.UNSPECIFIED.,.F.,
  .F.,(2,2),(-15.14249999823,5.047499999946),.PIECEWISE_BEZIER_KNOTS.);
#3417 = CARTESIAN_POINT('',(20.18999999818,-1.3));
#3418 = CARTESIAN_POINT('',(0.,-1.3));
#3419 = ( GEOMETRIC_REPRESENTATION_CONTEXT(2) 
PARAMETRIC_REPRESENTATION_CONTEXT() REPRESENTATION_CONTEXT('2D SPACE',''
  ) );
#3420 = PCURVE('',#3190,#3421);
#3421 = DEFINITIONAL_REPRESENTATION('',(#3422),#3426);
#3422 = LINE('',#3423,#3424);
#3423 = CARTESIAN_POINT('',(-74.6,-5.047499999946));
#3424 = VECTOR('',#3425,1.);
#3425 = DIRECTION('',(0.,-1.));
#3426 = ( GEOMETRIC_REPRESENTATION_CONTEXT(2) 
PARAMETRIC_REPRESENTATION_CONTEXT() REPRESENTATION_CONTEXT('2D SPACE',''
  ) );
#3427 = ORIENTED_EDGE('',*,*,#3331,.F.);
#3428 = ADVANCED_FACE('',(#3429),#545,.F.);
#3429 = FACE_BOUND('',#3430,.F.);
#3430 = EDGE_LOOP('',(#3431,#3432,#3455,#3481));
#3431 = ORIENTED_EDGE('',*,*,#524,.F.);
#3432 = ORIENTED_EDGE('',*,*,#3433,.T.);
#3433 = EDGE_CURVE('',#499,#3434,#3436,.T.);
#3434 = VERTEX_POINT('',#3435);
#3435 = CARTESIAN_POINT('',(-72.6,-12.095,2.4));
#3436 = SURFACE_CURVE('',#3437,(#3441,#3448),.PCURVE_S1.);
#3437 = LINE('',#3438,#3439);
#3438 = CARTESIAN_POINT('',(-72.6,-12.095,1.1));
#3439 = VECTOR('',#3440,1.);
#3440 = DIRECTION('',(0.,0.,1.));
#3441 = PCURVE('',#545,#3442);
#3442 = DEFINITIONAL_REPRESENTATION('',(#3443),#3447);
#3443 = LINE('',#3444,#3445);
#3444 = CARTESIAN_POINT('',(4.712388980385,0.));
#3445 = VECTOR('',#3446,1.);
#3446 = DIRECTION('',(0.,-1.));
#3447 = ( GEOMETRIC_REPRESENTATION_CONTEXT(2) 
PARAMETRIC_REPRESENTATION_CONTEXT() REPRESENTATION_CONTEXT('2D SPACE',''
  ) );
#3448 = PCURVE('',#513,#3449);
#3449 = DEFINITIONAL_REPRESENTATION('',(#3450),#3454);
#3450 = LINE('',#3451,#3452);
#3451 = CARTESIAN_POINT('',(0.,0.));
#3452 = VECTOR('',#3453,1.);
#3453 = DIRECTION('',(0.,-1.));
#3454 = ( GEOMETRIC_REPRESENTATION_CONTEXT(2) 
PARAMETRIC_REPRESENTATION_CONTEXT() REPRESENTATION_CONTEXT('2D SPACE',''
  ) );
#3455 = ORIENTED_EDGE('',*,*,#3456,.T.);
#3456 = EDGE_CURVE('',#3434,#3386,#3457,.T.);
#3457 = SURFACE_CURVE('',#3458,(#3463,#3470),.PCURVE_S1.);
#3458 = CIRCLE('',#3459,2.);
#3459 = AXIS2_PLACEMENT_3D('',#3460,#3461,#3462);
#3460 = CARTESIAN_POINT('',(-72.6,-10.095,2.4));
#3461 = DIRECTION('',(0.,0.,-1.));
#3462 = DIRECTION('',(-1.,0.,0.));
#3463 = PCURVE('',#545,#3464);
#3464 = DEFINITIONAL_REPRESENTATION('',(#3465),#3469);
#3465 = LINE('',#3466,#3467);
#3466 = CARTESIAN_POINT('',(0.,-1.3));
#3467 = VECTOR('',#3468,1.);
#3468 = DIRECTION('',(1.,0.));
#3469 = ( GEOMETRIC_REPRESENTATION_CONTEXT(2) 
PARAMETRIC_REPRESENTATION_CONTEXT() REPRESENTATION_CONTEXT('2D SPACE',''
  ) );
#3470 = PCURVE('',#3190,#3471);
#3471 = DEFINITIONAL_REPRESENTATION('',(#3472),#3480);
#3472 = ( BOUNDED_CURVE() B_SPLINE_CURVE(2,(#3473,#3474,#3475,#3476,
#3477,#3478,#3479),.UNSPECIFIED.,.T.,.F.) B_SPLINE_CURVE_WITH_KNOTS((1,2
    ,2,2,2,1),(-2.094395102393,0.,2.094395102393,4.188790204786,
6.28318530718,8.377580409573),.UNSPECIFIED.) CURVE() 
GEOMETRIC_REPRESENTATION_ITEM() RATIONAL_B_SPLINE_CURVE((1.,0.5,1.,0.5,
1.,0.5,1.)) REPRESENTATION_ITEM('') );
#3473 = CARTESIAN_POINT('',(-74.6,-10.09499999989));
#3474 = CARTESIAN_POINT('',(-74.6,-6.630898384754));
#3475 = CARTESIAN_POINT('',(-71.6,-8.362949192322));
#3476 = CARTESIAN_POINT('',(-68.6,-10.09499999989));
#3477 = CARTESIAN_POINT('',(-71.6,-11.82705080746));
#3478 = CARTESIAN_POINT('',(-74.6,-13.55910161502));
#3479 = CARTESIAN_POINT('',(-74.6,-10.09499999989));
#3480 = ( GEOMETRIC_REPRESENTATION_CONTEXT(2) 
PARAMETRIC_REPRESENTATION_CONTEXT() REPRESENTATION_CONTEXT('2D SPACE',''
  ) );
#3481 = ORIENTED_EDGE('',*,*,#3385,.F.);
#3482 = ADVANCED_FACE('',(#3483),#513,.T.);
#3483 = FACE_BOUND('',#3484,.T.);
#3484 = EDGE_LOOP('',(#3485,#3486,#3487,#3509));
#3485 = ORIENTED_EDGE('',*,*,#498,.T.);
#3486 = ORIENTED_EDGE('',*,*,#3433,.T.);
#3487 = ORIENTED_EDGE('',*,*,#3488,.F.);
#3488 = EDGE_CURVE('',#3489,#3434,#3491,.T.);
#3489 = VERTEX_POINT('',#3490);
#3490 = CARTESIAN_POINT('',(72.6,-12.095,2.4));
#3491 = SURFACE_CURVE('',#3492,(#3496,#3502),.PCURVE_S1.);
#3492 = LINE('',#3493,#3494);
#3493 = CARTESIAN_POINT('',(-36.3,-12.095,2.4));
#3494 = VECTOR('',#3495,1.);
#3495 = DIRECTION('',(-1.,0.,0.));
#3496 = PCURVE('',#513,#3497);
#3497 = DEFINITIONAL_REPRESENTATION('',(#3498),#3501);
#3498 = B_SPLINE_CURVE_WITH_KNOTS('',1,(#3499,#3500),.UNSPECIFIED.,.F.,
  .F.,(2,2),(-108.9,36.3),.PIECEWISE_BEZIER_KNOTS.);
#3499 = CARTESIAN_POINT('',(145.2,-1.3));
#3500 = CARTESIAN_POINT('',(0.,-1.3));
#3501 = ( GEOMETRIC_REPRESENTATION_CONTEXT(2) 
PARAMETRIC_REPRESENTATION_CONTEXT() REPRESENTATION_CONTEXT('2D SPACE',''
  ) );
#3502 = PCURVE('',#3190,#3503);
#3503 = DEFINITIONAL_REPRESENTATION('',(#3504),#3508);
#3504 = LINE('',#3505,#3506);
#3505 = CARTESIAN_POINT('',(-36.3,-12.09499999989));
#3506 = VECTOR('',#3507,1.);
#3507 = DIRECTION('',(-1.,0.));
#3508 = ( GEOMETRIC_REPRESENTATION_CONTEXT(2) 
PARAMETRIC_REPRESENTATION_CONTEXT() REPRESENTATION_CONTEXT('2D SPACE',''
  ) );
#3509 = ORIENTED_EDGE('',*,*,#3510,.F.);
#3510 = EDGE_CURVE('',#466,#3489,#3511,.T.);
#3511 = SURFACE_CURVE('',#3512,(#3516,#3523),.PCURVE_S1.);
#3512 = LINE('',#3513,#3514);
#3513 = CARTESIAN_POINT('',(72.6,-12.095,1.1));
#3514 = VECTOR('',#3515,1.);
#3515 = DIRECTION('',(0.,0.,1.));
#3516 = PCURVE('',#513,#3517);
#3517 = DEFINITIONAL_REPRESENTATION('',(#3518),#3522);
#3518 = LINE('',#3519,#3520);
#3519 = CARTESIAN_POINT('',(145.2,0.));
#3520 = VECTOR('',#3521,1.);
#3521 = DIRECTION('',(0.,-1.));
#3522 = ( GEOMETRIC_REPRESENTATION_CONTEXT(2) 
PARAMETRIC_REPRESENTATION_CONTEXT() REPRESENTATION_CONTEXT('2D SPACE',''
  ) );
#3523 = PCURVE('',#486,#3524);
#3524 = DEFINITIONAL_REPRESENTATION('',(#3525),#3529);
#3525 = LINE('',#3526,#3527);
#3526 = CARTESIAN_POINT('',(4.712388980385,0.));
#3527 = VECTOR('',#3528,1.);
#3528 = DIRECTION('',(0.,-1.));
#3529 = ( GEOMETRIC_REPRESENTATION_CONTEXT(2) 
PARAMETRIC_REPRESENTATION_CONTEXT() REPRESENTATION_CONTEXT('2D SPACE',''
  ) );
#3530 = ADVANCED_FACE('',(#3531),#486,.F.);
#3531 = FACE_BOUND('',#3532,.F.);
#3532 = EDGE_LOOP('',(#3533,#3534,#3557,#3583));
#3533 = ORIENTED_EDGE('',*,*,#465,.F.);
#3534 = ORIENTED_EDGE('',*,*,#3535,.T.);
#3535 = EDGE_CURVE('',#438,#3536,#3538,.T.);
#3536 = VERTEX_POINT('',#3537);
#3537 = CARTESIAN_POINT('',(74.6,-10.095,2.4));
#3538 = SURFACE_CURVE('',#3539,(#3543,#3550),.PCURVE_S1.);
#3539 = LINE('',#3540,#3541);
#3540 = CARTESIAN_POINT('',(74.6,-10.095,1.1));
#3541 = VECTOR('',#3542,1.);
#3542 = DIRECTION('',(0.,0.,1.));
#3543 = PCURVE('',#486,#3544);
#3544 = DEFINITIONAL_REPRESENTATION('',(#3545),#3549);
#3545 = LINE('',#3546,#3547);
#3546 = CARTESIAN_POINT('',(3.14159265359,0.));
#3547 = VECTOR('',#3548,1.);
#3548 = DIRECTION('',(0.,-1.));
#3549 = ( GEOMETRIC_REPRESENTATION_CONTEXT(2) 
PARAMETRIC_REPRESENTATION_CONTEXT() REPRESENTATION_CONTEXT('2D SPACE',''
  ) );
#3550 = PCURVE('',#453,#3551);
#3551 = DEFINITIONAL_REPRESENTATION('',(#3552),#3556);
#3552 = LINE('',#3553,#3554);
#3553 = CARTESIAN_POINT('',(0.,0.));
#3554 = VECTOR('',#3555,1.);
#3555 = DIRECTION('',(0.,-1.));
#3556 = ( GEOMETRIC_REPRESENTATION_CONTEXT(2) 
PARAMETRIC_REPRESENTATION_CONTEXT() REPRESENTATION_CONTEXT('2D SPACE',''
  ) );
#3557 = ORIENTED_EDGE('',*,*,#3558,.T.);
#3558 = EDGE_CURVE('',#3536,#3489,#3559,.T.);
#3559 = SURFACE_CURVE('',#3560,(#3565,#3572),.PCURVE_S1.);
#3560 = CIRCLE('',#3561,2.);
#3561 = AXIS2_PLACEMENT_3D('',#3562,#3563,#3564);
#3562 = CARTESIAN_POINT('',(72.6,-10.095,2.4));
#3563 = DIRECTION('',(0.,0.,-1.));
#3564 = DIRECTION('',(-1.,0.,0.));
#3565 = PCURVE('',#486,#3566);
#3566 = DEFINITIONAL_REPRESENTATION('',(#3567),#3571);
#3567 = LINE('',#3568,#3569);
#3568 = CARTESIAN_POINT('',(0.,-1.3));
#3569 = VECTOR('',#3570,1.);
#3570 = DIRECTION('',(1.,0.));
#3571 = ( GEOMETRIC_REPRESENTATION_CONTEXT(2) 
PARAMETRIC_REPRESENTATION_CONTEXT() REPRESENTATION_CONTEXT('2D SPACE',''
  ) );
#3572 = PCURVE('',#3190,#3573);
#3573 = DEFINITIONAL_REPRESENTATION('',(#3574),#3582);
#3574 = ( BOUNDED_CURVE() B_SPLINE_CURVE(2,(#3575,#3576,#3577,#3578,
#3579,#3580,#3581),.UNSPECIFIED.,.T.,.F.) B_SPLINE_CURVE_WITH_KNOTS((1,2
    ,2,2,2,1),(-2.094395102393,0.,2.094395102393,4.188790204786,
6.28318530718,8.377580409573),.UNSPECIFIED.) CURVE() 
GEOMETRIC_REPRESENTATION_ITEM() RATIONAL_B_SPLINE_CURVE((1.,0.5,1.,0.5,
1.,0.5,1.)) REPRESENTATION_ITEM('') );
#3575 = CARTESIAN_POINT('',(70.6,-10.09499999989));
#3576 = CARTESIAN_POINT('',(70.6,-6.630898384754));
#3577 = CARTESIAN_POINT('',(73.6,-8.362949192322));
#3578 = CARTESIAN_POINT('',(76.6,-10.09499999989));
#3579 = CARTESIAN_POINT('',(73.6,-11.82705080746));
#3580 = CARTESIAN_POINT('',(70.6,-13.55910161502));
#3581 = CARTESIAN_POINT('',(70.6,-10.09499999989));
#3582 = ( GEOMETRIC_REPRESENTATION_CONTEXT(2) 
PARAMETRIC_REPRESENTATION_CONTEXT() REPRESENTATION_CONTEXT('2D SPACE',''
  ) );
#3583 = ORIENTED_EDGE('',*,*,#3510,.F.);
#3584 = ADVANCED_FACE('',(#3585),#453,.T.);
#3585 = FACE_BOUND('',#3586,.T.);
#3586 = EDGE_LOOP('',(#3587,#3617,#3639,#3640,#3641,#3664,#3687,#3709));
#3587 = ORIENTED_EDGE('',*,*,#3588,.F.);
#3588 = EDGE_CURVE('',#3589,#3591,#3593,.T.);
#3589 = VERTEX_POINT('',#3590);
#3590 = CARTESIAN_POINT('',(74.6,-5.748212591011,2.4));
#3591 = VERTEX_POINT('',#3592);
#3592 = CARTESIAN_POINT('',(74.6,-6.4,2.4));
#3593 = SURFACE_CURVE('',#3594,(#3598,#3605),.PCURVE_S1.);
#3594 = LINE('',#3595,#3596);
#3595 = CARTESIAN_POINT('',(74.6,-5.047500000054,2.4));
#3596 = VECTOR('',#3597,1.);
#3597 = DIRECTION('',(0.,-1.,0.));
#3598 = PCURVE('',#453,#3599);
#3599 = DEFINITIONAL_REPRESENTATION('',(#3600),#3604);
#3600 = LINE('',#3601,#3602);
#3601 = CARTESIAN_POINT('',(5.047499999946,-1.3));
#3602 = VECTOR('',#3603,1.);
#3603 = DIRECTION('',(-1.,0.));
#3604 = ( GEOMETRIC_REPRESENTATION_CONTEXT(2) 
PARAMETRIC_REPRESENTATION_CONTEXT() REPRESENTATION_CONTEXT('2D SPACE',''
  ) );
#3605 = PCURVE('',#3606,#3611);
#3606 = PLANE('',#3607);
#3607 = AXIS2_PLACEMENT_3D('',#3608,#3609,#3610);
#3608 = CARTESIAN_POINT('',(-1.793605149074E-15,-1.088005381886E-10,2.4)
  );
#3609 = DIRECTION('',(0.,0.,1.));
#3610 = DIRECTION('',(1.,0.,-0.));
#3611 = DEFINITIONAL_REPRESENTATION('',(#3612),#3616);
#3612 = LINE('',#3613,#3614);
#3613 = CARTESIAN_POINT('',(74.6,-5.047499999946));
#3614 = VECTOR('',#3615,1.);
#3615 = DIRECTION('',(0.,-1.));
#3616 = ( GEOMETRIC_REPRESENTATION_CONTEXT(2) 
PARAMETRIC_REPRESENTATION_CONTEXT() REPRESENTATION_CONTEXT('2D SPACE',''
  ) );
#3617 = ORIENTED_EDGE('',*,*,#3618,.F.);
#3618 = EDGE_CURVE('',#412,#3589,#3619,.T.);
#3619 = SURFACE_CURVE('',#3620,(#3625,#3632),.PCURVE_S1.);
#3620 = CIRCLE('',#3621,3.5);
#3621 = AXIS2_PLACEMENT_3D('',#3622,#3623,#3624);
#3622 = CARTESIAN_POINT('',(74.6,-2.7,4.12));
#3623 = DIRECTION('',(-1.,0.,0.));
#3624 = DIRECTION('',(0.,1.,0.));
#3625 = PCURVE('',#453,#3626);
#3626 = DEFINITIONAL_REPRESENTATION('',(#3627),#3631);
#3627 = CIRCLE('',#3628,3.5);
#3628 = AXIS2_PLACEMENT_2D('',#3629,#3630);
#3629 = CARTESIAN_POINT('',(7.395,-3.02));
#3630 = DIRECTION('',(1.,0.));
#3631 = ( GEOMETRIC_REPRESENTATION_CONTEXT(2) 
PARAMETRIC_REPRESENTATION_CONTEXT() REPRESENTATION_CONTEXT('2D SPACE',''
  ) );
#3632 = PCURVE('',#426,#3633);
#3633 = DEFINITIONAL_REPRESENTATION('',(#3634),#3638);
#3634 = LINE('',#3635,#3636);
#3635 = CARTESIAN_POINT('',(-6.28318530718,-0.381));
#3636 = VECTOR('',#3637,1.);
#3637 = DIRECTION('',(1.,-0.));
#3638 = ( GEOMETRIC_REPRESENTATION_CONTEXT(2) 
PARAMETRIC_REPRESENTATION_CONTEXT() REPRESENTATION_CONTEXT('2D SPACE',''
  ) );
#3639 = ORIENTED_EDGE('',*,*,#437,.F.);
#3640 = ORIENTED_EDGE('',*,*,#3535,.T.);
#3641 = ORIENTED_EDGE('',*,*,#3642,.F.);
#3642 = EDGE_CURVE('',#3643,#3536,#3645,.T.);
#3643 = VERTEX_POINT('',#3644);
#3644 = CARTESIAN_POINT('',(74.6,-9.6,2.4));
#3645 = SURFACE_CURVE('',#3646,(#3650,#3657),.PCURVE_S1.);
#3646 = LINE('',#3647,#3648);
#3647 = CARTESIAN_POINT('',(74.6,-5.047500000054,2.4));
#3648 = VECTOR('',#3649,1.);
#3649 = DIRECTION('',(0.,-1.,0.));
#3650 = PCURVE('',#453,#3651);
#3651 = DEFINITIONAL_REPRESENTATION('',(#3652),#3656);
#3652 = LINE('',#3653,#3654);
#3653 = CARTESIAN_POINT('',(5.047499999946,-1.3));
#3654 = VECTOR('',#3655,1.);
#3655 = DIRECTION('',(-1.,0.));
#3656 = ( GEOMETRIC_REPRESENTATION_CONTEXT(2) 
PARAMETRIC_REPRESENTATION_CONTEXT() REPRESENTATION_CONTEXT('2D SPACE',''
  ) );
#3657 = PCURVE('',#3190,#3658);
#3658 = DEFINITIONAL_REPRESENTATION('',(#3659),#3663);
#3659 = LINE('',#3660,#3661);
#3660 = CARTESIAN_POINT('',(74.6,-5.047499999946));
#3661 = VECTOR('',#3662,1.);
#3662 = DIRECTION('',(0.,-1.));
#3663 = ( GEOMETRIC_REPRESENTATION_CONTEXT(2) 
PARAMETRIC_REPRESENTATION_CONTEXT() REPRESENTATION_CONTEXT('2D SPACE',''
  ) );
#3664 = ORIENTED_EDGE('',*,*,#3665,.T.);
#3665 = EDGE_CURVE('',#3643,#3666,#3668,.T.);
#3666 = VERTEX_POINT('',#3667);
#3667 = CARTESIAN_POINT('',(74.6,-9.6,2.6));
#3668 = SURFACE_CURVE('',#3669,(#3673,#3680),.PCURVE_S1.);
#3669 = LINE('',#3670,#3671);
#3670 = CARTESIAN_POINT('',(74.6,-9.6,1.1));
#3671 = VECTOR('',#3672,1.);
#3672 = DIRECTION('',(0.,0.,1.));
#3673 = PCURVE('',#453,#3674);
#3674 = DEFINITIONAL_REPRESENTATION('',(#3675),#3679);
#3675 = LINE('',#3676,#3677);
#3676 = CARTESIAN_POINT('',(0.495,2.22044604925E-16));
#3677 = VECTOR('',#3678,1.);
#3678 = DIRECTION('',(0.,-1.));
#3679 = ( GEOMETRIC_REPRESENTATION_CONTEXT(2) 
PARAMETRIC_REPRESENTATION_CONTEXT() REPRESENTATION_CONTEXT('2D SPACE',''
  ) );
#3680 = PCURVE('',#2805,#3681);
#3681 = DEFINITIONAL_REPRESENTATION('',(#3682),#3686);
#3682 = LINE('',#3683,#3684);
#3683 = CARTESIAN_POINT('',(-1.5,0.2));
#3684 = VECTOR('',#3685,1.);
#3685 = DIRECTION('',(1.,0.));
#3686 = ( GEOMETRIC_REPRESENTATION_CONTEXT(2) 
PARAMETRIC_REPRESENTATION_CONTEXT() REPRESENTATION_CONTEXT('2D SPACE',''
  ) );
#3687 = ORIENTED_EDGE('',*,*,#3688,.T.);
#3688 = EDGE_CURVE('',#3666,#3689,#3691,.T.);
#3689 = VERTEX_POINT('',#3690);
#3690 = CARTESIAN_POINT('',(74.6,-6.4,2.6));
#3691 = SURFACE_CURVE('',#3692,(#3696,#3703),.PCURVE_S1.);
#3692 = LINE('',#3693,#3694);
#3693 = CARTESIAN_POINT('',(74.6,-9.8475,2.6));
#3694 = VECTOR('',#3695,1.);
#3695 = DIRECTION('',(0.,1.,-0.));
#3696 = PCURVE('',#453,#3697);
#3697 = DEFINITIONAL_REPRESENTATION('',(#3698),#3702);
#3698 = LINE('',#3699,#3700);
#3699 = CARTESIAN_POINT('',(0.2475,-1.5));
#3700 = VECTOR('',#3701,1.);
#3701 = DIRECTION('',(1.,0.));
#3702 = ( GEOMETRIC_REPRESENTATION_CONTEXT(2) 
PARAMETRIC_REPRESENTATION_CONTEXT() REPRESENTATION_CONTEXT('2D SPACE',''
  ) );
#3703 = PCURVE('',#2832,#3704);
#3704 = DEFINITIONAL_REPRESENTATION('',(#3705),#3708);
#3705 = B_SPLINE_CURVE_WITH_KNOTS('',1,(#3706,#3707),.UNSPECIFIED.,.F.,
  .F.,(2,2),(0.2475,3.4475),.PIECEWISE_BEZIER_KNOTS.);
#3706 = CARTESIAN_POINT('',(0.2,0.));
#3707 = CARTESIAN_POINT('',(0.2,3.2));
#3708 = ( GEOMETRIC_REPRESENTATION_CONTEXT(2) 
PARAMETRIC_REPRESENTATION_CONTEXT() REPRESENTATION_CONTEXT('2D SPACE',''
  ) );
#3709 = ORIENTED_EDGE('',*,*,#3710,.F.);
#3710 = EDGE_CURVE('',#3591,#3689,#3711,.T.);
#3711 = SURFACE_CURVE('',#3712,(#3716,#3723),.PCURVE_S1.);
#3712 = LINE('',#3713,#3714);
#3713 = CARTESIAN_POINT('',(74.6,-6.4,1.1));
#3714 = VECTOR('',#3715,1.);
#3715 = DIRECTION('',(0.,0.,1.));
#3716 = PCURVE('',#453,#3717);
#3717 = DEFINITIONAL_REPRESENTATION('',(#3718),#3722);
#3718 = LINE('',#3719,#3720);
#3719 = CARTESIAN_POINT('',(3.695,2.22044604925E-16));
#3720 = VECTOR('',#3721,1.);
#3721 = DIRECTION('',(0.,-1.));
#3722 = ( GEOMETRIC_REPRESENTATION_CONTEXT(2) 
PARAMETRIC_REPRESENTATION_CONTEXT() REPRESENTATION_CONTEXT('2D SPACE',''
  ) );
#3723 = PCURVE('',#2856,#3724);
#3724 = DEFINITIONAL_REPRESENTATION('',(#3725),#3729);
#3725 = LINE('',#3726,#3727);
#3726 = CARTESIAN_POINT('',(-1.5,0.2));
#3727 = VECTOR('',#3728,1.);
#3728 = DIRECTION('',(1.,0.));
#3729 = ( GEOMETRIC_REPRESENTATION_CONTEXT(2) 
PARAMETRIC_REPRESENTATION_CONTEXT() REPRESENTATION_CONTEXT('2D SPACE',''
  ) );
#3730 = ADVANCED_FACE('',(#3731),#426,.F.);
#3731 = FACE_BOUND('',#3732,.T.);
#3732 = EDGE_LOOP('',(#3733,#3759,#3780,#3781,#3782,#3783));
#3733 = ORIENTED_EDGE('',*,*,#3734,.F.);
#3734 = EDGE_CURVE('',#3735,#3737,#3739,.T.);
#3735 = VERTEX_POINT('',#3736);
#3736 = CARTESIAN_POINT('',(74.219,-2.7,7.62));
#3737 = VERTEX_POINT('',#3738);
#3738 = CARTESIAN_POINT('',(74.219,-5.748212591011,2.4));
#3739 = SURFACE_CURVE('',#3740,(#3745,#3752),.PCURVE_S1.);
#3740 = CIRCLE('',#3741,3.5);
#3741 = AXIS2_PLACEMENT_3D('',#3742,#3743,#3744);
#3742 = CARTESIAN_POINT('',(74.219,-2.7,4.12));
#3743 = DIRECTION('',(1.,0.,0.));
#3744 = DIRECTION('',(0.,1.,0.));
#3745 = PCURVE('',#426,#3746);
#3746 = DEFINITIONAL_REPRESENTATION('',(#3747),#3751);
#3747 = LINE('',#3748,#3749);
#3748 = CARTESIAN_POINT('',(-0.,0.));
#3749 = VECTOR('',#3750,1.);
#3750 = DIRECTION('',(-1.,0.));
#3751 = ( GEOMETRIC_REPRESENTATION_CONTEXT(2) 
PARAMETRIC_REPRESENTATION_CONTEXT() REPRESENTATION_CONTEXT('2D SPACE',''
  ) );
#3752 = PCURVE('',#2998,#3753);
#3753 = DEFINITIONAL_REPRESENTATION('',(#3754),#3758);
#3754 = CIRCLE('',#3755,3.5);
#3755 = AXIS2_PLACEMENT_2D('',#3756,#3757);
#3756 = CARTESIAN_POINT('',(-2.7,0.));
#3757 = DIRECTION('',(1.,0.));
#3758 = ( GEOMETRIC_REPRESENTATION_CONTEXT(2) 
PARAMETRIC_REPRESENTATION_CONTEXT() REPRESENTATION_CONTEXT('2D SPACE',''
  ) );
#3759 = ORIENTED_EDGE('',*,*,#3760,.T.);
#3760 = EDGE_CURVE('',#3735,#2712,#3761,.T.);
#3761 = SURFACE_CURVE('',#3762,(#3766,#3773),.PCURVE_S1.);
#3762 = LINE('',#3763,#3764);
#3763 = CARTESIAN_POINT('',(74.219,-2.7,7.62));
#3764 = VECTOR('',#3765,1.);
#3765 = DIRECTION('',(1.,0.,0.));
#3766 = PCURVE('',#426,#3767);
#3767 = DEFINITIONAL_REPRESENTATION('',(#3768),#3772);
#3768 = LINE('',#3769,#3770);
#3769 = CARTESIAN_POINT('',(-1.570796326795,0.));
#3770 = VECTOR('',#3771,1.);
#3771 = DIRECTION('',(-0.,-1.));
#3772 = ( GEOMETRIC_REPRESENTATION_CONTEXT(2) 
PARAMETRIC_REPRESENTATION_CONTEXT() REPRESENTATION_CONTEXT('2D SPACE',''
  ) );
#3773 = PCURVE('',#2726,#3774);
#3774 = DEFINITIONAL_REPRESENTATION('',(#3775),#3779);
#3775 = LINE('',#3776,#3777);
#3776 = CARTESIAN_POINT('',(0.,0.));
#3777 = VECTOR('',#3778,1.);
#3778 = DIRECTION('',(0.,-1.));
#3779 = ( GEOMETRIC_REPRESENTATION_CONTEXT(2) 
PARAMETRIC_REPRESENTATION_CONTEXT() REPRESENTATION_CONTEXT('2D SPACE',''
  ) );
#3780 = ORIENTED_EDGE('',*,*,#2737,.F.);
#3781 = ORIENTED_EDGE('',*,*,#411,.T.);
#3782 = ORIENTED_EDGE('',*,*,#3618,.T.);
#3783 = ORIENTED_EDGE('',*,*,#3784,.T.);
#3784 = EDGE_CURVE('',#3589,#3737,#3785,.T.);
#3785 = SURFACE_CURVE('',#3786,(#3790,#3796),.PCURVE_S1.);
#3786 = LINE('',#3787,#3788);
#3787 = CARTESIAN_POINT('',(74.219,-5.748212591011,2.4));
#3788 = VECTOR('',#3789,1.);
#3789 = DIRECTION('',(-1.,-0.,-0.));
#3790 = PCURVE('',#426,#3791);
#3791 = DEFINITIONAL_REPRESENTATION('',(#3792),#3795);
#3792 = B_SPLINE_CURVE_WITH_KNOTS('',1,(#3793,#3794),.UNSPECIFIED.,.F.,
  .F.,(2,2),(-0.491,6.000000070117E-07),.PIECEWISE_BEZIER_KNOTS.);
#3793 = CARTESIAN_POINT('',(-3.655321954393,-0.491));
#3794 = CARTESIAN_POINT('',(-3.655321954393,6.000000070117E-07));
#3795 = ( GEOMETRIC_REPRESENTATION_CONTEXT(2) 
PARAMETRIC_REPRESENTATION_CONTEXT() REPRESENTATION_CONTEXT('2D SPACE',''
  ) );
#3796 = PCURVE('',#3606,#3797);
#3797 = DEFINITIONAL_REPRESENTATION('',(#3798),#3801);
#3798 = B_SPLINE_CURVE_WITH_KNOTS('',1,(#3799,#3800),.UNSPECIFIED.,.F.,
  .F.,(2,2),(-0.491,6.000000070117E-07),.PIECEWISE_BEZIER_KNOTS.);
#3799 = CARTESIAN_POINT('',(74.71,-5.748212590903));
#3800 = CARTESIAN_POINT('',(74.2189994,-5.748212590903));
#3801 = ( GEOMETRIC_REPRESENTATION_CONTEXT(2) 
PARAMETRIC_REPRESENTATION_CONTEXT() REPRESENTATION_CONTEXT('2D SPACE',''
  ) );
#3802 = ADVANCED_FACE('',(#3803),#371,.T.);
#3803 = FACE_BOUND('',#3804,.F.);
#3804 = EDGE_LOOP('',(#3805,#3806,#3807,#3830));
#3805 = ORIENTED_EDGE('',*,*,#2641,.F.);
#3806 = ORIENTED_EDGE('',*,*,#354,.F.);
#3807 = ORIENTED_EDGE('',*,*,#3808,.T.);
#3808 = EDGE_CURVE('',#327,#3809,#3811,.T.);
#3809 = VERTEX_POINT('',#3810);
#3810 = CARTESIAN_POINT('',(72.5,-12.995,9.));
#3811 = SURFACE_CURVE('',#3812,(#3816,#3823),.PCURVE_S1.);
#3812 = LINE('',#3813,#3814);
#3813 = CARTESIAN_POINT('',(72.5,-12.995,1.2));
#3814 = VECTOR('',#3815,1.);
#3815 = DIRECTION('',(0.,0.,1.));
#3816 = PCURVE('',#371,#3817);
#3817 = DEFINITIONAL_REPRESENTATION('',(#3818),#3822);
#3818 = LINE('',#3819,#3820);
#3819 = CARTESIAN_POINT('',(-4.712388980385,1.2));
#3820 = VECTOR('',#3821,1.);
#3821 = DIRECTION('',(-0.,-1.));
#3822 = ( GEOMETRIC_REPRESENTATION_CONTEXT(2) 
PARAMETRIC_REPRESENTATION_CONTEXT() REPRESENTATION_CONTEXT('2D SPACE',''
  ) );
#3823 = PCURVE('',#342,#3824);
#3824 = DEFINITIONAL_REPRESENTATION('',(#3825),#3829);
#3825 = LINE('',#3826,#3827);
#3826 = CARTESIAN_POINT('',(145.,1.2));
#3827 = VECTOR('',#3828,1.);
#3828 = DIRECTION('',(0.,-1.));
#3829 = ( GEOMETRIC_REPRESENTATION_CONTEXT(2) 
PARAMETRIC_REPRESENTATION_CONTEXT() REPRESENTATION_CONTEXT('2D SPACE',''
  ) );
#3830 = ORIENTED_EDGE('',*,*,#3831,.F.);
#3831 = EDGE_CURVE('',#2642,#3809,#3832,.T.);
#3832 = SURFACE_CURVE('',#3833,(#3838,#3845),.PCURVE_S1.);
#3833 = CIRCLE('',#3834,3.);
#3834 = AXIS2_PLACEMENT_3D('',#3835,#3836,#3837);
#3835 = CARTESIAN_POINT('',(72.5,-9.995,9.));
#3836 = DIRECTION('',(0.,0.,-1.));
#3837 = DIRECTION('',(1.,0.,0.));
#3838 = PCURVE('',#371,#3839);
#3839 = DEFINITIONAL_REPRESENTATION('',(#3840),#3844);
#3840 = LINE('',#3841,#3842);
#3841 = CARTESIAN_POINT('',(-6.28318530718,-6.6));
#3842 = VECTOR('',#3843,1.);
#3843 = DIRECTION('',(1.,-0.));
#3844 = ( GEOMETRIC_REPRESENTATION_CONTEXT(2) 
PARAMETRIC_REPRESENTATION_CONTEXT() REPRESENTATION_CONTEXT('2D SPACE',''
  ) );
#3845 = PCURVE('',#1065,#3846);
#3846 = DEFINITIONAL_REPRESENTATION('',(#3847),#3851);
#3847 = LINE('',#3848,#3849);
#3848 = CARTESIAN_POINT('',(0.,-0.));
#3849 = VECTOR('',#3850,1.);
#3850 = DIRECTION('',(1.,-0.));
#3851 = ( GEOMETRIC_REPRESENTATION_CONTEXT(2) 
PARAMETRIC_REPRESENTATION_CONTEXT() REPRESENTATION_CONTEXT('2D SPACE',''
  ) );
#3852 = ADVANCED_FACE('',(#3853),#342,.F.);
#3853 = FACE_BOUND('',#3854,.F.);
#3854 = EDGE_LOOP('',(#3855,#3856,#3877,#3878));
#3855 = ORIENTED_EDGE('',*,*,#806,.T.);
#3856 = ORIENTED_EDGE('',*,*,#3857,.F.);
#3857 = EDGE_CURVE('',#3809,#807,#3858,.T.);
#3858 = SURFACE_CURVE('',#3859,(#3863,#3870),.PCURVE_S1.);
#3859 = LINE('',#3860,#3861);
#3860 = CARTESIAN_POINT('',(72.5,-12.995,9.));
#3861 = VECTOR('',#3862,1.);
#3862 = DIRECTION('',(-1.,-0.,-0.));
#3863 = PCURVE('',#342,#3864);
#3864 = DEFINITIONAL_REPRESENTATION('',(#3865),#3869);
#3865 = LINE('',#3866,#3867);
#3866 = CARTESIAN_POINT('',(145.,-6.6));
#3867 = VECTOR('',#3868,1.);
#3868 = DIRECTION('',(-1.,0.));
#3869 = ( GEOMETRIC_REPRESENTATION_CONTEXT(2) 
PARAMETRIC_REPRESENTATION_CONTEXT() REPRESENTATION_CONTEXT('2D SPACE',''
  ) );
#3870 = PCURVE('',#977,#3871);
#3871 = DEFINITIONAL_REPRESENTATION('',(#3872),#3876);
#3872 = LINE('',#3873,#3874);
#3873 = CARTESIAN_POINT('',(0.,-0.353553390593));
#3874 = VECTOR('',#3875,1.);
#3875 = DIRECTION('',(1.,0.));
#3876 = ( GEOMETRIC_REPRESENTATION_CONTEXT(2) 
PARAMETRIC_REPRESENTATION_CONTEXT() REPRESENTATION_CONTEXT('2D SPACE',''
  ) );
#3877 = ORIENTED_EDGE('',*,*,#3808,.F.);
#3878 = ORIENTED_EDGE('',*,*,#326,.F.);
#3879 = ADVANCED_FACE('',(#3880),#873,.T.);
#3880 = FACE_BOUND('',#3881,.F.);
#3881 = EDGE_LOOP('',(#3882,#3883,#3884,#3903));
#3882 = ORIENTED_EDGE('',*,*,#912,.F.);
#3883 = ORIENTED_EDGE('',*,*,#857,.T.);
#3884 = ORIENTED_EDGE('',*,*,#3885,.T.);
#3885 = EDGE_CURVE('',#858,#1106,#3886,.T.);
#3886 = SURFACE_CURVE('',#3887,(#3891,#3897),.PCURVE_S1.);
#3887 = LINE('',#3888,#3889);
#3888 = CARTESIAN_POINT('',(72.5,12.745,9.25));
#3889 = VECTOR('',#3890,1.);
#3890 = DIRECTION('',(2.90882763039E-35,-0.707106781187,0.707106781187)
  );
#3891 = PCURVE('',#873,#3892);
#3892 = DEFINITIONAL_REPRESENTATION('',(#3893),#3896);
#3893 = B_SPLINE_CURVE_WITH_KNOTS('',1,(#3894,#3895),.UNSPECIFIED.,.F.,
  .F.,(2,2),(-0.353553390593,0.353553390593),.PIECEWISE_BEZIER_KNOTS.);
#3894 = CARTESIAN_POINT('',(-145.,-0.353553390593));
#3895 = CARTESIAN_POINT('',(-145.,0.353553390593));
#3896 = ( GEOMETRIC_REPRESENTATION_CONTEXT(2) 
PARAMETRIC_REPRESENTATION_CONTEXT() REPRESENTATION_CONTEXT('2D SPACE',''
  ) );
#3897 = PCURVE('',#1126,#3898);
#3898 = DEFINITIONAL_REPRESENTATION('',(#3899),#3902);
#3899 = B_SPLINE_CURVE_WITH_KNOTS('',1,(#3900,#3901),.UNSPECIFIED.,.F.,
  .F.,(2,2),(-0.353553390593,0.353553390593),.PIECEWISE_BEZIER_KNOTS.);
#3900 = CARTESIAN_POINT('',(0.,0.));
#3901 = CARTESIAN_POINT('',(0.,-0.5));
#3902 = ( GEOMETRIC_REPRESENTATION_CONTEXT(2) 
PARAMETRIC_REPRESENTATION_CONTEXT() REPRESENTATION_CONTEXT('2D SPACE',''
  ) );
#3903 = ORIENTED_EDGE('',*,*,#1138,.F.);
#3904 = ADVANCED_FACE('',(#3905),#977,.F.);
#3905 = FACE_BOUND('',#3906,.F.);
#3906 = EDGE_LOOP('',(#3907,#3926,#3927,#3928));
#3907 = ORIENTED_EDGE('',*,*,#3908,.F.);
#3908 = EDGE_CURVE('',#3809,#1022,#3909,.T.);
#3909 = SURFACE_CURVE('',#3910,(#3914,#3920),.PCURVE_S1.);
#3910 = LINE('',#3911,#3912);
#3911 = CARTESIAN_POINT('',(72.5,-12.995,9.));
#3912 = VECTOR('',#3913,1.);
#3913 = DIRECTION('',(-4.329780281177E-17,0.707106781187,0.707106781187)
  );
#3914 = PCURVE('',#977,#3915);
#3915 = DEFINITIONAL_REPRESENTATION('',(#3916),#3919);
#3916 = B_SPLINE_CURVE_WITH_KNOTS('',1,(#3917,#3918),.UNSPECIFIED.,.F.,
  .F.,(2,2),(0.,0.707106781187),.PIECEWISE_BEZIER_KNOTS.);
#3917 = CARTESIAN_POINT('',(2.84217094304E-14,-0.353553390593));
#3918 = CARTESIAN_POINT('',(2.84217094304E-14,0.353553390593));
#3919 = ( GEOMETRIC_REPRESENTATION_CONTEXT(2) 
PARAMETRIC_REPRESENTATION_CONTEXT() REPRESENTATION_CONTEXT('2D SPACE',''
  ) );
#3920 = PCURVE('',#1065,#3921);
#3921 = DEFINITIONAL_REPRESENTATION('',(#3922),#3925);
#3922 = B_SPLINE_CURVE_WITH_KNOTS('',1,(#3923,#3924),.UNSPECIFIED.,.F.,
  .F.,(2,2),(0.,0.707106781187),.PIECEWISE_BEZIER_KNOTS.);
#3923 = CARTESIAN_POINT('',(1.570796326795,0.));
#3924 = CARTESIAN_POINT('',(1.570796326795,-0.5));
#3925 = ( GEOMETRIC_REPRESENTATION_CONTEXT(2) 
PARAMETRIC_REPRESENTATION_CONTEXT() REPRESENTATION_CONTEXT('2D SPACE',''
  ) );
#3926 = ORIENTED_EDGE('',*,*,#3857,.T.);
#3927 = ORIENTED_EDGE('',*,*,#962,.T.);
#3928 = ORIENTED_EDGE('',*,*,#1021,.F.);
#3929 = ADVANCED_FACE('',(#3930),#1065,.T.);
#3930 = FACE_BOUND('',#3931,.F.);
#3931 = EDGE_LOOP('',(#3932,#3951,#3952,#3953));
#3932 = ORIENTED_EDGE('',*,*,#3933,.F.);
#3933 = EDGE_CURVE('',#2642,#1045,#3934,.T.);
#3934 = SURFACE_CURVE('',#3935,(#3939,#3945),.PCURVE_S1.);
#3935 = LINE('',#3936,#3937);
#3936 = CARTESIAN_POINT('',(75.25,-9.995,9.25));
#3937 = VECTOR('',#3938,1.);
#3938 = DIRECTION('',(-0.707106781187,2.90882763039E-35,0.707106781187)
  );
#3939 = PCURVE('',#1065,#3940);
#3940 = DEFINITIONAL_REPRESENTATION('',(#3941),#3944);
#3941 = B_SPLINE_CURVE_WITH_KNOTS('',1,(#3942,#3943),.UNSPECIFIED.,.F.,
  .F.,(2,2),(-0.353553390593,0.353553390593),.PIECEWISE_BEZIER_KNOTS.);
#3942 = CARTESIAN_POINT('',(0.,0.));
#3943 = CARTESIAN_POINT('',(0.,-0.5));
#3944 = ( GEOMETRIC_REPRESENTATION_CONTEXT(2) 
PARAMETRIC_REPRESENTATION_CONTEXT() REPRESENTATION_CONTEXT('2D SPACE',''
  ) );
#3945 = PCURVE('',#1093,#3946);
#3946 = DEFINITIONAL_REPRESENTATION('',(#3947),#3950);
#3947 = B_SPLINE_CURVE_WITH_KNOTS('',1,(#3948,#3949),.UNSPECIFIED.,.F.,
  .F.,(2,2),(-0.353553390593,0.353553390593),.PIECEWISE_BEZIER_KNOTS.);
#3948 = CARTESIAN_POINT('',(19.989999998705,-0.353553390593));
#3949 = CARTESIAN_POINT('',(19.989999998705,0.353553390593));
#3950 = ( GEOMETRIC_REPRESENTATION_CONTEXT(2) 
PARAMETRIC_REPRESENTATION_CONTEXT() REPRESENTATION_CONTEXT('2D SPACE',''
  ) );
#3951 = ORIENTED_EDGE('',*,*,#3831,.T.);
#3952 = ORIENTED_EDGE('',*,*,#3908,.T.);
#3953 = ORIENTED_EDGE('',*,*,#1044,.F.);
#3954 = ADVANCED_FACE('',(#3955),#1126,.T.);
#3955 = FACE_BOUND('',#3956,.F.);
#3956 = EDGE_LOOP('',(#3957,#3958,#3959,#3978));
#3957 = ORIENTED_EDGE('',*,*,#3885,.F.);
#3958 = ORIENTED_EDGE('',*,*,#2614,.T.);
#3959 = ORIENTED_EDGE('',*,*,#3960,.T.);
#3960 = EDGE_CURVE('',#2592,#1078,#3961,.T.);
#3961 = SURFACE_CURVE('',#3962,(#3966,#3972),.PCURVE_S1.);
#3962 = LINE('',#3963,#3964);
#3963 = CARTESIAN_POINT('',(75.5,9.994999998705,9.));
#3964 = VECTOR('',#3965,1.);
#3965 = DIRECTION('',(-0.707106781187,-4.329780281177E-17,0.707106781187
    ));
#3966 = PCURVE('',#1126,#3967);
#3967 = DEFINITIONAL_REPRESENTATION('',(#3968),#3971);
#3968 = B_SPLINE_CURVE_WITH_KNOTS('',1,(#3969,#3970),.UNSPECIFIED.,.F.,
  .F.,(2,2),(0.,0.707106781187),.PIECEWISE_BEZIER_KNOTS.);
#3969 = CARTESIAN_POINT('',(1.570796326795,0.));
#3970 = CARTESIAN_POINT('',(1.570796326795,-0.5));
#3971 = ( GEOMETRIC_REPRESENTATION_CONTEXT(2) 
PARAMETRIC_REPRESENTATION_CONTEXT() REPRESENTATION_CONTEXT('2D SPACE',''
  ) );
#3972 = PCURVE('',#1093,#3973);
#3973 = DEFINITIONAL_REPRESENTATION('',(#3974),#3977);
#3974 = B_SPLINE_CURVE_WITH_KNOTS('',1,(#3975,#3976),.UNSPECIFIED.,.F.,
  .F.,(2,2),(0.,0.707106781187),.PIECEWISE_BEZIER_KNOTS.);
#3975 = CARTESIAN_POINT('',(0.,-0.353553390593));
#3976 = CARTESIAN_POINT('',(0.,0.353553390593));
#3977 = ( GEOMETRIC_REPRESENTATION_CONTEXT(2) 
PARAMETRIC_REPRESENTATION_CONTEXT() REPRESENTATION_CONTEXT('2D SPACE',''
  ) );
#3978 = ORIENTED_EDGE('',*,*,#1105,.F.);
#3979 = ADVANCED_FACE('',(#3980),#1093,.F.);
#3980 = FACE_BOUND('',#3981,.F.);
#3981 = EDGE_LOOP('',(#3982,#3983,#3984,#3985));
#3982 = ORIENTED_EDGE('',*,*,#3960,.F.);
#3983 = ORIENTED_EDGE('',*,*,#2664,.T.);
#3984 = ORIENTED_EDGE('',*,*,#3933,.T.);
#3985 = ORIENTED_EDGE('',*,*,#1077,.F.);
#3986 = ADVANCED_FACE('',(#3987),#1179,.F.);
#3987 = FACE_BOUND('',#3988,.F.);
#3988 = EDGE_LOOP('',(#3989,#4017,#4038,#4039));
#3989 = ORIENTED_EDGE('',*,*,#3990,.T.);
#3990 = EDGE_CURVE('',#3991,#3993,#3995,.T.);
#3991 = VERTEX_POINT('',#3992);
#3992 = CARTESIAN_POINT('',(-63.825,6.949999995166,8.2));
#3993 = VERTEX_POINT('',#3994);
#3994 = CARTESIAN_POINT('',(-63.825,-6.950000000035,8.2));
#3995 = SURFACE_CURVE('',#3996,(#4000,#4006),.PCURVE_S1.);
#3996 = LINE('',#3997,#3998);
#3997 = CARTESIAN_POINT('',(-63.825,-3.475000000116,8.2));
#3998 = VECTOR('',#3999,1.);
#3999 = DIRECTION('',(0.,-1.,0.));
#4000 = PCURVE('',#1179,#4001);
#4001 = DEFINITIONAL_REPRESENTATION('',(#4002),#4005);
#4002 = B_SPLINE_CURVE_WITH_KNOTS('',1,(#4003,#4004),.UNSPECIFIED.,.F.,
  .F.,(2,2),(-10.42499999528,3.47499999992),.PIECEWISE_BEZIER_KNOTS.);
#4003 = CARTESIAN_POINT('',(13.899999995202,-1.E-01));
#4004 = CARTESIAN_POINT('',(0.,-1.E-01));
#4005 = ( GEOMETRIC_REPRESENTATION_CONTEXT(2) 
PARAMETRIC_REPRESENTATION_CONTEXT() REPRESENTATION_CONTEXT('2D SPACE',''
  ) );
#4006 = PCURVE('',#4007,#4012);
#4007 = PLANE('',#4008);
#4008 = AXIS2_PLACEMENT_3D('',#4009,#4010,#4011);
#4009 = CARTESIAN_POINT('',(-1.215265353741E-15,-1.962015803126E-10,8.2)
  );
#4010 = DIRECTION('',(0.,0.,1.));
#4011 = DIRECTION('',(1.,0.,-0.));
#4012 = DEFINITIONAL_REPRESENTATION('',(#4013),#4016);
#4013 = B_SPLINE_CURVE_WITH_KNOTS('',1,(#4014,#4015),.UNSPECIFIED.,.F.,
  .F.,(2,2),(-10.42499999528,3.47499999992),.PIECEWISE_BEZIER_KNOTS.);
#4014 = CARTESIAN_POINT('',(-63.825,6.949999995362));
#4015 = CARTESIAN_POINT('',(-63.825,-6.949999999839));
#4016 = ( GEOMETRIC_REPRESENTATION_CONTEXT(2) 
PARAMETRIC_REPRESENTATION_CONTEXT() REPRESENTATION_CONTEXT('2D SPACE',''
  ) );
#4017 = ORIENTED_EDGE('',*,*,#4018,.T.);
#4018 = EDGE_CURVE('',#3993,#1165,#4019,.T.);
#4019 = SURFACE_CURVE('',#4020,(#4024,#4031),.PCURVE_S1.);
#4020 = LINE('',#4021,#4022);
#4021 = CARTESIAN_POINT('',(-63.825,-6.950000000035,8.1));
#4022 = VECTOR('',#4023,1.);
#4023 = DIRECTION('',(0.,0.,1.));
#4024 = PCURVE('',#1179,#4025);
#4025 = DEFINITIONAL_REPRESENTATION('',(#4026),#4030);
#4026 = LINE('',#4027,#4028);
#4027 = CARTESIAN_POINT('',(0.,0.));
#4028 = VECTOR('',#4029,1.);
#4029 = DIRECTION('',(0.,-1.));
#4030 = ( GEOMETRIC_REPRESENTATION_CONTEXT(2) 
PARAMETRIC_REPRESENTATION_CONTEXT() REPRESENTATION_CONTEXT('2D SPACE',''
  ) );
#4031 = PCURVE('',#1386,#4032);
#4032 = DEFINITIONAL_REPRESENTATION('',(#4033),#4037);
#4033 = LINE('',#4034,#4035);
#4034 = CARTESIAN_POINT('',(-3.14159265359,0.));
#4035 = VECTOR('',#4036,1.);
#4036 = DIRECTION('',(-0.,-1.));
#4037 = ( GEOMETRIC_REPRESENTATION_CONTEXT(2) 
PARAMETRIC_REPRESENTATION_CONTEXT() REPRESENTATION_CONTEXT('2D SPACE',''
  ) );
#4038 = ORIENTED_EDGE('',*,*,#1162,.F.);
#4039 = ORIENTED_EDGE('',*,*,#4040,.F.);
#4040 = EDGE_CURVE('',#3991,#1163,#4041,.T.);
#4041 = SURFACE_CURVE('',#4042,(#4046,#4053),.PCURVE_S1.);
#4042 = LINE('',#4043,#4044);
#4043 = CARTESIAN_POINT('',(-63.825,6.949999995166,8.1));
#4044 = VECTOR('',#4045,1.);
#4045 = DIRECTION('',(0.,0.,1.));
#4046 = PCURVE('',#1179,#4047);
#4047 = DEFINITIONAL_REPRESENTATION('',(#4048),#4052);
#4048 = LINE('',#4049,#4050);
#4049 = CARTESIAN_POINT('',(13.899999995202,0.));
#4050 = VECTOR('',#4051,1.);
#4051 = DIRECTION('',(0.,-1.));
#4052 = ( GEOMETRIC_REPRESENTATION_CONTEXT(2) 
PARAMETRIC_REPRESENTATION_CONTEXT() REPRESENTATION_CONTEXT('2D SPACE',''
  ) );
#4053 = PCURVE('',#1211,#4054);
#4054 = DEFINITIONAL_REPRESENTATION('',(#4055),#4059);
#4055 = LINE('',#4056,#4057);
#4056 = CARTESIAN_POINT('',(-3.14159265359,0.));
#4057 = VECTOR('',#4058,1.);
#4058 = DIRECTION('',(-0.,-1.));
#4059 = ( GEOMETRIC_REPRESENTATION_CONTEXT(2) 
PARAMETRIC_REPRESENTATION_CONTEXT() REPRESENTATION_CONTEXT('2D SPACE',''
  ) );
#4060 = ADVANCED_FACE('',(#4061),#1211,.F.);
#4061 = FACE_BOUND('',#4062,.T.);
#4062 = EDGE_LOOP('',(#4063,#4091,#4112,#4113));
#4063 = ORIENTED_EDGE('',*,*,#4064,.T.);
#4064 = EDGE_CURVE('',#3991,#4065,#4067,.T.);
#4065 = VERTEX_POINT('',#4066);
#4066 = CARTESIAN_POINT('',(-63.725,7.049999997601,8.2));
#4067 = SURFACE_CURVE('',#4068,(#4073,#4080),.PCURVE_S1.);
#4068 = CIRCLE('',#4069,0.1);
#4069 = AXIS2_PLACEMENT_3D('',#4070,#4071,#4072);
#4070 = CARTESIAN_POINT('',(-63.725,6.949999995166,8.2));
#4071 = DIRECTION('',(0.,0.,-1.));
#4072 = DIRECTION('',(1.,0.,0.));
#4073 = PCURVE('',#1211,#4074);
#4074 = DEFINITIONAL_REPRESENTATION('',(#4075),#4079);
#4075 = LINE('',#4076,#4077);
#4076 = CARTESIAN_POINT('',(-6.28318530718,-1.E-01));
#4077 = VECTOR('',#4078,1.);
#4078 = DIRECTION('',(1.,-0.));
#4079 = ( GEOMETRIC_REPRESENTATION_CONTEXT(2) 
PARAMETRIC_REPRESENTATION_CONTEXT() REPRESENTATION_CONTEXT('2D SPACE',''
  ) );
#4080 = PCURVE('',#4007,#4081);
#4081 = DEFINITIONAL_REPRESENTATION('',(#4082),#4090);
#4082 = ( BOUNDED_CURVE() B_SPLINE_CURVE(2,(#4083,#4084,#4085,#4086,
#4087,#4088,#4089),.UNSPECIFIED.,.T.,.F.) B_SPLINE_CURVE_WITH_KNOTS((1,2
    ,2,2,2,1),(-2.094395102393,0.,2.094395102393,4.188790204786,
6.28318530718,8.377580409573),.UNSPECIFIED.) CURVE() 
GEOMETRIC_REPRESENTATION_ITEM() RATIONAL_B_SPLINE_CURVE((1.,0.5,1.,0.5,
1.,0.5,1.)) REPRESENTATION_ITEM('') );
#4083 = CARTESIAN_POINT('',(-63.625,6.949999995362));
#4084 = CARTESIAN_POINT('',(-63.625,6.776794914606));
#4085 = CARTESIAN_POINT('',(-63.775,6.863397454984));
#4086 = CARTESIAN_POINT('',(-63.925,6.949999995362));
#4087 = CARTESIAN_POINT('',(-63.775,7.036602535741));
#4088 = CARTESIAN_POINT('',(-63.625,7.123205076119));
#4089 = CARTESIAN_POINT('',(-63.625,6.949999995362));
#4090 = ( GEOMETRIC_REPRESENTATION_CONTEXT(2) 
PARAMETRIC_REPRESENTATION_CONTEXT() REPRESENTATION_CONTEXT('2D SPACE',''
  ) );
#4091 = ORIENTED_EDGE('',*,*,#4092,.T.);
#4092 = EDGE_CURVE('',#4065,#1191,#4093,.T.);
#4093 = SURFACE_CURVE('',#4094,(#4098,#4105),.PCURVE_S1.);
#4094 = LINE('',#4095,#4096);
#4095 = CARTESIAN_POINT('',(-63.725,7.049999997601,8.1));
#4096 = VECTOR('',#4097,1.);
#4097 = DIRECTION('',(0.,0.,1.));
#4098 = PCURVE('',#1211,#4099);
#4099 = DEFINITIONAL_REPRESENTATION('',(#4100),#4104);
#4100 = LINE('',#4101,#4102);
#4101 = CARTESIAN_POINT('',(-1.570796326795,0.));
#4102 = VECTOR('',#4103,1.);
#4103 = DIRECTION('',(-0.,-1.));
#4104 = ( GEOMETRIC_REPRESENTATION_CONTEXT(2) 
PARAMETRIC_REPRESENTATION_CONTEXT() REPRESENTATION_CONTEXT('2D SPACE',''
  ) );
#4105 = PCURVE('',#1238,#4106);
#4106 = DEFINITIONAL_REPRESENTATION('',(#4107),#4111);
#4107 = LINE('',#4108,#4109);
#4108 = CARTESIAN_POINT('',(0.,0.));
#4109 = VECTOR('',#4110,1.);
#4110 = DIRECTION('',(0.,-1.));
#4111 = ( GEOMETRIC_REPRESENTATION_CONTEXT(2) 
PARAMETRIC_REPRESENTATION_CONTEXT() REPRESENTATION_CONTEXT('2D SPACE',''
  ) );
#4112 = ORIENTED_EDGE('',*,*,#1190,.F.);
#4113 = ORIENTED_EDGE('',*,*,#4040,.F.);
#4114 = ADVANCED_FACE('',(#4115),#1386,.F.);
#4115 = FACE_BOUND('',#4116,.T.);
#4116 = EDGE_LOOP('',(#4117,#4145,#4146,#4147));
#4117 = ORIENTED_EDGE('',*,*,#4118,.T.);
#4118 = EDGE_CURVE('',#4119,#3993,#4121,.T.);
#4119 = VERTEX_POINT('',#4120);
#4120 = CARTESIAN_POINT('',(-63.725,-7.05,8.2));
#4121 = SURFACE_CURVE('',#4122,(#4127,#4134),.PCURVE_S1.);
#4122 = CIRCLE('',#4123,0.1);
#4123 = AXIS2_PLACEMENT_3D('',#4124,#4125,#4126);
#4124 = CARTESIAN_POINT('',(-63.725,-6.950000000035,8.2));
#4125 = DIRECTION('',(0.,0.,-1.));
#4126 = DIRECTION('',(1.,0.,0.));
#4127 = PCURVE('',#1386,#4128);
#4128 = DEFINITIONAL_REPRESENTATION('',(#4129),#4133);
#4129 = LINE('',#4130,#4131);
#4130 = CARTESIAN_POINT('',(-6.28318530718,-1.E-01));
#4131 = VECTOR('',#4132,1.);
#4132 = DIRECTION('',(1.,-0.));
#4133 = ( GEOMETRIC_REPRESENTATION_CONTEXT(2) 
PARAMETRIC_REPRESENTATION_CONTEXT() REPRESENTATION_CONTEXT('2D SPACE',''
  ) );
#4134 = PCURVE('',#4007,#4135);
#4135 = DEFINITIONAL_REPRESENTATION('',(#4136),#4144);
#4136 = ( BOUNDED_CURVE() B_SPLINE_CURVE(2,(#4137,#4138,#4139,#4140,
#4141,#4142,#4143),.UNSPECIFIED.,.T.,.F.) B_SPLINE_CURVE_WITH_KNOTS((1,2
    ,2,2,2,1),(-2.094395102393,0.,2.094395102393,4.188790204786,
6.28318530718,8.377580409573),.UNSPECIFIED.) CURVE() 
GEOMETRIC_REPRESENTATION_ITEM() RATIONAL_B_SPLINE_CURVE((1.,0.5,1.,0.5,
1.,0.5,1.)) REPRESENTATION_ITEM('') );
#4137 = CARTESIAN_POINT('',(-63.625,-6.949999999839));
#4138 = CARTESIAN_POINT('',(-63.625,-7.123205080596));
#4139 = CARTESIAN_POINT('',(-63.775,-7.036602540218));
#4140 = CARTESIAN_POINT('',(-63.925,-6.949999999839));
#4141 = CARTESIAN_POINT('',(-63.775,-6.863397459461));
#4142 = CARTESIAN_POINT('',(-63.625,-6.776794919082));
#4143 = CARTESIAN_POINT('',(-63.625,-6.949999999839));
#4144 = ( GEOMETRIC_REPRESENTATION_CONTEXT(2) 
PARAMETRIC_REPRESENTATION_CONTEXT() REPRESENTATION_CONTEXT('2D SPACE',''
  ) );
#4145 = ORIENTED_EDGE('',*,*,#4018,.T.);
#4146 = ORIENTED_EDGE('',*,*,#1367,.F.);
#4147 = ORIENTED_EDGE('',*,*,#4148,.F.);
#4148 = EDGE_CURVE('',#4119,#1342,#4149,.T.);
#4149 = SURFACE_CURVE('',#4150,(#4154,#4161),.PCURVE_S1.);
#4150 = LINE('',#4151,#4152);
#4151 = CARTESIAN_POINT('',(-63.725,-7.05,8.1));
#4152 = VECTOR('',#4153,1.);
#4153 = DIRECTION('',(0.,0.,1.));
#4154 = PCURVE('',#1386,#4155);
#4155 = DEFINITIONAL_REPRESENTATION('',(#4156),#4160);
#4156 = LINE('',#4157,#4158);
#4157 = CARTESIAN_POINT('',(-4.712388980385,0.));
#4158 = VECTOR('',#4159,1.);
#4159 = DIRECTION('',(-0.,-1.));
#4160 = ( GEOMETRIC_REPRESENTATION_CONTEXT(2) 
PARAMETRIC_REPRESENTATION_CONTEXT() REPRESENTATION_CONTEXT('2D SPACE',''
  ) );
#4161 = PCURVE('',#1356,#4162);
#4162 = DEFINITIONAL_REPRESENTATION('',(#4163),#4167);
#4163 = LINE('',#4164,#4165);
#4164 = CARTESIAN_POINT('',(0.,0.));
#4165 = VECTOR('',#4166,1.);
#4166 = DIRECTION('',(0.,-1.));
#4167 = ( GEOMETRIC_REPRESENTATION_CONTEXT(2) 
PARAMETRIC_REPRESENTATION_CONTEXT() REPRESENTATION_CONTEXT('2D SPACE',''
  ) );
#4168 = ADVANCED_FACE('',(#4169),#1238,.F.);
#4169 = FACE_BOUND('',#4170,.F.);
#4170 = EDGE_LOOP('',(#4171,#4192,#4193,#4194));
#4171 = ORIENTED_EDGE('',*,*,#4172,.T.);
#4172 = EDGE_CURVE('',#4173,#4065,#4175,.T.);
#4173 = VERTEX_POINT('',#4174);
#4174 = CARTESIAN_POINT('',(-49.825,7.049999997601,8.2));
#4175 = SURFACE_CURVE('',#4176,(#4180,#4186),.PCURVE_S1.);
#4176 = LINE('',#4177,#4178);
#4177 = CARTESIAN_POINT('',(-31.8625,7.050000000035,8.2));
#4178 = VECTOR('',#4179,1.);
#4179 = DIRECTION('',(-1.,0.,0.));
#4180 = PCURVE('',#1238,#4181);
#4181 = DEFINITIONAL_REPRESENTATION('',(#4182),#4185);
#4182 = B_SPLINE_CURVE_WITH_KNOTS('',1,(#4183,#4184),.UNSPECIFIED.,.F.,
  .F.,(2,2),(17.9625,31.8625),.PIECEWISE_BEZIER_KNOTS.);
#4183 = CARTESIAN_POINT('',(13.9,-1.E-01));
#4184 = CARTESIAN_POINT('',(0.,-1.E-01));
#4185 = ( GEOMETRIC_REPRESENTATION_CONTEXT(2) 
PARAMETRIC_REPRESENTATION_CONTEXT() REPRESENTATION_CONTEXT('2D SPACE',''
  ) );
#4186 = PCURVE('',#4007,#4187);
#4187 = DEFINITIONAL_REPRESENTATION('',(#4188),#4191);
#4188 = B_SPLINE_CURVE_WITH_KNOTS('',1,(#4189,#4190),.UNSPECIFIED.,.F.,
  .F.,(2,2),(17.9625,31.8625),.PIECEWISE_BEZIER_KNOTS.);
#4189 = CARTESIAN_POINT('',(-49.825,7.050000000232));
#4190 = CARTESIAN_POINT('',(-63.725,7.050000000232));
#4191 = ( GEOMETRIC_REPRESENTATION_CONTEXT(2) 
PARAMETRIC_REPRESENTATION_CONTEXT() REPRESENTATION_CONTEXT('2D SPACE',''
  ) );
#4192 = ORIENTED_EDGE('',*,*,#4092,.T.);
#4193 = ORIENTED_EDGE('',*,*,#1223,.F.);
#4194 = ORIENTED_EDGE('',*,*,#4195,.F.);
#4195 = EDGE_CURVE('',#4173,#1224,#4196,.T.);
#4196 = SURFACE_CURVE('',#4197,(#4201,#4208),.PCURVE_S1.);
#4197 = LINE('',#4198,#4199);
#4198 = CARTESIAN_POINT('',(-49.825,7.049999997601,8.1));
#4199 = VECTOR('',#4200,1.);
#4200 = DIRECTION('',(0.,0.,1.));
#4201 = PCURVE('',#1238,#4202);
#4202 = DEFINITIONAL_REPRESENTATION('',(#4203),#4207);
#4203 = LINE('',#4204,#4205);
#4204 = CARTESIAN_POINT('',(13.9,0.));
#4205 = VECTOR('',#4206,1.);
#4206 = DIRECTION('',(0.,-1.));
#4207 = ( GEOMETRIC_REPRESENTATION_CONTEXT(2) 
PARAMETRIC_REPRESENTATION_CONTEXT() REPRESENTATION_CONTEXT('2D SPACE',''
  ) );
#4208 = PCURVE('',#1270,#4209);
#4209 = DEFINITIONAL_REPRESENTATION('',(#4210),#4214);
#4210 = LINE('',#4211,#4212);
#4211 = CARTESIAN_POINT('',(-1.570796326795,0.));
#4212 = VECTOR('',#4213,1.);
#4213 = DIRECTION('',(-0.,-1.));
#4214 = ( GEOMETRIC_REPRESENTATION_CONTEXT(2) 
PARAMETRIC_REPRESENTATION_CONTEXT() REPRESENTATION_CONTEXT('2D SPACE',''
  ) );
#4215 = ADVANCED_FACE('',(#4216),#1356,.T.);
#4216 = FACE_BOUND('',#4217,.T.);
#4217 = EDGE_LOOP('',(#4218,#4239,#4240,#4241));
#4218 = ORIENTED_EDGE('',*,*,#4219,.T.);
#4219 = EDGE_CURVE('',#4220,#4119,#4222,.T.);
#4220 = VERTEX_POINT('',#4221);
#4221 = CARTESIAN_POINT('',(-49.82500000486,-7.049999999965,8.2));
#4222 = SURFACE_CURVE('',#4223,(#4227,#4233),.PCURVE_S1.);
#4223 = LINE('',#4224,#4225);
#4224 = CARTESIAN_POINT('',(-31.8625,-7.049999999965,8.2));
#4225 = VECTOR('',#4226,1.);
#4226 = DIRECTION('',(-1.,0.,0.));
#4227 = PCURVE('',#1356,#4228);
#4228 = DEFINITIONAL_REPRESENTATION('',(#4229),#4232);
#4229 = B_SPLINE_CURVE_WITH_KNOTS('',1,(#4230,#4231),.UNSPECIFIED.,.F.,
  .F.,(2,2),(17.962500004869,31.8625),.PIECEWISE_BEZIER_KNOTS.);
#4230 = CARTESIAN_POINT('',(13.899999995131,-1.E-01));
#4231 = CARTESIAN_POINT('',(0.,-1.E-01));
#4232 = ( GEOMETRIC_REPRESENTATION_CONTEXT(2) 
PARAMETRIC_REPRESENTATION_CONTEXT() REPRESENTATION_CONTEXT('2D SPACE',''
  ) );
#4233 = PCURVE('',#4007,#4234);
#4234 = DEFINITIONAL_REPRESENTATION('',(#4235),#4238);
#4235 = B_SPLINE_CURVE_WITH_KNOTS('',1,(#4236,#4237),.UNSPECIFIED.,.F.,
  .F.,(2,2),(17.962500004869,31.8625),.PIECEWISE_BEZIER_KNOTS.);
#4236 = CARTESIAN_POINT('',(-49.82500000486,-7.049999999768));
#4237 = CARTESIAN_POINT('',(-63.725,-7.049999999768));
#4238 = ( GEOMETRIC_REPRESENTATION_CONTEXT(2) 
PARAMETRIC_REPRESENTATION_CONTEXT() REPRESENTATION_CONTEXT('2D SPACE',''
  ) );
#4239 = ORIENTED_EDGE('',*,*,#4148,.T.);
#4240 = ORIENTED_EDGE('',*,*,#1341,.F.);
#4241 = ORIENTED_EDGE('',*,*,#4242,.F.);
#4242 = EDGE_CURVE('',#4220,#1309,#4243,.T.);
#4243 = SURFACE_CURVE('',#4244,(#4248,#4255),.PCURVE_S1.);
#4244 = LINE('',#4245,#4246);
#4245 = CARTESIAN_POINT('',(-49.82500000486,-7.049999999965,8.1));
#4246 = VECTOR('',#4247,1.);
#4247 = DIRECTION('',(0.,0.,1.));
#4248 = PCURVE('',#1356,#4249);
#4249 = DEFINITIONAL_REPRESENTATION('',(#4250),#4254);
#4250 = LINE('',#4251,#4252);
#4251 = CARTESIAN_POINT('',(13.899999995131,0.));
#4252 = VECTOR('',#4253,1.);
#4253 = DIRECTION('',(0.,-1.));
#4254 = ( GEOMETRIC_REPRESENTATION_CONTEXT(2) 
PARAMETRIC_REPRESENTATION_CONTEXT() REPRESENTATION_CONTEXT('2D SPACE',''
  ) );
#4255 = PCURVE('',#1329,#4256);
#4256 = DEFINITIONAL_REPRESENTATION('',(#4257),#4261);
#4257 = LINE('',#4258,#4259);
#4258 = CARTESIAN_POINT('',(-4.712388980385,0.));
#4259 = VECTOR('',#4260,1.);
#4260 = DIRECTION('',(-0.,-1.));
#4261 = ( GEOMETRIC_REPRESENTATION_CONTEXT(2) 
PARAMETRIC_REPRESENTATION_CONTEXT() REPRESENTATION_CONTEXT('2D SPACE',''
  ) );
#4262 = ADVANCED_FACE('',(#4263),#1270,.F.);
#4263 = FACE_BOUND('',#4264,.T.);
#4264 = EDGE_LOOP('',(#4265,#4293,#4314,#4315));
#4265 = ORIENTED_EDGE('',*,*,#4266,.T.);
#4266 = EDGE_CURVE('',#4173,#4267,#4269,.T.);
#4267 = VERTEX_POINT('',#4268);
#4268 = CARTESIAN_POINT('',(-49.725,6.949999995166,8.2));
#4269 = SURFACE_CURVE('',#4270,(#4275,#4282),.PCURVE_S1.);
#4270 = CIRCLE('',#4271,0.1);
#4271 = AXIS2_PLACEMENT_3D('',#4272,#4273,#4274);
#4272 = CARTESIAN_POINT('',(-49.825,6.949999995166,8.2));
#4273 = DIRECTION('',(0.,0.,-1.));
#4274 = DIRECTION('',(1.,0.,0.));
#4275 = PCURVE('',#1270,#4276);
#4276 = DEFINITIONAL_REPRESENTATION('',(#4277),#4281);
#4277 = LINE('',#4278,#4279);
#4278 = CARTESIAN_POINT('',(-6.28318530718,-1.E-01));
#4279 = VECTOR('',#4280,1.);
#4280 = DIRECTION('',(1.,-0.));
#4281 = ( GEOMETRIC_REPRESENTATION_CONTEXT(2) 
PARAMETRIC_REPRESENTATION_CONTEXT() REPRESENTATION_CONTEXT('2D SPACE',''
  ) );
#4282 = PCURVE('',#4007,#4283);
#4283 = DEFINITIONAL_REPRESENTATION('',(#4284),#4292);
#4284 = ( BOUNDED_CURVE() B_SPLINE_CURVE(2,(#4285,#4286,#4287,#4288,
#4289,#4290,#4291),.UNSPECIFIED.,.T.,.F.) B_SPLINE_CURVE_WITH_KNOTS((1,2
    ,2,2,2,1),(-2.094395102393,0.,2.094395102393,4.188790204786,
6.28318530718,8.377580409573),.UNSPECIFIED.) CURVE() 
GEOMETRIC_REPRESENTATION_ITEM() RATIONAL_B_SPLINE_CURVE((1.,0.5,1.,0.5,
1.,0.5,1.)) REPRESENTATION_ITEM('') );
#4285 = CARTESIAN_POINT('',(-49.725,6.949999995362));
#4286 = CARTESIAN_POINT('',(-49.725,6.776794914606));
#4287 = CARTESIAN_POINT('',(-49.875,6.863397454984));
#4288 = CARTESIAN_POINT('',(-50.025,6.949999995362));
#4289 = CARTESIAN_POINT('',(-49.875,7.036602535741));
#4290 = CARTESIAN_POINT('',(-49.725,7.123205076119));
#4291 = CARTESIAN_POINT('',(-49.725,6.949999995362));
#4292 = ( GEOMETRIC_REPRESENTATION_CONTEXT(2) 
PARAMETRIC_REPRESENTATION_CONTEXT() REPRESENTATION_CONTEXT('2D SPACE',''
  ) );
#4293 = ORIENTED_EDGE('',*,*,#4294,.T.);
#4294 = EDGE_CURVE('',#4267,#1250,#4295,.T.);
#4295 = SURFACE_CURVE('',#4296,(#4300,#4307),.PCURVE_S1.);
#4296 = LINE('',#4297,#4298);
#4297 = CARTESIAN_POINT('',(-49.725,6.949999995166,8.1));
#4298 = VECTOR('',#4299,1.);
#4299 = DIRECTION('',(0.,0.,1.));
#4300 = PCURVE('',#1270,#4301);
#4301 = DEFINITIONAL_REPRESENTATION('',(#4302),#4306);
#4302 = LINE('',#4303,#4304);
#4303 = CARTESIAN_POINT('',(-0.,0.));
#4304 = VECTOR('',#4305,1.);
#4305 = DIRECTION('',(-0.,-1.));
#4306 = ( GEOMETRIC_REPRESENTATION_CONTEXT(2) 
PARAMETRIC_REPRESENTATION_CONTEXT() REPRESENTATION_CONTEXT('2D SPACE',''
  ) );
#4307 = PCURVE('',#1297,#4308);
#4308 = DEFINITIONAL_REPRESENTATION('',(#4309),#4313);
#4309 = LINE('',#4310,#4311);
#4310 = CARTESIAN_POINT('',(13.899999995131,0.));
#4311 = VECTOR('',#4312,1.);
#4312 = DIRECTION('',(0.,-1.));
#4313 = ( GEOMETRIC_REPRESENTATION_CONTEXT(2) 
PARAMETRIC_REPRESENTATION_CONTEXT() REPRESENTATION_CONTEXT('2D SPACE',''
  ) );
#4314 = ORIENTED_EDGE('',*,*,#1249,.F.);
#4315 = ORIENTED_EDGE('',*,*,#4195,.F.);
#4316 = ADVANCED_FACE('',(#4317),#1329,.F.);
#4317 = FACE_BOUND('',#4318,.T.);
#4318 = EDGE_LOOP('',(#4319,#4347,#4348,#4349));
#4319 = ORIENTED_EDGE('',*,*,#4320,.T.);
#4320 = EDGE_CURVE('',#4321,#4220,#4323,.T.);
#4321 = VERTEX_POINT('',#4322);
#4322 = CARTESIAN_POINT('',(-49.72500000243,-6.949999999965,8.2));
#4323 = SURFACE_CURVE('',#4324,(#4329,#4336),.PCURVE_S1.);
#4324 = CIRCLE('',#4325,0.1);
#4325 = AXIS2_PLACEMENT_3D('',#4326,#4327,#4328);
#4326 = CARTESIAN_POINT('',(-49.82500000486,-6.949999999965,8.2));
#4327 = DIRECTION('',(0.,0.,-1.));
#4328 = DIRECTION('',(1.,0.,0.));
#4329 = PCURVE('',#1329,#4330);
#4330 = DEFINITIONAL_REPRESENTATION('',(#4331),#4335);
#4331 = LINE('',#4332,#4333);
#4332 = CARTESIAN_POINT('',(-6.28318530718,-1.E-01));
#4333 = VECTOR('',#4334,1.);
#4334 = DIRECTION('',(1.,-0.));
#4335 = ( GEOMETRIC_REPRESENTATION_CONTEXT(2) 
PARAMETRIC_REPRESENTATION_CONTEXT() REPRESENTATION_CONTEXT('2D SPACE',''
  ) );
#4336 = PCURVE('',#4007,#4337);
#4337 = DEFINITIONAL_REPRESENTATION('',(#4338),#4346);
#4338 = ( BOUNDED_CURVE() B_SPLINE_CURVE(2,(#4339,#4340,#4341,#4342,
#4343,#4344,#4345),.UNSPECIFIED.,.T.,.F.) B_SPLINE_CURVE_WITH_KNOTS((1,2
    ,2,2,2,1),(-2.094395102393,0.,2.094395102393,4.188790204786,
6.28318530718,8.377580409573),.UNSPECIFIED.) CURVE() 
GEOMETRIC_REPRESENTATION_ITEM() RATIONAL_B_SPLINE_CURVE((1.,0.5,1.,0.5,
1.,0.5,1.)) REPRESENTATION_ITEM('') );
#4339 = CARTESIAN_POINT('',(-49.72500000486,-6.949999999768));
#4340 = CARTESIAN_POINT('',(-49.72500000486,-7.123205080525));
#4341 = CARTESIAN_POINT('',(-49.87500000486,-7.036602540147));
#4342 = CARTESIAN_POINT('',(-50.02500000486,-6.949999999768));
#4343 = CARTESIAN_POINT('',(-49.87500000486,-6.86339745939));
#4344 = CARTESIAN_POINT('',(-49.72500000486,-6.776794919012));
#4345 = CARTESIAN_POINT('',(-49.72500000486,-6.949999999768));
#4346 = ( GEOMETRIC_REPRESENTATION_CONTEXT(2) 
PARAMETRIC_REPRESENTATION_CONTEXT() REPRESENTATION_CONTEXT('2D SPACE',''
  ) );
#4347 = ORIENTED_EDGE('',*,*,#4242,.T.);
#4348 = ORIENTED_EDGE('',*,*,#1308,.F.);
#4349 = ORIENTED_EDGE('',*,*,#4350,.F.);
#4350 = EDGE_CURVE('',#4321,#1283,#4351,.T.);
#4351 = SURFACE_CURVE('',#4352,(#4356,#4363),.PCURVE_S1.);
#4352 = LINE('',#4353,#4354);
#4353 = CARTESIAN_POINT('',(-49.72500000243,-6.949999999965,8.1));
#4354 = VECTOR('',#4355,1.);
#4355 = DIRECTION('',(0.,0.,1.));
#4356 = PCURVE('',#1329,#4357);
#4357 = DEFINITIONAL_REPRESENTATION('',(#4358),#4362);
#4358 = LINE('',#4359,#4360);
#4359 = CARTESIAN_POINT('',(-6.28318530718,0.));
#4360 = VECTOR('',#4361,1.);
#4361 = DIRECTION('',(-0.,-1.));
#4362 = ( GEOMETRIC_REPRESENTATION_CONTEXT(2) 
PARAMETRIC_REPRESENTATION_CONTEXT() REPRESENTATION_CONTEXT('2D SPACE',''
  ) );
#4363 = PCURVE('',#1297,#4364);
#4364 = DEFINITIONAL_REPRESENTATION('',(#4365),#4369);
#4365 = LINE('',#4366,#4367);
#4366 = CARTESIAN_POINT('',(0.,0.));
#4367 = VECTOR('',#4368,1.);
#4368 = DIRECTION('',(0.,-1.));
#4369 = ( GEOMETRIC_REPRESENTATION_CONTEXT(2) 
PARAMETRIC_REPRESENTATION_CONTEXT() REPRESENTATION_CONTEXT('2D SPACE',''
  ) );
#4370 = ADVANCED_FACE('',(#4371),#1297,.T.);
#4371 = FACE_BOUND('',#4372,.T.);
#4372 = EDGE_LOOP('',(#4373,#4392,#4393,#4394));
#4373 = ORIENTED_EDGE('',*,*,#4374,.T.);
#4374 = EDGE_CURVE('',#4267,#4321,#4375,.T.);
#4375 = SURFACE_CURVE('',#4376,(#4380,#4386),.PCURVE_S1.);
#4376 = LINE('',#4377,#4378);
#4377 = CARTESIAN_POINT('',(-49.725,-3.47500000008,8.2));
#4378 = VECTOR('',#4379,1.);
#4379 = DIRECTION('',(0.,-1.,0.));
#4380 = PCURVE('',#1297,#4381);
#4381 = DEFINITIONAL_REPRESENTATION('',(#4382),#4385);
#4382 = B_SPLINE_CURVE_WITH_KNOTS('',1,(#4383,#4384),.UNSPECIFIED.,.F.,
  .F.,(2,2),(-10.42499999524,3.474999999884),.PIECEWISE_BEZIER_KNOTS.);
#4383 = CARTESIAN_POINT('',(13.899999995131,-1.E-01));
#4384 = CARTESIAN_POINT('',(0.,-1.E-01));
#4385 = ( GEOMETRIC_REPRESENTATION_CONTEXT(2) 
PARAMETRIC_REPRESENTATION_CONTEXT() REPRESENTATION_CONTEXT('2D SPACE',''
  ) );
#4386 = PCURVE('',#4007,#4387);
#4387 = DEFINITIONAL_REPRESENTATION('',(#4388),#4391);
#4388 = B_SPLINE_CURVE_WITH_KNOTS('',1,(#4389,#4390),.UNSPECIFIED.,.F.,
  .F.,(2,2),(-10.42499999524,3.474999999884),.PIECEWISE_BEZIER_KNOTS.);
#4389 = CARTESIAN_POINT('',(-49.725,6.949999995362));
#4390 = CARTESIAN_POINT('',(-49.725,-6.949999999768));
#4391 = ( GEOMETRIC_REPRESENTATION_CONTEXT(2) 
PARAMETRIC_REPRESENTATION_CONTEXT() REPRESENTATION_CONTEXT('2D SPACE',''
  ) );
#4392 = ORIENTED_EDGE('',*,*,#4350,.T.);
#4393 = ORIENTED_EDGE('',*,*,#1282,.F.);
#4394 = ORIENTED_EDGE('',*,*,#4294,.F.);
#4395 = ADVANCED_FACE('',(#4396),#1417,.F.);
#4396 = FACE_BOUND('',#4397,.F.);
#4397 = EDGE_LOOP('',(#4398,#4421,#4442,#4443));
#4398 = ORIENTED_EDGE('',*,*,#4399,.T.);
#4399 = EDGE_CURVE('',#4400,#4402,#4404,.T.);
#4400 = VERTEX_POINT('',#4401);
#4401 = CARTESIAN_POINT('',(-44.775,6.949999995166,8.2));
#4402 = VERTEX_POINT('',#4403);
#4403 = CARTESIAN_POINT('',(-44.775,-6.950000000035,8.2));
#4404 = SURFACE_CURVE('',#4405,(#4409,#4415),.PCURVE_S1.);
#4405 = LINE('',#4406,#4407);
#4406 = CARTESIAN_POINT('',(-44.775,-3.475000000116,8.2));
#4407 = VECTOR('',#4408,1.);
#4408 = DIRECTION('',(0.,-1.,0.));
#4409 = PCURVE('',#1417,#4410);
#4410 = DEFINITIONAL_REPRESENTATION('',(#4411),#4414);
#4411 = B_SPLINE_CURVE_WITH_KNOTS('',1,(#4412,#4413),.UNSPECIFIED.,.F.,
  .F.,(2,2),(-10.42499999528,3.47499999992),.PIECEWISE_BEZIER_KNOTS.);
#4412 = CARTESIAN_POINT('',(13.899999995202,-1.E-01));
#4413 = CARTESIAN_POINT('',(0.,-1.E-01));
#4414 = ( GEOMETRIC_REPRESENTATION_CONTEXT(2) 
PARAMETRIC_REPRESENTATION_CONTEXT() REPRESENTATION_CONTEXT('2D SPACE',''
  ) );
#4415 = PCURVE('',#4007,#4416);
#4416 = DEFINITIONAL_REPRESENTATION('',(#4417),#4420);
#4417 = B_SPLINE_CURVE_WITH_KNOTS('',1,(#4418,#4419),.UNSPECIFIED.,.F.,
  .F.,(2,2),(-10.42499999528,3.47499999992),.PIECEWISE_BEZIER_KNOTS.);
#4418 = CARTESIAN_POINT('',(-44.775,6.949999995362));
#4419 = CARTESIAN_POINT('',(-44.775,-6.949999999839));
#4420 = ( GEOMETRIC_REPRESENTATION_CONTEXT(2) 
PARAMETRIC_REPRESENTATION_CONTEXT() REPRESENTATION_CONTEXT('2D SPACE',''
  ) );
#4421 = ORIENTED_EDGE('',*,*,#4422,.T.);
#4422 = EDGE_CURVE('',#4402,#1403,#4423,.T.);
#4423 = SURFACE_CURVE('',#4424,(#4428,#4435),.PCURVE_S1.);
#4424 = LINE('',#4425,#4426);
#4425 = CARTESIAN_POINT('',(-44.775,-6.950000000035,8.1));
#4426 = VECTOR('',#4427,1.);
#4427 = DIRECTION('',(0.,0.,1.));
#4428 = PCURVE('',#1417,#4429);
#4429 = DEFINITIONAL_REPRESENTATION('',(#4430),#4434);
#4430 = LINE('',#4431,#4432);
#4431 = CARTESIAN_POINT('',(0.,0.));
#4432 = VECTOR('',#4433,1.);
#4433 = DIRECTION('',(0.,-1.));
#4434 = ( GEOMETRIC_REPRESENTATION_CONTEXT(2) 
PARAMETRIC_REPRESENTATION_CONTEXT() REPRESENTATION_CONTEXT('2D SPACE',''
  ) );
#4435 = PCURVE('',#1624,#4436);
#4436 = DEFINITIONAL_REPRESENTATION('',(#4437),#4441);
#4437 = LINE('',#4438,#4439);
#4438 = CARTESIAN_POINT('',(-3.14159265359,0.));
#4439 = VECTOR('',#4440,1.);
#4440 = DIRECTION('',(-0.,-1.));
#4441 = ( GEOMETRIC_REPRESENTATION_CONTEXT(2) 
PARAMETRIC_REPRESENTATION_CONTEXT() REPRESENTATION_CONTEXT('2D SPACE',''
  ) );
#4442 = ORIENTED_EDGE('',*,*,#1400,.F.);
#4443 = ORIENTED_EDGE('',*,*,#4444,.F.);
#4444 = EDGE_CURVE('',#4400,#1401,#4445,.T.);
#4445 = SURFACE_CURVE('',#4446,(#4450,#4457),.PCURVE_S1.);
#4446 = LINE('',#4447,#4448);
#4447 = CARTESIAN_POINT('',(-44.775,6.949999995166,8.1));
#4448 = VECTOR('',#4449,1.);
#4449 = DIRECTION('',(0.,0.,1.));
#4450 = PCURVE('',#1417,#4451);
#4451 = DEFINITIONAL_REPRESENTATION('',(#4452),#4456);
#4452 = LINE('',#4453,#4454);
#4453 = CARTESIAN_POINT('',(13.899999995202,0.));
#4454 = VECTOR('',#4455,1.);
#4455 = DIRECTION('',(0.,-1.));
#4456 = ( GEOMETRIC_REPRESENTATION_CONTEXT(2) 
PARAMETRIC_REPRESENTATION_CONTEXT() REPRESENTATION_CONTEXT('2D SPACE',''
  ) );
#4457 = PCURVE('',#1449,#4458);
#4458 = DEFINITIONAL_REPRESENTATION('',(#4459),#4463);
#4459 = LINE('',#4460,#4461);
#4460 = CARTESIAN_POINT('',(-3.14159265359,0.));
#4461 = VECTOR('',#4462,1.);
#4462 = DIRECTION('',(-0.,-1.));
#4463 = ( GEOMETRIC_REPRESENTATION_CONTEXT(2) 
PARAMETRIC_REPRESENTATION_CONTEXT() REPRESENTATION_CONTEXT('2D SPACE',''
  ) );
#4464 = ADVANCED_FACE('',(#4465),#1449,.F.);
#4465 = FACE_BOUND('',#4466,.T.);
#4466 = EDGE_LOOP('',(#4467,#4495,#4516,#4517));
#4467 = ORIENTED_EDGE('',*,*,#4468,.T.);
#4468 = EDGE_CURVE('',#4400,#4469,#4471,.T.);
#4469 = VERTEX_POINT('',#4470);
#4470 = CARTESIAN_POINT('',(-44.675,7.049999997601,8.2));
#4471 = SURFACE_CURVE('',#4472,(#4477,#4484),.PCURVE_S1.);
#4472 = CIRCLE('',#4473,0.1);
#4473 = AXIS2_PLACEMENT_3D('',#4474,#4475,#4476);
#4474 = CARTESIAN_POINT('',(-44.675,6.949999995166,8.2));
#4475 = DIRECTION('',(0.,0.,-1.));
#4476 = DIRECTION('',(1.,0.,0.));
#4477 = PCURVE('',#1449,#4478);
#4478 = DEFINITIONAL_REPRESENTATION('',(#4479),#4483);
#4479 = LINE('',#4480,#4481);
#4480 = CARTESIAN_POINT('',(-6.28318530718,-1.E-01));
#4481 = VECTOR('',#4482,1.);
#4482 = DIRECTION('',(1.,-0.));
#4483 = ( GEOMETRIC_REPRESENTATION_CONTEXT(2) 
PARAMETRIC_REPRESENTATION_CONTEXT() REPRESENTATION_CONTEXT('2D SPACE',''
  ) );
#4484 = PCURVE('',#4007,#4485);
#4485 = DEFINITIONAL_REPRESENTATION('',(#4486),#4494);
#4486 = ( BOUNDED_CURVE() B_SPLINE_CURVE(2,(#4487,#4488,#4489,#4490,
#4491,#4492,#4493),.UNSPECIFIED.,.T.,.F.) B_SPLINE_CURVE_WITH_KNOTS((1,2
    ,2,2,2,1),(-2.094395102393,0.,2.094395102393,4.188790204786,
6.28318530718,8.377580409573),.UNSPECIFIED.) CURVE() 
GEOMETRIC_REPRESENTATION_ITEM() RATIONAL_B_SPLINE_CURVE((1.,0.5,1.,0.5,
1.,0.5,1.)) REPRESENTATION_ITEM('') );
#4487 = CARTESIAN_POINT('',(-44.575,6.949999995362));
#4488 = CARTESIAN_POINT('',(-44.575,6.776794914606));
#4489 = CARTESIAN_POINT('',(-44.725,6.863397454984));
#4490 = CARTESIAN_POINT('',(-44.875,6.949999995362));
#4491 = CARTESIAN_POINT('',(-44.725,7.036602535741));
#4492 = CARTESIAN_POINT('',(-44.575,7.123205076119));
#4493 = CARTESIAN_POINT('',(-44.575,6.949999995362));
#4494 = ( GEOMETRIC_REPRESENTATION_CONTEXT(2) 
PARAMETRIC_REPRESENTATION_CONTEXT() REPRESENTATION_CONTEXT('2D SPACE',''
  ) );
#4495 = ORIENTED_EDGE('',*,*,#4496,.T.);
#4496 = EDGE_CURVE('',#4469,#1429,#4497,.T.);
#4497 = SURFACE_CURVE('',#4498,(#4502,#4509),.PCURVE_S1.);
#4498 = LINE('',#4499,#4500);
#4499 = CARTESIAN_POINT('',(-44.675,7.049999997601,8.1));
#4500 = VECTOR('',#4501,1.);
#4501 = DIRECTION('',(0.,0.,1.));
#4502 = PCURVE('',#1449,#4503);
#4503 = DEFINITIONAL_REPRESENTATION('',(#4504),#4508);
#4504 = LINE('',#4505,#4506);
#4505 = CARTESIAN_POINT('',(-1.570796326795,0.));
#4506 = VECTOR('',#4507,1.);
#4507 = DIRECTION('',(-0.,-1.));
#4508 = ( GEOMETRIC_REPRESENTATION_CONTEXT(2) 
PARAMETRIC_REPRESENTATION_CONTEXT() REPRESENTATION_CONTEXT('2D SPACE',''
  ) );
#4509 = PCURVE('',#1476,#4510);
#4510 = DEFINITIONAL_REPRESENTATION('',(#4511),#4515);
#4511 = LINE('',#4512,#4513);
#4512 = CARTESIAN_POINT('',(0.,0.));
#4513 = VECTOR('',#4514,1.);
#4514 = DIRECTION('',(0.,-1.));
#4515 = ( GEOMETRIC_REPRESENTATION_CONTEXT(2) 
PARAMETRIC_REPRESENTATION_CONTEXT() REPRESENTATION_CONTEXT('2D SPACE',''
  ) );
#4516 = ORIENTED_EDGE('',*,*,#1428,.F.);
#4517 = ORIENTED_EDGE('',*,*,#4444,.F.);
#4518 = ADVANCED_FACE('',(#4519),#1624,.F.);
#4519 = FACE_BOUND('',#4520,.T.);
#4520 = EDGE_LOOP('',(#4521,#4549,#4550,#4551));
#4521 = ORIENTED_EDGE('',*,*,#4522,.T.);
#4522 = EDGE_CURVE('',#4523,#4402,#4525,.T.);
#4523 = VERTEX_POINT('',#4524);
#4524 = CARTESIAN_POINT('',(-44.675,-7.05,8.2));
#4525 = SURFACE_CURVE('',#4526,(#4531,#4538),.PCURVE_S1.);
#4526 = CIRCLE('',#4527,0.1);
#4527 = AXIS2_PLACEMENT_3D('',#4528,#4529,#4530);
#4528 = CARTESIAN_POINT('',(-44.675,-6.950000000035,8.2));
#4529 = DIRECTION('',(0.,0.,-1.));
#4530 = DIRECTION('',(1.,0.,0.));
#4531 = PCURVE('',#1624,#4532);
#4532 = DEFINITIONAL_REPRESENTATION('',(#4533),#4537);
#4533 = LINE('',#4534,#4535);
#4534 = CARTESIAN_POINT('',(-6.28318530718,-1.E-01));
#4535 = VECTOR('',#4536,1.);
#4536 = DIRECTION('',(1.,-0.));
#4537 = ( GEOMETRIC_REPRESENTATION_CONTEXT(2) 
PARAMETRIC_REPRESENTATION_CONTEXT() REPRESENTATION_CONTEXT('2D SPACE',''
  ) );
#4538 = PCURVE('',#4007,#4539);
#4539 = DEFINITIONAL_REPRESENTATION('',(#4540),#4548);
#4540 = ( BOUNDED_CURVE() B_SPLINE_CURVE(2,(#4541,#4542,#4543,#4544,
#4545,#4546,#4547),.UNSPECIFIED.,.T.,.F.) B_SPLINE_CURVE_WITH_KNOTS((1,2
    ,2,2,2,1),(-2.094395102393,0.,2.094395102393,4.188790204786,
6.28318530718,8.377580409573),.UNSPECIFIED.) CURVE() 
GEOMETRIC_REPRESENTATION_ITEM() RATIONAL_B_SPLINE_CURVE((1.,0.5,1.,0.5,
1.,0.5,1.)) REPRESENTATION_ITEM('') );
#4541 = CARTESIAN_POINT('',(-44.575,-6.949999999839));
#4542 = CARTESIAN_POINT('',(-44.575,-7.123205080596));
#4543 = CARTESIAN_POINT('',(-44.725,-7.036602540218));
#4544 = CARTESIAN_POINT('',(-44.875,-6.949999999839));
#4545 = CARTESIAN_POINT('',(-44.725,-6.863397459461));
#4546 = CARTESIAN_POINT('',(-44.575,-6.776794919082));
#4547 = CARTESIAN_POINT('',(-44.575,-6.949999999839));
#4548 = ( GEOMETRIC_REPRESENTATION_CONTEXT(2) 
PARAMETRIC_REPRESENTATION_CONTEXT() REPRESENTATION_CONTEXT('2D SPACE',''
  ) );
#4549 = ORIENTED_EDGE('',*,*,#4422,.T.);
#4550 = ORIENTED_EDGE('',*,*,#1605,.F.);
#4551 = ORIENTED_EDGE('',*,*,#4552,.F.);
#4552 = EDGE_CURVE('',#4523,#1580,#4553,.T.);
#4553 = SURFACE_CURVE('',#4554,(#4558,#4565),.PCURVE_S1.);
#4554 = LINE('',#4555,#4556);
#4555 = CARTESIAN_POINT('',(-44.675,-7.05,8.1));
#4556 = VECTOR('',#4557,1.);
#4557 = DIRECTION('',(0.,0.,1.));
#4558 = PCURVE('',#1624,#4559);
#4559 = DEFINITIONAL_REPRESENTATION('',(#4560),#4564);
#4560 = LINE('',#4561,#4562);
#4561 = CARTESIAN_POINT('',(-4.712388980385,0.));
#4562 = VECTOR('',#4563,1.);
#4563 = DIRECTION('',(-0.,-1.));
#4564 = ( GEOMETRIC_REPRESENTATION_CONTEXT(2) 
PARAMETRIC_REPRESENTATION_CONTEXT() REPRESENTATION_CONTEXT('2D SPACE',''
  ) );
#4565 = PCURVE('',#1594,#4566);
#4566 = DEFINITIONAL_REPRESENTATION('',(#4567),#4571);
#4567 = LINE('',#4568,#4569);
#4568 = CARTESIAN_POINT('',(0.,0.));
#4569 = VECTOR('',#4570,1.);
#4570 = DIRECTION('',(0.,-1.));
#4571 = ( GEOMETRIC_REPRESENTATION_CONTEXT(2) 
PARAMETRIC_REPRESENTATION_CONTEXT() REPRESENTATION_CONTEXT('2D SPACE',''
  ) );
#4572 = ADVANCED_FACE('',(#4573),#1476,.F.);
#4573 = FACE_BOUND('',#4574,.F.);
#4574 = EDGE_LOOP('',(#4575,#4596,#4597,#4598));
#4575 = ORIENTED_EDGE('',*,*,#4576,.T.);
#4576 = EDGE_CURVE('',#4577,#4469,#4579,.T.);
#4577 = VERTEX_POINT('',#4578);
#4578 = CARTESIAN_POINT('',(-30.775,7.049999997601,8.2));
#4579 = SURFACE_CURVE('',#4580,(#4584,#4590),.PCURVE_S1.);
#4580 = LINE('',#4581,#4582);
#4581 = CARTESIAN_POINT('',(-22.3375,7.050000000035,8.2));
#4582 = VECTOR('',#4583,1.);
#4583 = DIRECTION('',(-1.,0.,0.));
#4584 = PCURVE('',#1476,#4585);
#4585 = DEFINITIONAL_REPRESENTATION('',(#4586),#4589);
#4586 = B_SPLINE_CURVE_WITH_KNOTS('',1,(#4587,#4588),.UNSPECIFIED.,.F.,
  .F.,(2,2),(8.4375,22.3375),.PIECEWISE_BEZIER_KNOTS.);
#4587 = CARTESIAN_POINT('',(13.9,-1.E-01));
#4588 = CARTESIAN_POINT('',(0.,-1.E-01));
#4589 = ( GEOMETRIC_REPRESENTATION_CONTEXT(2) 
PARAMETRIC_REPRESENTATION_CONTEXT() REPRESENTATION_CONTEXT('2D SPACE',''
  ) );
#4590 = PCURVE('',#4007,#4591);
#4591 = DEFINITIONAL_REPRESENTATION('',(#4592),#4595);
#4592 = B_SPLINE_CURVE_WITH_KNOTS('',1,(#4593,#4594),.UNSPECIFIED.,.F.,
  .F.,(2,2),(8.4375,22.3375),.PIECEWISE_BEZIER_KNOTS.);
#4593 = CARTESIAN_POINT('',(-30.775,7.050000000232));
#4594 = CARTESIAN_POINT('',(-44.675,7.050000000232));
#4595 = ( GEOMETRIC_REPRESENTATION_CONTEXT(2) 
PARAMETRIC_REPRESENTATION_CONTEXT() REPRESENTATION_CONTEXT('2D SPACE',''
  ) );
#4596 = ORIENTED_EDGE('',*,*,#4496,.T.);
#4597 = ORIENTED_EDGE('',*,*,#1461,.F.);
#4598 = ORIENTED_EDGE('',*,*,#4599,.F.);
#4599 = EDGE_CURVE('',#4577,#1462,#4600,.T.);
#4600 = SURFACE_CURVE('',#4601,(#4605,#4612),.PCURVE_S1.);
#4601 = LINE('',#4602,#4603);
#4602 = CARTESIAN_POINT('',(-30.775,7.049999997601,8.1));
#4603 = VECTOR('',#4604,1.);
#4604 = DIRECTION('',(0.,0.,1.));
#4605 = PCURVE('',#1476,#4606);
#4606 = DEFINITIONAL_REPRESENTATION('',(#4607),#4611);
#4607 = LINE('',#4608,#4609);
#4608 = CARTESIAN_POINT('',(13.9,0.));
#4609 = VECTOR('',#4610,1.);
#4610 = DIRECTION('',(0.,-1.));
#4611 = ( GEOMETRIC_REPRESENTATION_CONTEXT(2) 
PARAMETRIC_REPRESENTATION_CONTEXT() REPRESENTATION_CONTEXT('2D SPACE',''
  ) );
#4612 = PCURVE('',#1508,#4613);
#4613 = DEFINITIONAL_REPRESENTATION('',(#4614),#4618);
#4614 = LINE('',#4615,#4616);
#4615 = CARTESIAN_POINT('',(-1.570796326795,0.));
#4616 = VECTOR('',#4617,1.);
#4617 = DIRECTION('',(-0.,-1.));
#4618 = ( GEOMETRIC_REPRESENTATION_CONTEXT(2) 
PARAMETRIC_REPRESENTATION_CONTEXT() REPRESENTATION_CONTEXT('2D SPACE',''
  ) );
#4619 = ADVANCED_FACE('',(#4620),#1594,.T.);
#4620 = FACE_BOUND('',#4621,.T.);
#4621 = EDGE_LOOP('',(#4622,#4643,#4644,#4645));
#4622 = ORIENTED_EDGE('',*,*,#4623,.T.);
#4623 = EDGE_CURVE('',#4624,#4523,#4626,.T.);
#4624 = VERTEX_POINT('',#4625);
#4625 = CARTESIAN_POINT('',(-30.77500000486,-7.049999999965,8.2));
#4626 = SURFACE_CURVE('',#4627,(#4631,#4637),.PCURVE_S1.);
#4627 = LINE('',#4628,#4629);
#4628 = CARTESIAN_POINT('',(-22.3375,-7.049999999965,8.2));
#4629 = VECTOR('',#4630,1.);
#4630 = DIRECTION('',(-1.,0.,0.));
#4631 = PCURVE('',#1594,#4632);
#4632 = DEFINITIONAL_REPRESENTATION('',(#4633),#4636);
#4633 = B_SPLINE_CURVE_WITH_KNOTS('',1,(#4634,#4635),.UNSPECIFIED.,.F.,
  .F.,(2,2),(8.437500004869,22.3375),.PIECEWISE_BEZIER_KNOTS.);
#4634 = CARTESIAN_POINT('',(13.899999995131,-1.E-01));
#4635 = CARTESIAN_POINT('',(0.,-1.E-01));
#4636 = ( GEOMETRIC_REPRESENTATION_CONTEXT(2) 
PARAMETRIC_REPRESENTATION_CONTEXT() REPRESENTATION_CONTEXT('2D SPACE',''
  ) );
#4637 = PCURVE('',#4007,#4638);
#4638 = DEFINITIONAL_REPRESENTATION('',(#4639),#4642);
#4639 = B_SPLINE_CURVE_WITH_KNOTS('',1,(#4640,#4641),.UNSPECIFIED.,.F.,
  .F.,(2,2),(8.437500004869,22.3375),.PIECEWISE_BEZIER_KNOTS.);
#4640 = CARTESIAN_POINT('',(-30.77500000486,-7.049999999768));
#4641 = CARTESIAN_POINT('',(-44.675,-7.049999999768));
#4642 = ( GEOMETRIC_REPRESENTATION_CONTEXT(2) 
PARAMETRIC_REPRESENTATION_CONTEXT() REPRESENTATION_CONTEXT('2D SPACE',''
  ) );
#4643 = ORIENTED_EDGE('',*,*,#4552,.T.);
#4644 = ORIENTED_EDGE('',*,*,#1579,.F.);
#4645 = ORIENTED_EDGE('',*,*,#4646,.F.);
#4646 = EDGE_CURVE('',#4624,#1547,#4647,.T.);
#4647 = SURFACE_CURVE('',#4648,(#4652,#4659),.PCURVE_S1.);
#4648 = LINE('',#4649,#4650);
#4649 = CARTESIAN_POINT('',(-30.77500000486,-7.049999999965,8.1));
#4650 = VECTOR('',#4651,1.);
#4651 = DIRECTION('',(0.,0.,1.));
#4652 = PCURVE('',#1594,#4653);
#4653 = DEFINITIONAL_REPRESENTATION('',(#4654),#4658);
#4654 = LINE('',#4655,#4656);
#4655 = CARTESIAN_POINT('',(13.899999995131,0.));
#4656 = VECTOR('',#4657,1.);
#4657 = DIRECTION('',(0.,-1.));
#4658 = ( GEOMETRIC_REPRESENTATION_CONTEXT(2) 
PARAMETRIC_REPRESENTATION_CONTEXT() REPRESENTATION_CONTEXT('2D SPACE',''
  ) );
#4659 = PCURVE('',#1567,#4660);
#4660 = DEFINITIONAL_REPRESENTATION('',(#4661),#4665);
#4661 = LINE('',#4662,#4663);
#4662 = CARTESIAN_POINT('',(-4.712388980385,0.));
#4663 = VECTOR('',#4664,1.);
#4664 = DIRECTION('',(-0.,-1.));
#4665 = ( GEOMETRIC_REPRESENTATION_CONTEXT(2) 
PARAMETRIC_REPRESENTATION_CONTEXT() REPRESENTATION_CONTEXT('2D SPACE',''
  ) );
#4666 = ADVANCED_FACE('',(#4667),#1508,.F.);
#4667 = FACE_BOUND('',#4668,.T.);
#4668 = EDGE_LOOP('',(#4669,#4697,#4718,#4719));
#4669 = ORIENTED_EDGE('',*,*,#4670,.T.);
#4670 = EDGE_CURVE('',#4577,#4671,#4673,.T.);
#4671 = VERTEX_POINT('',#4672);
#4672 = CARTESIAN_POINT('',(-30.675,6.949999995166,8.2));
#4673 = SURFACE_CURVE('',#4674,(#4679,#4686),.PCURVE_S1.);
#4674 = CIRCLE('',#4675,0.1);
#4675 = AXIS2_PLACEMENT_3D('',#4676,#4677,#4678);
#4676 = CARTESIAN_POINT('',(-30.775,6.949999995166,8.2));
#4677 = DIRECTION('',(0.,0.,-1.));
#4678 = DIRECTION('',(1.,0.,0.));
#4679 = PCURVE('',#1508,#4680);
#4680 = DEFINITIONAL_REPRESENTATION('',(#4681),#4685);
#4681 = LINE('',#4682,#4683);
#4682 = CARTESIAN_POINT('',(-6.28318530718,-1.E-01));
#4683 = VECTOR('',#4684,1.);
#4684 = DIRECTION('',(1.,-0.));
#4685 = ( GEOMETRIC_REPRESENTATION_CONTEXT(2) 
PARAMETRIC_REPRESENTATION_CONTEXT() REPRESENTATION_CONTEXT('2D SPACE',''
  ) );
#4686 = PCURVE('',#4007,#4687);
#4687 = DEFINITIONAL_REPRESENTATION('',(#4688),#4696);
#4688 = ( BOUNDED_CURVE() B_SPLINE_CURVE(2,(#4689,#4690,#4691,#4692,
#4693,#4694,#4695),.UNSPECIFIED.,.T.,.F.) B_SPLINE_CURVE_WITH_KNOTS((1,2
    ,2,2,2,1),(-2.094395102393,0.,2.094395102393,4.188790204786,
6.28318530718,8.377580409573),.UNSPECIFIED.) CURVE() 
GEOMETRIC_REPRESENTATION_ITEM() RATIONAL_B_SPLINE_CURVE((1.,0.5,1.,0.5,
1.,0.5,1.)) REPRESENTATION_ITEM('') );
#4689 = CARTESIAN_POINT('',(-30.675,6.949999995362));
#4690 = CARTESIAN_POINT('',(-30.675,6.776794914606));
#4691 = CARTESIAN_POINT('',(-30.825,6.863397454984));
#4692 = CARTESIAN_POINT('',(-30.975,6.949999995362));
#4693 = CARTESIAN_POINT('',(-30.825,7.036602535741));
#4694 = CARTESIAN_POINT('',(-30.675,7.123205076119));
#4695 = CARTESIAN_POINT('',(-30.675,6.949999995362));
#4696 = ( GEOMETRIC_REPRESENTATION_CONTEXT(2) 
PARAMETRIC_REPRESENTATION_CONTEXT() REPRESENTATION_CONTEXT('2D SPACE',''
  ) );
#4697 = ORIENTED_EDGE('',*,*,#4698,.T.);
#4698 = EDGE_CURVE('',#4671,#1488,#4699,.T.);
#4699 = SURFACE_CURVE('',#4700,(#4704,#4711),.PCURVE_S1.);
#4700 = LINE('',#4701,#4702);
#4701 = CARTESIAN_POINT('',(-30.675,6.949999995166,8.1));
#4702 = VECTOR('',#4703,1.);
#4703 = DIRECTION('',(0.,0.,1.));
#4704 = PCURVE('',#1508,#4705);
#4705 = DEFINITIONAL_REPRESENTATION('',(#4706),#4710);
#4706 = LINE('',#4707,#4708);
#4707 = CARTESIAN_POINT('',(-0.,0.));
#4708 = VECTOR('',#4709,1.);
#4709 = DIRECTION('',(-0.,-1.));
#4710 = ( GEOMETRIC_REPRESENTATION_CONTEXT(2) 
PARAMETRIC_REPRESENTATION_CONTEXT() REPRESENTATION_CONTEXT('2D SPACE',''
  ) );
#4711 = PCURVE('',#1535,#4712);
#4712 = DEFINITIONAL_REPRESENTATION('',(#4713),#4717);
#4713 = LINE('',#4714,#4715);
#4714 = CARTESIAN_POINT('',(13.899999995131,0.));
#4715 = VECTOR('',#4716,1.);
#4716 = DIRECTION('',(0.,-1.));
#4717 = ( GEOMETRIC_REPRESENTATION_CONTEXT(2) 
PARAMETRIC_REPRESENTATION_CONTEXT() REPRESENTATION_CONTEXT('2D SPACE',''
  ) );
#4718 = ORIENTED_EDGE('',*,*,#1487,.F.);
#4719 = ORIENTED_EDGE('',*,*,#4599,.F.);
#4720 = ADVANCED_FACE('',(#4721),#1567,.F.);
#4721 = FACE_BOUND('',#4722,.T.);
#4722 = EDGE_LOOP('',(#4723,#4751,#4752,#4753));
#4723 = ORIENTED_EDGE('',*,*,#4724,.T.);
#4724 = EDGE_CURVE('',#4725,#4624,#4727,.T.);
#4725 = VERTEX_POINT('',#4726);
#4726 = CARTESIAN_POINT('',(-30.67500000243,-6.949999999965,8.2));
#4727 = SURFACE_CURVE('',#4728,(#4733,#4740),.PCURVE_S1.);
#4728 = CIRCLE('',#4729,0.1);
#4729 = AXIS2_PLACEMENT_3D('',#4730,#4731,#4732);
#4730 = CARTESIAN_POINT('',(-30.77500000486,-6.949999999965,8.2));
#4731 = DIRECTION('',(0.,0.,-1.));
#4732 = DIRECTION('',(1.,0.,0.));
#4733 = PCURVE('',#1567,#4734);
#4734 = DEFINITIONAL_REPRESENTATION('',(#4735),#4739);
#4735 = LINE('',#4736,#4737);
#4736 = CARTESIAN_POINT('',(-6.28318530718,-1.E-01));
#4737 = VECTOR('',#4738,1.);
#4738 = DIRECTION('',(1.,-0.));
#4739 = ( GEOMETRIC_REPRESENTATION_CONTEXT(2) 
PARAMETRIC_REPRESENTATION_CONTEXT() REPRESENTATION_CONTEXT('2D SPACE',''
  ) );
#4740 = PCURVE('',#4007,#4741);
#4741 = DEFINITIONAL_REPRESENTATION('',(#4742),#4750);
#4742 = ( BOUNDED_CURVE() B_SPLINE_CURVE(2,(#4743,#4744,#4745,#4746,
#4747,#4748,#4749),.UNSPECIFIED.,.T.,.F.) B_SPLINE_CURVE_WITH_KNOTS((1,2
    ,2,2,2,1),(-2.094395102393,0.,2.094395102393,4.188790204786,
6.28318530718,8.377580409573),.UNSPECIFIED.) CURVE() 
GEOMETRIC_REPRESENTATION_ITEM() RATIONAL_B_SPLINE_CURVE((1.,0.5,1.,0.5,
1.,0.5,1.)) REPRESENTATION_ITEM('') );
#4743 = CARTESIAN_POINT('',(-30.67500000486,-6.949999999768));
#4744 = CARTESIAN_POINT('',(-30.67500000486,-7.123205080525));
#4745 = CARTESIAN_POINT('',(-30.82500000486,-7.036602540147));
#4746 = CARTESIAN_POINT('',(-30.97500000486,-6.949999999768));
#4747 = CARTESIAN_POINT('',(-30.82500000486,-6.86339745939));
#4748 = CARTESIAN_POINT('',(-30.67500000486,-6.776794919012));
#4749 = CARTESIAN_POINT('',(-30.67500000486,-6.949999999768));
#4750 = ( GEOMETRIC_REPRESENTATION_CONTEXT(2) 
PARAMETRIC_REPRESENTATION_CONTEXT() REPRESENTATION_CONTEXT('2D SPACE',''
  ) );
#4751 = ORIENTED_EDGE('',*,*,#4646,.T.);
#4752 = ORIENTED_EDGE('',*,*,#1546,.F.);
#4753 = ORIENTED_EDGE('',*,*,#4754,.F.);
#4754 = EDGE_CURVE('',#4725,#1521,#4755,.T.);
#4755 = SURFACE_CURVE('',#4756,(#4760,#4767),.PCURVE_S1.);
#4756 = LINE('',#4757,#4758);
#4757 = CARTESIAN_POINT('',(-30.67500000243,-6.949999999965,8.1));
#4758 = VECTOR('',#4759,1.);
#4759 = DIRECTION('',(0.,0.,1.));
#4760 = PCURVE('',#1567,#4761);
#4761 = DEFINITIONAL_REPRESENTATION('',(#4762),#4766);
#4762 = LINE('',#4763,#4764);
#4763 = CARTESIAN_POINT('',(-6.28318530718,0.));
#4764 = VECTOR('',#4765,1.);
#4765 = DIRECTION('',(-0.,-1.));
#4766 = ( GEOMETRIC_REPRESENTATION_CONTEXT(2) 
PARAMETRIC_REPRESENTATION_CONTEXT() REPRESENTATION_CONTEXT('2D SPACE',''
  ) );
#4767 = PCURVE('',#1535,#4768);
#4768 = DEFINITIONAL_REPRESENTATION('',(#4769),#4773);
#4769 = LINE('',#4770,#4771);
#4770 = CARTESIAN_POINT('',(0.,0.));
#4771 = VECTOR('',#4772,1.);
#4772 = DIRECTION('',(0.,-1.));
#4773 = ( GEOMETRIC_REPRESENTATION_CONTEXT(2) 
PARAMETRIC_REPRESENTATION_CONTEXT() REPRESENTATION_CONTEXT('2D SPACE',''
  ) );
#4774 = ADVANCED_FACE('',(#4775),#1535,.T.);
#4775 = FACE_BOUND('',#4776,.T.);
#4776 = EDGE_LOOP('',(#4777,#4796,#4797,#4798));
#4777 = ORIENTED_EDGE('',*,*,#4778,.T.);
#4778 = EDGE_CURVE('',#4671,#4725,#4779,.T.);
#4779 = SURFACE_CURVE('',#4780,(#4784,#4790),.PCURVE_S1.);
#4780 = LINE('',#4781,#4782);
#4781 = CARTESIAN_POINT('',(-30.675,-3.47500000008,8.2));
#4782 = VECTOR('',#4783,1.);
#4783 = DIRECTION('',(0.,-1.,0.));
#4784 = PCURVE('',#1535,#4785);
#4785 = DEFINITIONAL_REPRESENTATION('',(#4786),#4789);
#4786 = B_SPLINE_CURVE_WITH_KNOTS('',1,(#4787,#4788),.UNSPECIFIED.,.F.,
  .F.,(2,2),(-10.42499999524,3.474999999884),.PIECEWISE_BEZIER_KNOTS.);
#4787 = CARTESIAN_POINT('',(13.899999995131,-1.E-01));
#4788 = CARTESIAN_POINT('',(0.,-1.E-01));
#4789 = ( GEOMETRIC_REPRESENTATION_CONTEXT(2) 
PARAMETRIC_REPRESENTATION_CONTEXT() REPRESENTATION_CONTEXT('2D SPACE',''
  ) );
#4790 = PCURVE('',#4007,#4791);
#4791 = DEFINITIONAL_REPRESENTATION('',(#4792),#4795);
#4792 = B_SPLINE_CURVE_WITH_KNOTS('',1,(#4793,#4794),.UNSPECIFIED.,.F.,
  .F.,(2,2),(-10.42499999524,3.474999999884),.PIECEWISE_BEZIER_KNOTS.);
#4793 = CARTESIAN_POINT('',(-30.675,6.949999995362));
#4794 = CARTESIAN_POINT('',(-30.675,-6.949999999768));
#4795 = ( GEOMETRIC_REPRESENTATION_CONTEXT(2) 
PARAMETRIC_REPRESENTATION_CONTEXT() REPRESENTATION_CONTEXT('2D SPACE',''
  ) );
#4796 = ORIENTED_EDGE('',*,*,#4754,.T.);
#4797 = ORIENTED_EDGE('',*,*,#1520,.F.);
#4798 = ORIENTED_EDGE('',*,*,#4698,.F.);
#4799 = ADVANCED_FACE('',(#4800),#1655,.F.);
#4800 = FACE_BOUND('',#4801,.F.);
#4801 = EDGE_LOOP('',(#4802,#4825,#4846,#4847));
#4802 = ORIENTED_EDGE('',*,*,#4803,.T.);
#4803 = EDGE_CURVE('',#4804,#4806,#4808,.T.);
#4804 = VERTEX_POINT('',#4805);
#4805 = CARTESIAN_POINT('',(-25.725,6.949999995166,8.2));
#4806 = VERTEX_POINT('',#4807);
#4807 = CARTESIAN_POINT('',(-25.725,-6.950000000035,8.2));
#4808 = SURFACE_CURVE('',#4809,(#4813,#4819),.PCURVE_S1.);
#4809 = LINE('',#4810,#4811);
#4810 = CARTESIAN_POINT('',(-25.725,-3.475000000116,8.2));
#4811 = VECTOR('',#4812,1.);
#4812 = DIRECTION('',(0.,-1.,0.));
#4813 = PCURVE('',#1655,#4814);
#4814 = DEFINITIONAL_REPRESENTATION('',(#4815),#4818);
#4815 = B_SPLINE_CURVE_WITH_KNOTS('',1,(#4816,#4817),.UNSPECIFIED.,.F.,
  .F.,(2,2),(-10.42499999528,3.47499999992),.PIECEWISE_BEZIER_KNOTS.);
#4816 = CARTESIAN_POINT('',(13.899999995202,-1.E-01));
#4817 = CARTESIAN_POINT('',(0.,-1.E-01));
#4818 = ( GEOMETRIC_REPRESENTATION_CONTEXT(2) 
PARAMETRIC_REPRESENTATION_CONTEXT() REPRESENTATION_CONTEXT('2D SPACE',''
  ) );
#4819 = PCURVE('',#4007,#4820);
#4820 = DEFINITIONAL_REPRESENTATION('',(#4821),#4824);
#4821 = B_SPLINE_CURVE_WITH_KNOTS('',1,(#4822,#4823),.UNSPECIFIED.,.F.,
  .F.,(2,2),(-10.42499999528,3.47499999992),.PIECEWISE_BEZIER_KNOTS.);
#4822 = CARTESIAN_POINT('',(-25.725,6.949999995362));
#4823 = CARTESIAN_POINT('',(-25.725,-6.949999999839));
#4824 = ( GEOMETRIC_REPRESENTATION_CONTEXT(2) 
PARAMETRIC_REPRESENTATION_CONTEXT() REPRESENTATION_CONTEXT('2D SPACE',''
  ) );
#4825 = ORIENTED_EDGE('',*,*,#4826,.T.);
#4826 = EDGE_CURVE('',#4806,#1641,#4827,.T.);
#4827 = SURFACE_CURVE('',#4828,(#4832,#4839),.PCURVE_S1.);
#4828 = LINE('',#4829,#4830);
#4829 = CARTESIAN_POINT('',(-25.725,-6.950000000035,8.1));
#4830 = VECTOR('',#4831,1.);
#4831 = DIRECTION('',(0.,0.,1.));
#4832 = PCURVE('',#1655,#4833);
#4833 = DEFINITIONAL_REPRESENTATION('',(#4834),#4838);
#4834 = LINE('',#4835,#4836);
#4835 = CARTESIAN_POINT('',(0.,0.));
#4836 = VECTOR('',#4837,1.);
#4837 = DIRECTION('',(0.,-1.));
#4838 = ( GEOMETRIC_REPRESENTATION_CONTEXT(2) 
PARAMETRIC_REPRESENTATION_CONTEXT() REPRESENTATION_CONTEXT('2D SPACE',''
  ) );
#4839 = PCURVE('',#1862,#4840);
#4840 = DEFINITIONAL_REPRESENTATION('',(#4841),#4845);
#4841 = LINE('',#4842,#4843);
#4842 = CARTESIAN_POINT('',(-3.14159265359,0.));
#4843 = VECTOR('',#4844,1.);
#4844 = DIRECTION('',(-0.,-1.));
#4845 = ( GEOMETRIC_REPRESENTATION_CONTEXT(2) 
PARAMETRIC_REPRESENTATION_CONTEXT() REPRESENTATION_CONTEXT('2D SPACE',''
  ) );
#4846 = ORIENTED_EDGE('',*,*,#1638,.F.);
#4847 = ORIENTED_EDGE('',*,*,#4848,.F.);
#4848 = EDGE_CURVE('',#4804,#1639,#4849,.T.);
#4849 = SURFACE_CURVE('',#4850,(#4854,#4861),.PCURVE_S1.);
#4850 = LINE('',#4851,#4852);
#4851 = CARTESIAN_POINT('',(-25.725,6.949999995166,8.1));
#4852 = VECTOR('',#4853,1.);
#4853 = DIRECTION('',(0.,0.,1.));
#4854 = PCURVE('',#1655,#4855);
#4855 = DEFINITIONAL_REPRESENTATION('',(#4856),#4860);
#4856 = LINE('',#4857,#4858);
#4857 = CARTESIAN_POINT('',(13.899999995202,0.));
#4858 = VECTOR('',#4859,1.);
#4859 = DIRECTION('',(0.,-1.));
#4860 = ( GEOMETRIC_REPRESENTATION_CONTEXT(2) 
PARAMETRIC_REPRESENTATION_CONTEXT() REPRESENTATION_CONTEXT('2D SPACE',''
  ) );
#4861 = PCURVE('',#1687,#4862);
#4862 = DEFINITIONAL_REPRESENTATION('',(#4863),#4867);
#4863 = LINE('',#4864,#4865);
#4864 = CARTESIAN_POINT('',(-3.14159265359,0.));
#4865 = VECTOR('',#4866,1.);
#4866 = DIRECTION('',(-0.,-1.));
#4867 = ( GEOMETRIC_REPRESENTATION_CONTEXT(2) 
PARAMETRIC_REPRESENTATION_CONTEXT() REPRESENTATION_CONTEXT('2D SPACE',''
  ) );
#4868 = ADVANCED_FACE('',(#4869),#1687,.F.);
#4869 = FACE_BOUND('',#4870,.T.);
#4870 = EDGE_LOOP('',(#4871,#4899,#4920,#4921));
#4871 = ORIENTED_EDGE('',*,*,#4872,.T.);
#4872 = EDGE_CURVE('',#4804,#4873,#4875,.T.);
#4873 = VERTEX_POINT('',#4874);
#4874 = CARTESIAN_POINT('',(-25.625,7.049999997601,8.2));
#4875 = SURFACE_CURVE('',#4876,(#4881,#4888),.PCURVE_S1.);
#4876 = CIRCLE('',#4877,0.1);
#4877 = AXIS2_PLACEMENT_3D('',#4878,#4879,#4880);
#4878 = CARTESIAN_POINT('',(-25.625,6.949999995166,8.2));
#4879 = DIRECTION('',(0.,0.,-1.));
#4880 = DIRECTION('',(1.,0.,0.));
#4881 = PCURVE('',#1687,#4882);
#4882 = DEFINITIONAL_REPRESENTATION('',(#4883),#4887);
#4883 = LINE('',#4884,#4885);
#4884 = CARTESIAN_POINT('',(-6.28318530718,-1.E-01));
#4885 = VECTOR('',#4886,1.);
#4886 = DIRECTION('',(1.,-0.));
#4887 = ( GEOMETRIC_REPRESENTATION_CONTEXT(2) 
PARAMETRIC_REPRESENTATION_CONTEXT() REPRESENTATION_CONTEXT('2D SPACE',''
  ) );
#4888 = PCURVE('',#4007,#4889);
#4889 = DEFINITIONAL_REPRESENTATION('',(#4890),#4898);
#4890 = ( BOUNDED_CURVE() B_SPLINE_CURVE(2,(#4891,#4892,#4893,#4894,
#4895,#4896,#4897),.UNSPECIFIED.,.T.,.F.) B_SPLINE_CURVE_WITH_KNOTS((1,2
    ,2,2,2,1),(-2.094395102393,0.,2.094395102393,4.188790204786,
6.28318530718,8.377580409573),.UNSPECIFIED.) CURVE() 
GEOMETRIC_REPRESENTATION_ITEM() RATIONAL_B_SPLINE_CURVE((1.,0.5,1.,0.5,
1.,0.5,1.)) REPRESENTATION_ITEM('') );
#4891 = CARTESIAN_POINT('',(-25.525,6.949999995362));
#4892 = CARTESIAN_POINT('',(-25.525,6.776794914606));
#4893 = CARTESIAN_POINT('',(-25.675,6.863397454984));
#4894 = CARTESIAN_POINT('',(-25.825,6.949999995362));
#4895 = CARTESIAN_POINT('',(-25.675,7.036602535741));
#4896 = CARTESIAN_POINT('',(-25.525,7.123205076119));
#4897 = CARTESIAN_POINT('',(-25.525,6.949999995362));
#4898 = ( GEOMETRIC_REPRESENTATION_CONTEXT(2) 
PARAMETRIC_REPRESENTATION_CONTEXT() REPRESENTATION_CONTEXT('2D SPACE',''
  ) );
#4899 = ORIENTED_EDGE('',*,*,#4900,.T.);
#4900 = EDGE_CURVE('',#4873,#1667,#4901,.T.);
#4901 = SURFACE_CURVE('',#4902,(#4906,#4913),.PCURVE_S1.);
#4902 = LINE('',#4903,#4904);
#4903 = CARTESIAN_POINT('',(-25.625,7.049999997601,8.1));
#4904 = VECTOR('',#4905,1.);
#4905 = DIRECTION('',(0.,0.,1.));
#4906 = PCURVE('',#1687,#4907);
#4907 = DEFINITIONAL_REPRESENTATION('',(#4908),#4912);
#4908 = LINE('',#4909,#4910);
#4909 = CARTESIAN_POINT('',(-1.570796326795,0.));
#4910 = VECTOR('',#4911,1.);
#4911 = DIRECTION('',(-0.,-1.));
#4912 = ( GEOMETRIC_REPRESENTATION_CONTEXT(2) 
PARAMETRIC_REPRESENTATION_CONTEXT() REPRESENTATION_CONTEXT('2D SPACE',''
  ) );
#4913 = PCURVE('',#1714,#4914);
#4914 = DEFINITIONAL_REPRESENTATION('',(#4915),#4919);
#4915 = LINE('',#4916,#4917);
#4916 = CARTESIAN_POINT('',(0.,0.));
#4917 = VECTOR('',#4918,1.);
#4918 = DIRECTION('',(0.,-1.));
#4919 = ( GEOMETRIC_REPRESENTATION_CONTEXT(2) 
PARAMETRIC_REPRESENTATION_CONTEXT() REPRESENTATION_CONTEXT('2D SPACE',''
  ) );
#4920 = ORIENTED_EDGE('',*,*,#1666,.F.);
#4921 = ORIENTED_EDGE('',*,*,#4848,.F.);
#4922 = ADVANCED_FACE('',(#4923),#1862,.F.);
#4923 = FACE_BOUND('',#4924,.T.);
#4924 = EDGE_LOOP('',(#4925,#4953,#4954,#4955));
#4925 = ORIENTED_EDGE('',*,*,#4926,.T.);
#4926 = EDGE_CURVE('',#4927,#4806,#4929,.T.);
#4927 = VERTEX_POINT('',#4928);
#4928 = CARTESIAN_POINT('',(-25.625,-7.05,8.2));
#4929 = SURFACE_CURVE('',#4930,(#4935,#4942),.PCURVE_S1.);
#4930 = CIRCLE('',#4931,0.1);
#4931 = AXIS2_PLACEMENT_3D('',#4932,#4933,#4934);
#4932 = CARTESIAN_POINT('',(-25.625,-6.950000000035,8.2));
#4933 = DIRECTION('',(0.,0.,-1.));
#4934 = DIRECTION('',(1.,0.,0.));
#4935 = PCURVE('',#1862,#4936);
#4936 = DEFINITIONAL_REPRESENTATION('',(#4937),#4941);
#4937 = LINE('',#4938,#4939);
#4938 = CARTESIAN_POINT('',(-6.28318530718,-1.E-01));
#4939 = VECTOR('',#4940,1.);
#4940 = DIRECTION('',(1.,-0.));
#4941 = ( GEOMETRIC_REPRESENTATION_CONTEXT(2) 
PARAMETRIC_REPRESENTATION_CONTEXT() REPRESENTATION_CONTEXT('2D SPACE',''
  ) );
#4942 = PCURVE('',#4007,#4943);
#4943 = DEFINITIONAL_REPRESENTATION('',(#4944),#4952);
#4944 = ( BOUNDED_CURVE() B_SPLINE_CURVE(2,(#4945,#4946,#4947,#4948,
#4949,#4950,#4951),.UNSPECIFIED.,.T.,.F.) B_SPLINE_CURVE_WITH_KNOTS((1,2
    ,2,2,2,1),(-2.094395102393,0.,2.094395102393,4.188790204786,
6.28318530718,8.377580409573),.UNSPECIFIED.) CURVE() 
GEOMETRIC_REPRESENTATION_ITEM() RATIONAL_B_SPLINE_CURVE((1.,0.5,1.,0.5,
1.,0.5,1.)) REPRESENTATION_ITEM('') );
#4945 = CARTESIAN_POINT('',(-25.525,-6.949999999839));
#4946 = CARTESIAN_POINT('',(-25.525,-7.123205080596));
#4947 = CARTESIAN_POINT('',(-25.675,-7.036602540218));
#4948 = CARTESIAN_POINT('',(-25.825,-6.949999999839));
#4949 = CARTESIAN_POINT('',(-25.675,-6.863397459461));
#4950 = CARTESIAN_POINT('',(-25.525,-6.776794919082));
#4951 = CARTESIAN_POINT('',(-25.525,-6.949999999839));
#4952 = ( GEOMETRIC_REPRESENTATION_CONTEXT(2) 
PARAMETRIC_REPRESENTATION_CONTEXT() REPRESENTATION_CONTEXT('2D SPACE',''
  ) );
#4953 = ORIENTED_EDGE('',*,*,#4826,.T.);
#4954 = ORIENTED_EDGE('',*,*,#1843,.F.);
#4955 = ORIENTED_EDGE('',*,*,#4956,.F.);
#4956 = EDGE_CURVE('',#4927,#1818,#4957,.T.);
#4957 = SURFACE_CURVE('',#4958,(#4962,#4969),.PCURVE_S1.);
#4958 = LINE('',#4959,#4960);
#4959 = CARTESIAN_POINT('',(-25.625,-7.05,8.1));
#4960 = VECTOR('',#4961,1.);
#4961 = DIRECTION('',(0.,0.,1.));
#4962 = PCURVE('',#1862,#4963);
#4963 = DEFINITIONAL_REPRESENTATION('',(#4964),#4968);
#4964 = LINE('',#4965,#4966);
#4965 = CARTESIAN_POINT('',(-4.712388980385,0.));
#4966 = VECTOR('',#4967,1.);
#4967 = DIRECTION('',(-0.,-1.));
#4968 = ( GEOMETRIC_REPRESENTATION_CONTEXT(2) 
PARAMETRIC_REPRESENTATION_CONTEXT() REPRESENTATION_CONTEXT('2D SPACE',''
  ) );
#4969 = PCURVE('',#1832,#4970);
#4970 = DEFINITIONAL_REPRESENTATION('',(#4971),#4975);
#4971 = LINE('',#4972,#4973);
#4972 = CARTESIAN_POINT('',(0.,0.));
#4973 = VECTOR('',#4974,1.);
#4974 = DIRECTION('',(0.,-1.));
#4975 = ( GEOMETRIC_REPRESENTATION_CONTEXT(2) 
PARAMETRIC_REPRESENTATION_CONTEXT() REPRESENTATION_CONTEXT('2D SPACE',''
  ) );
#4976 = ADVANCED_FACE('',(#4977),#1714,.F.);
#4977 = FACE_BOUND('',#4978,.F.);
#4978 = EDGE_LOOP('',(#4979,#5000,#5001,#5002));
#4979 = ORIENTED_EDGE('',*,*,#4980,.T.);
#4980 = EDGE_CURVE('',#4981,#4873,#4983,.T.);
#4981 = VERTEX_POINT('',#4982);
#4982 = CARTESIAN_POINT('',(-11.725,7.049999997601,8.2));
#4983 = SURFACE_CURVE('',#4984,(#4988,#4994),.PCURVE_S1.);
#4984 = LINE('',#4985,#4986);
#4985 = CARTESIAN_POINT('',(-12.8125,7.050000000035,8.2));
#4986 = VECTOR('',#4987,1.);
#4987 = DIRECTION('',(-1.,0.,0.));
#4988 = PCURVE('',#1714,#4989);
#4989 = DEFINITIONAL_REPRESENTATION('',(#4990),#4993);
#4990 = B_SPLINE_CURVE_WITH_KNOTS('',1,(#4991,#4992),.UNSPECIFIED.,.F.,
  .F.,(2,2),(-1.0875,12.8125),.PIECEWISE_BEZIER_KNOTS.);
#4991 = CARTESIAN_POINT('',(13.9,-1.E-01));
#4992 = CARTESIAN_POINT('',(0.,-1.E-01));
#4993 = ( GEOMETRIC_REPRESENTATION_CONTEXT(2) 
PARAMETRIC_REPRESENTATION_CONTEXT() REPRESENTATION_CONTEXT('2D SPACE',''
  ) );
#4994 = PCURVE('',#4007,#4995);
#4995 = DEFINITIONAL_REPRESENTATION('',(#4996),#4999);
#4996 = B_SPLINE_CURVE_WITH_KNOTS('',1,(#4997,#4998),.UNSPECIFIED.,.F.,
  .F.,(2,2),(-1.0875,12.8125),.PIECEWISE_BEZIER_KNOTS.);
#4997 = CARTESIAN_POINT('',(-11.725,7.050000000232));
#4998 = CARTESIAN_POINT('',(-25.625,7.050000000232));
#4999 = ( GEOMETRIC_REPRESENTATION_CONTEXT(2) 
PARAMETRIC_REPRESENTATION_CONTEXT() REPRESENTATION_CONTEXT('2D SPACE',''
  ) );
#5000 = ORIENTED_EDGE('',*,*,#4900,.T.);
#5001 = ORIENTED_EDGE('',*,*,#1699,.F.);
#5002 = ORIENTED_EDGE('',*,*,#5003,.F.);
#5003 = EDGE_CURVE('',#4981,#1700,#5004,.T.);
#5004 = SURFACE_CURVE('',#5005,(#5009,#5016),.PCURVE_S1.);
#5005 = LINE('',#5006,#5007);
#5006 = CARTESIAN_POINT('',(-11.725,7.049999997601,8.1));
#5007 = VECTOR('',#5008,1.);
#5008 = DIRECTION('',(0.,0.,1.));
#5009 = PCURVE('',#1714,#5010);
#5010 = DEFINITIONAL_REPRESENTATION('',(#5011),#5015);
#5011 = LINE('',#5012,#5013);
#5012 = CARTESIAN_POINT('',(13.9,0.));
#5013 = VECTOR('',#5014,1.);
#5014 = DIRECTION('',(0.,-1.));
#5015 = ( GEOMETRIC_REPRESENTATION_CONTEXT(2) 
PARAMETRIC_REPRESENTATION_CONTEXT() REPRESENTATION_CONTEXT('2D SPACE',''
  ) );
#5016 = PCURVE('',#1746,#5017);
#5017 = DEFINITIONAL_REPRESENTATION('',(#5018),#5022);
#5018 = LINE('',#5019,#5020);
#5019 = CARTESIAN_POINT('',(-1.570796326795,0.));
#5020 = VECTOR('',#5021,1.);
#5021 = DIRECTION('',(-0.,-1.));
#5022 = ( GEOMETRIC_REPRESENTATION_CONTEXT(2) 
PARAMETRIC_REPRESENTATION_CONTEXT() REPRESENTATION_CONTEXT('2D SPACE',''
  ) );
#5023 = ADVANCED_FACE('',(#5024),#1832,.T.);
#5024 = FACE_BOUND('',#5025,.T.);
#5025 = EDGE_LOOP('',(#5026,#5047,#5048,#5049));
#5026 = ORIENTED_EDGE('',*,*,#5027,.T.);
#5027 = EDGE_CURVE('',#5028,#4927,#5030,.T.);
#5028 = VERTEX_POINT('',#5029);
#5029 = CARTESIAN_POINT('',(-11.72500000486,-7.049999999965,8.2));
#5030 = SURFACE_CURVE('',#5031,(#5035,#5041),.PCURVE_S1.);
#5031 = LINE('',#5032,#5033);
#5032 = CARTESIAN_POINT('',(-12.8125,-7.049999999965,8.2));
#5033 = VECTOR('',#5034,1.);
#5034 = DIRECTION('',(-1.,0.,0.));
#5035 = PCURVE('',#1832,#5036);
#5036 = DEFINITIONAL_REPRESENTATION('',(#5037),#5040);
#5037 = B_SPLINE_CURVE_WITH_KNOTS('',1,(#5038,#5039),.UNSPECIFIED.,.F.,
  .F.,(2,2),(-1.087499995131,12.8125),.PIECEWISE_BEZIER_KNOTS.);
#5038 = CARTESIAN_POINT('',(13.899999995131,-1.E-01));
#5039 = CARTESIAN_POINT('',(0.,-1.E-01));
#5040 = ( GEOMETRIC_REPRESENTATION_CONTEXT(2) 
PARAMETRIC_REPRESENTATION_CONTEXT() REPRESENTATION_CONTEXT('2D SPACE',''
  ) );
#5041 = PCURVE('',#4007,#5042);
#5042 = DEFINITIONAL_REPRESENTATION('',(#5043),#5046);
#5043 = B_SPLINE_CURVE_WITH_KNOTS('',1,(#5044,#5045),.UNSPECIFIED.,.F.,
  .F.,(2,2),(-1.087499995131,12.8125),.PIECEWISE_BEZIER_KNOTS.);
#5044 = CARTESIAN_POINT('',(-11.72500000486,-7.049999999768));
#5045 = CARTESIAN_POINT('',(-25.625,-7.049999999768));
#5046 = ( GEOMETRIC_REPRESENTATION_CONTEXT(2) 
PARAMETRIC_REPRESENTATION_CONTEXT() REPRESENTATION_CONTEXT('2D SPACE',''
  ) );
#5047 = ORIENTED_EDGE('',*,*,#4956,.T.);
#5048 = ORIENTED_EDGE('',*,*,#1817,.F.);
#5049 = ORIENTED_EDGE('',*,*,#5050,.F.);
#5050 = EDGE_CURVE('',#5028,#1785,#5051,.T.);
#5051 = SURFACE_CURVE('',#5052,(#5056,#5063),.PCURVE_S1.);
#5052 = LINE('',#5053,#5054);
#5053 = CARTESIAN_POINT('',(-11.72500000486,-7.049999999965,8.1));
#5054 = VECTOR('',#5055,1.);
#5055 = DIRECTION('',(0.,0.,1.));
#5056 = PCURVE('',#1832,#5057);
#5057 = DEFINITIONAL_REPRESENTATION('',(#5058),#5062);
#5058 = LINE('',#5059,#5060);
#5059 = CARTESIAN_POINT('',(13.899999995131,0.));
#5060 = VECTOR('',#5061,1.);
#5061 = DIRECTION('',(0.,-1.));
#5062 = ( GEOMETRIC_REPRESENTATION_CONTEXT(2) 
PARAMETRIC_REPRESENTATION_CONTEXT() REPRESENTATION_CONTEXT('2D SPACE',''
  ) );
#5063 = PCURVE('',#1805,#5064);
#5064 = DEFINITIONAL_REPRESENTATION('',(#5065),#5069);
#5065 = LINE('',#5066,#5067);
#5066 = CARTESIAN_POINT('',(-4.712388980385,0.));
#5067 = VECTOR('',#5068,1.);
#5068 = DIRECTION('',(-0.,-1.));
#5069 = ( GEOMETRIC_REPRESENTATION_CONTEXT(2) 
PARAMETRIC_REPRESENTATION_CONTEXT() REPRESENTATION_CONTEXT('2D SPACE',''
  ) );
#5070 = ADVANCED_FACE('',(#5071),#1746,.F.);
#5071 = FACE_BOUND('',#5072,.T.);
#5072 = EDGE_LOOP('',(#5073,#5101,#5122,#5123));
#5073 = ORIENTED_EDGE('',*,*,#5074,.T.);
#5074 = EDGE_CURVE('',#4981,#5075,#5077,.T.);
#5075 = VERTEX_POINT('',#5076);
#5076 = CARTESIAN_POINT('',(-11.625,6.949999995166,8.2));
#5077 = SURFACE_CURVE('',#5078,(#5083,#5090),.PCURVE_S1.);
#5078 = CIRCLE('',#5079,0.1);
#5079 = AXIS2_PLACEMENT_3D('',#5080,#5081,#5082);
#5080 = CARTESIAN_POINT('',(-11.725,6.949999995166,8.2));
#5081 = DIRECTION('',(0.,0.,-1.));
#5082 = DIRECTION('',(1.,0.,0.));
#5083 = PCURVE('',#1746,#5084);
#5084 = DEFINITIONAL_REPRESENTATION('',(#5085),#5089);
#5085 = LINE('',#5086,#5087);
#5086 = CARTESIAN_POINT('',(-6.28318530718,-1.E-01));
#5087 = VECTOR('',#5088,1.);
#5088 = DIRECTION('',(1.,-0.));
#5089 = ( GEOMETRIC_REPRESENTATION_CONTEXT(2) 
PARAMETRIC_REPRESENTATION_CONTEXT() REPRESENTATION_CONTEXT('2D SPACE',''
  ) );
#5090 = PCURVE('',#4007,#5091);
#5091 = DEFINITIONAL_REPRESENTATION('',(#5092),#5100);
#5092 = ( BOUNDED_CURVE() B_SPLINE_CURVE(2,(#5093,#5094,#5095,#5096,
#5097,#5098,#5099),.UNSPECIFIED.,.T.,.F.) B_SPLINE_CURVE_WITH_KNOTS((1,2
    ,2,2,2,1),(-2.094395102393,0.,2.094395102393,4.188790204786,
6.28318530718,8.377580409573),.UNSPECIFIED.) CURVE() 
GEOMETRIC_REPRESENTATION_ITEM() RATIONAL_B_SPLINE_CURVE((1.,0.5,1.,0.5,
1.,0.5,1.)) REPRESENTATION_ITEM('') );
#5093 = CARTESIAN_POINT('',(-11.625,6.949999995362));
#5094 = CARTESIAN_POINT('',(-11.625,6.776794914606));
#5095 = CARTESIAN_POINT('',(-11.775,6.863397454984));
#5096 = CARTESIAN_POINT('',(-11.925,6.949999995362));
#5097 = CARTESIAN_POINT('',(-11.775,7.036602535741));
#5098 = CARTESIAN_POINT('',(-11.625,7.123205076119));
#5099 = CARTESIAN_POINT('',(-11.625,6.949999995362));
#5100 = ( GEOMETRIC_REPRESENTATION_CONTEXT(2) 
PARAMETRIC_REPRESENTATION_CONTEXT() REPRESENTATION_CONTEXT('2D SPACE',''
  ) );
#5101 = ORIENTED_EDGE('',*,*,#5102,.T.);
#5102 = EDGE_CURVE('',#5075,#1726,#5103,.T.);
#5103 = SURFACE_CURVE('',#5104,(#5108,#5115),.PCURVE_S1.);
#5104 = LINE('',#5105,#5106);
#5105 = CARTESIAN_POINT('',(-11.625,6.949999995166,8.1));
#5106 = VECTOR('',#5107,1.);
#5107 = DIRECTION('',(0.,0.,1.));
#5108 = PCURVE('',#1746,#5109);
#5109 = DEFINITIONAL_REPRESENTATION('',(#5110),#5114);
#5110 = LINE('',#5111,#5112);
#5111 = CARTESIAN_POINT('',(-0.,0.));
#5112 = VECTOR('',#5113,1.);
#5113 = DIRECTION('',(-0.,-1.));
#5114 = ( GEOMETRIC_REPRESENTATION_CONTEXT(2) 
PARAMETRIC_REPRESENTATION_CONTEXT() REPRESENTATION_CONTEXT('2D SPACE',''
  ) );
#5115 = PCURVE('',#1773,#5116);
#5116 = DEFINITIONAL_REPRESENTATION('',(#5117),#5121);
#5117 = LINE('',#5118,#5119);
#5118 = CARTESIAN_POINT('',(13.899999995131,0.));
#5119 = VECTOR('',#5120,1.);
#5120 = DIRECTION('',(0.,-1.));
#5121 = ( GEOMETRIC_REPRESENTATION_CONTEXT(2) 
PARAMETRIC_REPRESENTATION_CONTEXT() REPRESENTATION_CONTEXT('2D SPACE',''
  ) );
#5122 = ORIENTED_EDGE('',*,*,#1725,.F.);
#5123 = ORIENTED_EDGE('',*,*,#5003,.F.);
#5124 = ADVANCED_FACE('',(#5125),#1805,.F.);
#5125 = FACE_BOUND('',#5126,.T.);
#5126 = EDGE_LOOP('',(#5127,#5155,#5156,#5157));
#5127 = ORIENTED_EDGE('',*,*,#5128,.T.);
#5128 = EDGE_CURVE('',#5129,#5028,#5131,.T.);
#5129 = VERTEX_POINT('',#5130);
#5130 = CARTESIAN_POINT('',(-11.62500000243,-6.949999999965,8.2));
#5131 = SURFACE_CURVE('',#5132,(#5137,#5144),.PCURVE_S1.);
#5132 = CIRCLE('',#5133,0.1);
#5133 = AXIS2_PLACEMENT_3D('',#5134,#5135,#5136);
#5134 = CARTESIAN_POINT('',(-11.72500000486,-6.949999999965,8.2));
#5135 = DIRECTION('',(0.,0.,-1.));
#5136 = DIRECTION('',(1.,0.,0.));
#5137 = PCURVE('',#1805,#5138);
#5138 = DEFINITIONAL_REPRESENTATION('',(#5139),#5143);
#5139 = LINE('',#5140,#5141);
#5140 = CARTESIAN_POINT('',(-6.28318530718,-1.E-01));
#5141 = VECTOR('',#5142,1.);
#5142 = DIRECTION('',(1.,-0.));
#5143 = ( GEOMETRIC_REPRESENTATION_CONTEXT(2) 
PARAMETRIC_REPRESENTATION_CONTEXT() REPRESENTATION_CONTEXT('2D SPACE',''
  ) );
#5144 = PCURVE('',#4007,#5145);
#5145 = DEFINITIONAL_REPRESENTATION('',(#5146),#5154);
#5146 = ( BOUNDED_CURVE() B_SPLINE_CURVE(2,(#5147,#5148,#5149,#5150,
#5151,#5152,#5153),.UNSPECIFIED.,.T.,.F.) B_SPLINE_CURVE_WITH_KNOTS((1,2
    ,2,2,2,1),(-2.094395102393,0.,2.094395102393,4.188790204786,
6.28318530718,8.377580409573),.UNSPECIFIED.) CURVE() 
GEOMETRIC_REPRESENTATION_ITEM() RATIONAL_B_SPLINE_CURVE((1.,0.5,1.,0.5,
1.,0.5,1.)) REPRESENTATION_ITEM('') );
#5147 = CARTESIAN_POINT('',(-11.62500000486,-6.949999999768));
#5148 = CARTESIAN_POINT('',(-11.62500000486,-7.123205080525));
#5149 = CARTESIAN_POINT('',(-11.77500000486,-7.036602540147));
#5150 = CARTESIAN_POINT('',(-11.92500000486,-6.949999999768));
#5151 = CARTESIAN_POINT('',(-11.77500000486,-6.86339745939));
#5152 = CARTESIAN_POINT('',(-11.62500000486,-6.776794919012));
#5153 = CARTESIAN_POINT('',(-11.62500000486,-6.949999999768));
#5154 = ( GEOMETRIC_REPRESENTATION_CONTEXT(2) 
PARAMETRIC_REPRESENTATION_CONTEXT() REPRESENTATION_CONTEXT('2D SPACE',''
  ) );
#5155 = ORIENTED_EDGE('',*,*,#5050,.T.);
#5156 = ORIENTED_EDGE('',*,*,#1784,.F.);
#5157 = ORIENTED_EDGE('',*,*,#5158,.F.);
#5158 = EDGE_CURVE('',#5129,#1759,#5159,.T.);
#5159 = SURFACE_CURVE('',#5160,(#5164,#5171),.PCURVE_S1.);
#5160 = LINE('',#5161,#5162);
#5161 = CARTESIAN_POINT('',(-11.62500000243,-6.949999999965,8.1));
#5162 = VECTOR('',#5163,1.);
#5163 = DIRECTION('',(0.,0.,1.));
#5164 = PCURVE('',#1805,#5165);
#5165 = DEFINITIONAL_REPRESENTATION('',(#5166),#5170);
#5166 = LINE('',#5167,#5168);
#5167 = CARTESIAN_POINT('',(-6.28318530718,0.));
#5168 = VECTOR('',#5169,1.);
#5169 = DIRECTION('',(-0.,-1.));
#5170 = ( GEOMETRIC_REPRESENTATION_CONTEXT(2) 
PARAMETRIC_REPRESENTATION_CONTEXT() REPRESENTATION_CONTEXT('2D SPACE',''
  ) );
#5171 = PCURVE('',#1773,#5172);
#5172 = DEFINITIONAL_REPRESENTATION('',(#5173),#5177);
#5173 = LINE('',#5174,#5175);
#5174 = CARTESIAN_POINT('',(0.,0.));
#5175 = VECTOR('',#5176,1.);
#5176 = DIRECTION('',(0.,-1.));
#5177 = ( GEOMETRIC_REPRESENTATION_CONTEXT(2) 
PARAMETRIC_REPRESENTATION_CONTEXT() REPRESENTATION_CONTEXT('2D SPACE',''
  ) );
#5178 = ADVANCED_FACE('',(#5179),#1773,.T.);
#5179 = FACE_BOUND('',#5180,.T.);
#5180 = EDGE_LOOP('',(#5181,#5200,#5201,#5202));
#5181 = ORIENTED_EDGE('',*,*,#5182,.T.);
#5182 = EDGE_CURVE('',#5075,#5129,#5183,.T.);
#5183 = SURFACE_CURVE('',#5184,(#5188,#5194),.PCURVE_S1.);
#5184 = LINE('',#5185,#5186);
#5185 = CARTESIAN_POINT('',(-11.625,-3.47500000008,8.2));
#5186 = VECTOR('',#5187,1.);
#5187 = DIRECTION('',(0.,-1.,0.));
#5188 = PCURVE('',#1773,#5189);
#5189 = DEFINITIONAL_REPRESENTATION('',(#5190),#5193);
#5190 = B_SPLINE_CURVE_WITH_KNOTS('',1,(#5191,#5192),.UNSPECIFIED.,.F.,
  .F.,(2,2),(-10.42499999524,3.474999999884),.PIECEWISE_BEZIER_KNOTS.);
#5191 = CARTESIAN_POINT('',(13.899999995131,-1.E-01));
#5192 = CARTESIAN_POINT('',(0.,-1.E-01));
#5193 = ( GEOMETRIC_REPRESENTATION_CONTEXT(2) 
PARAMETRIC_REPRESENTATION_CONTEXT() REPRESENTATION_CONTEXT('2D SPACE',''
  ) );
#5194 = PCURVE('',#4007,#5195);
#5195 = DEFINITIONAL_REPRESENTATION('',(#5196),#5199);
#5196 = B_SPLINE_CURVE_WITH_KNOTS('',1,(#5197,#5198),.UNSPECIFIED.,.F.,
  .F.,(2,2),(-10.42499999524,3.474999999884),.PIECEWISE_BEZIER_KNOTS.);
#5197 = CARTESIAN_POINT('',(-11.625,6.949999995362));
#5198 = CARTESIAN_POINT('',(-11.625,-6.949999999768));
#5199 = ( GEOMETRIC_REPRESENTATION_CONTEXT(2) 
PARAMETRIC_REPRESENTATION_CONTEXT() REPRESENTATION_CONTEXT('2D SPACE',''
  ) );
#5200 = ORIENTED_EDGE('',*,*,#5158,.T.);
#5201 = ORIENTED_EDGE('',*,*,#1758,.F.);
#5202 = ORIENTED_EDGE('',*,*,#5102,.F.);
#5203 = ADVANCED_FACE('',(#5204),#1893,.F.);
#5204 = FACE_BOUND('',#5205,.F.);
#5205 = EDGE_LOOP('',(#5206,#5229,#5250,#5251));
#5206 = ORIENTED_EDGE('',*,*,#5207,.T.);
#5207 = EDGE_CURVE('',#5208,#5210,#5212,.T.);
#5208 = VERTEX_POINT('',#5209);
#5209 = CARTESIAN_POINT('',(-6.675,6.949999995166,8.2));
#5210 = VERTEX_POINT('',#5211);
#5211 = CARTESIAN_POINT('',(-6.675,-6.950000000035,8.2));
#5212 = SURFACE_CURVE('',#5213,(#5217,#5223),.PCURVE_S1.);
#5213 = LINE('',#5214,#5215);
#5214 = CARTESIAN_POINT('',(-6.675,-3.475000000116,8.2));
#5215 = VECTOR('',#5216,1.);
#5216 = DIRECTION('',(0.,-1.,0.));
#5217 = PCURVE('',#1893,#5218);
#5218 = DEFINITIONAL_REPRESENTATION('',(#5219),#5222);
#5219 = B_SPLINE_CURVE_WITH_KNOTS('',1,(#5220,#5221),.UNSPECIFIED.,.F.,
  .F.,(2,2),(-10.42499999528,3.47499999992),.PIECEWISE_BEZIER_KNOTS.);
#5220 = CARTESIAN_POINT('',(13.899999995202,-1.E-01));
#5221 = CARTESIAN_POINT('',(0.,-1.E-01));
#5222 = ( GEOMETRIC_REPRESENTATION_CONTEXT(2) 
PARAMETRIC_REPRESENTATION_CONTEXT() REPRESENTATION_CONTEXT('2D SPACE',''
  ) );
#5223 = PCURVE('',#4007,#5224);
#5224 = DEFINITIONAL_REPRESENTATION('',(#5225),#5228);
#5225 = B_SPLINE_CURVE_WITH_KNOTS('',1,(#5226,#5227),.UNSPECIFIED.,.F.,
  .F.,(2,2),(-10.42499999528,3.47499999992),.PIECEWISE_BEZIER_KNOTS.);
#5226 = CARTESIAN_POINT('',(-6.675,6.949999995362));
#5227 = CARTESIAN_POINT('',(-6.675,-6.949999999839));
#5228 = ( GEOMETRIC_REPRESENTATION_CONTEXT(2) 
PARAMETRIC_REPRESENTATION_CONTEXT() REPRESENTATION_CONTEXT('2D SPACE',''
  ) );
#5229 = ORIENTED_EDGE('',*,*,#5230,.T.);
#5230 = EDGE_CURVE('',#5210,#1879,#5231,.T.);
#5231 = SURFACE_CURVE('',#5232,(#5236,#5243),.PCURVE_S1.);
#5232 = LINE('',#5233,#5234);
#5233 = CARTESIAN_POINT('',(-6.675,-6.950000000035,8.1));
#5234 = VECTOR('',#5235,1.);
#5235 = DIRECTION('',(0.,0.,1.));
#5236 = PCURVE('',#1893,#5237);
#5237 = DEFINITIONAL_REPRESENTATION('',(#5238),#5242);
#5238 = LINE('',#5239,#5240);
#5239 = CARTESIAN_POINT('',(0.,0.));
#5240 = VECTOR('',#5241,1.);
#5241 = DIRECTION('',(0.,-1.));
#5242 = ( GEOMETRIC_REPRESENTATION_CONTEXT(2) 
PARAMETRIC_REPRESENTATION_CONTEXT() REPRESENTATION_CONTEXT('2D SPACE',''
  ) );
#5243 = PCURVE('',#2100,#5244);
#5244 = DEFINITIONAL_REPRESENTATION('',(#5245),#5249);
#5245 = LINE('',#5246,#5247);
#5246 = CARTESIAN_POINT('',(-3.14159265359,0.));
#5247 = VECTOR('',#5248,1.);
#5248 = DIRECTION('',(-0.,-1.));
#5249 = ( GEOMETRIC_REPRESENTATION_CONTEXT(2) 
PARAMETRIC_REPRESENTATION_CONTEXT() REPRESENTATION_CONTEXT('2D SPACE',''
  ) );
#5250 = ORIENTED_EDGE('',*,*,#1876,.F.);
#5251 = ORIENTED_EDGE('',*,*,#5252,.F.);
#5252 = EDGE_CURVE('',#5208,#1877,#5253,.T.);
#5253 = SURFACE_CURVE('',#5254,(#5258,#5265),.PCURVE_S1.);
#5254 = LINE('',#5255,#5256);
#5255 = CARTESIAN_POINT('',(-6.675,6.949999995166,8.1));
#5256 = VECTOR('',#5257,1.);
#5257 = DIRECTION('',(0.,0.,1.));
#5258 = PCURVE('',#1893,#5259);
#5259 = DEFINITIONAL_REPRESENTATION('',(#5260),#5264);
#5260 = LINE('',#5261,#5262);
#5261 = CARTESIAN_POINT('',(13.899999995202,0.));
#5262 = VECTOR('',#5263,1.);
#5263 = DIRECTION('',(0.,-1.));
#5264 = ( GEOMETRIC_REPRESENTATION_CONTEXT(2) 
PARAMETRIC_REPRESENTATION_CONTEXT() REPRESENTATION_CONTEXT('2D SPACE',''
  ) );
#5265 = PCURVE('',#1925,#5266);
#5266 = DEFINITIONAL_REPRESENTATION('',(#5267),#5271);
#5267 = LINE('',#5268,#5269);
#5268 = CARTESIAN_POINT('',(-3.14159265359,0.));
#5269 = VECTOR('',#5270,1.);
#5270 = DIRECTION('',(-0.,-1.));
#5271 = ( GEOMETRIC_REPRESENTATION_CONTEXT(2) 
PARAMETRIC_REPRESENTATION_CONTEXT() REPRESENTATION_CONTEXT('2D SPACE',''
  ) );
#5272 = ADVANCED_FACE('',(#5273),#1925,.F.);
#5273 = FACE_BOUND('',#5274,.T.);
#5274 = EDGE_LOOP('',(#5275,#5303,#5324,#5325));
#5275 = ORIENTED_EDGE('',*,*,#5276,.T.);
#5276 = EDGE_CURVE('',#5208,#5277,#5279,.T.);
#5277 = VERTEX_POINT('',#5278);
#5278 = CARTESIAN_POINT('',(-6.575,7.049999997601,8.2));
#5279 = SURFACE_CURVE('',#5280,(#5285,#5292),.PCURVE_S1.);
#5280 = CIRCLE('',#5281,0.1);
#5281 = AXIS2_PLACEMENT_3D('',#5282,#5283,#5284);
#5282 = CARTESIAN_POINT('',(-6.575,6.949999995166,8.2));
#5283 = DIRECTION('',(0.,0.,-1.));
#5284 = DIRECTION('',(1.,0.,0.));
#5285 = PCURVE('',#1925,#5286);
#5286 = DEFINITIONAL_REPRESENTATION('',(#5287),#5291);
#5287 = LINE('',#5288,#5289);
#5288 = CARTESIAN_POINT('',(-6.28318530718,-1.E-01));
#5289 = VECTOR('',#5290,1.);
#5290 = DIRECTION('',(1.,-0.));
#5291 = ( GEOMETRIC_REPRESENTATION_CONTEXT(2) 
PARAMETRIC_REPRESENTATION_CONTEXT() REPRESENTATION_CONTEXT('2D SPACE',''
  ) );
#5292 = PCURVE('',#4007,#5293);
#5293 = DEFINITIONAL_REPRESENTATION('',(#5294),#5302);
#5294 = ( BOUNDED_CURVE() B_SPLINE_CURVE(2,(#5295,#5296,#5297,#5298,
#5299,#5300,#5301),.UNSPECIFIED.,.T.,.F.) B_SPLINE_CURVE_WITH_KNOTS((1,2
    ,2,2,2,1),(-2.094395102393,0.,2.094395102393,4.188790204786,
6.28318530718,8.377580409573),.UNSPECIFIED.) CURVE() 
GEOMETRIC_REPRESENTATION_ITEM() RATIONAL_B_SPLINE_CURVE((1.,0.5,1.,0.5,
1.,0.5,1.)) REPRESENTATION_ITEM('') );
#5295 = CARTESIAN_POINT('',(-6.475,6.949999995362));
#5296 = CARTESIAN_POINT('',(-6.475,6.776794914606));
#5297 = CARTESIAN_POINT('',(-6.625,6.863397454984));
#5298 = CARTESIAN_POINT('',(-6.775,6.949999995362));
#5299 = CARTESIAN_POINT('',(-6.625,7.036602535741));
#5300 = CARTESIAN_POINT('',(-6.475,7.123205076119));
#5301 = CARTESIAN_POINT('',(-6.475,6.949999995362));
#5302 = ( GEOMETRIC_REPRESENTATION_CONTEXT(2) 
PARAMETRIC_REPRESENTATION_CONTEXT() REPRESENTATION_CONTEXT('2D SPACE',''
  ) );
#5303 = ORIENTED_EDGE('',*,*,#5304,.T.);
#5304 = EDGE_CURVE('',#5277,#1905,#5305,.T.);
#5305 = SURFACE_CURVE('',#5306,(#5310,#5317),.PCURVE_S1.);
#5306 = LINE('',#5307,#5308);
#5307 = CARTESIAN_POINT('',(-6.575,7.049999997601,8.1));
#5308 = VECTOR('',#5309,1.);
#5309 = DIRECTION('',(0.,0.,1.));
#5310 = PCURVE('',#1925,#5311);
#5311 = DEFINITIONAL_REPRESENTATION('',(#5312),#5316);
#5312 = LINE('',#5313,#5314);
#5313 = CARTESIAN_POINT('',(-1.570796326795,0.));
#5314 = VECTOR('',#5315,1.);
#5315 = DIRECTION('',(-0.,-1.));
#5316 = ( GEOMETRIC_REPRESENTATION_CONTEXT(2) 
PARAMETRIC_REPRESENTATION_CONTEXT() REPRESENTATION_CONTEXT('2D SPACE',''
  ) );
#5317 = PCURVE('',#1952,#5318);
#5318 = DEFINITIONAL_REPRESENTATION('',(#5319),#5323);
#5319 = LINE('',#5320,#5321);
#5320 = CARTESIAN_POINT('',(0.,0.));
#5321 = VECTOR('',#5322,1.);
#5322 = DIRECTION('',(0.,-1.));
#5323 = ( GEOMETRIC_REPRESENTATION_CONTEXT(2) 
PARAMETRIC_REPRESENTATION_CONTEXT() REPRESENTATION_CONTEXT('2D SPACE',''
  ) );
#5324 = ORIENTED_EDGE('',*,*,#1904,.F.);
#5325 = ORIENTED_EDGE('',*,*,#5252,.F.);
#5326 = ADVANCED_FACE('',(#5327),#2100,.F.);
#5327 = FACE_BOUND('',#5328,.T.);
#5328 = EDGE_LOOP('',(#5329,#5357,#5358,#5359));
#5329 = ORIENTED_EDGE('',*,*,#5330,.T.);
#5330 = EDGE_CURVE('',#5331,#5210,#5333,.T.);
#5331 = VERTEX_POINT('',#5332);
#5332 = CARTESIAN_POINT('',(-6.575,-7.05,8.2));
#5333 = SURFACE_CURVE('',#5334,(#5339,#5346),.PCURVE_S1.);
#5334 = CIRCLE('',#5335,0.1);
#5335 = AXIS2_PLACEMENT_3D('',#5336,#5337,#5338);
#5336 = CARTESIAN_POINT('',(-6.575,-6.950000000035,8.2));
#5337 = DIRECTION('',(0.,0.,-1.));
#5338 = DIRECTION('',(1.,0.,0.));
#5339 = PCURVE('',#2100,#5340);
#5340 = DEFINITIONAL_REPRESENTATION('',(#5341),#5345);
#5341 = LINE('',#5342,#5343);
#5342 = CARTESIAN_POINT('',(-6.28318530718,-1.E-01));
#5343 = VECTOR('',#5344,1.);
#5344 = DIRECTION('',(1.,-0.));
#5345 = ( GEOMETRIC_REPRESENTATION_CONTEXT(2) 
PARAMETRIC_REPRESENTATION_CONTEXT() REPRESENTATION_CONTEXT('2D SPACE',''
  ) );
#5346 = PCURVE('',#4007,#5347);
#5347 = DEFINITIONAL_REPRESENTATION('',(#5348),#5356);
#5348 = ( BOUNDED_CURVE() B_SPLINE_CURVE(2,(#5349,#5350,#5351,#5352,
#5353,#5354,#5355),.UNSPECIFIED.,.T.,.F.) B_SPLINE_CURVE_WITH_KNOTS((1,2
    ,2,2,2,1),(-2.094395102393,0.,2.094395102393,4.188790204786,
6.28318530718,8.377580409573),.UNSPECIFIED.) CURVE() 
GEOMETRIC_REPRESENTATION_ITEM() RATIONAL_B_SPLINE_CURVE((1.,0.5,1.,0.5,
1.,0.5,1.)) REPRESENTATION_ITEM('') );
#5349 = CARTESIAN_POINT('',(-6.475,-6.949999999839));
#5350 = CARTESIAN_POINT('',(-6.475,-7.123205080596));
#5351 = CARTESIAN_POINT('',(-6.625,-7.036602540218));
#5352 = CARTESIAN_POINT('',(-6.775,-6.949999999839));
#5353 = CARTESIAN_POINT('',(-6.625,-6.863397459461));
#5354 = CARTESIAN_POINT('',(-6.475,-6.776794919082));
#5355 = CARTESIAN_POINT('',(-6.475,-6.949999999839));
#5356 = ( GEOMETRIC_REPRESENTATION_CONTEXT(2) 
PARAMETRIC_REPRESENTATION_CONTEXT() REPRESENTATION_CONTEXT('2D SPACE',''
  ) );
#5357 = ORIENTED_EDGE('',*,*,#5230,.T.);
#5358 = ORIENTED_EDGE('',*,*,#2081,.F.);
#5359 = ORIENTED_EDGE('',*,*,#5360,.F.);
#5360 = EDGE_CURVE('',#5331,#2056,#5361,.T.);
#5361 = SURFACE_CURVE('',#5362,(#5366,#5373),.PCURVE_S1.);
#5362 = LINE('',#5363,#5364);
#5363 = CARTESIAN_POINT('',(-6.575,-7.05,8.1));
#5364 = VECTOR('',#5365,1.);
#5365 = DIRECTION('',(0.,0.,1.));
#5366 = PCURVE('',#2100,#5367);
#5367 = DEFINITIONAL_REPRESENTATION('',(#5368),#5372);
#5368 = LINE('',#5369,#5370);
#5369 = CARTESIAN_POINT('',(-4.712388980385,0.));
#5370 = VECTOR('',#5371,1.);
#5371 = DIRECTION('',(-0.,-1.));
#5372 = ( GEOMETRIC_REPRESENTATION_CONTEXT(2) 
PARAMETRIC_REPRESENTATION_CONTEXT() REPRESENTATION_CONTEXT('2D SPACE',''
  ) );
#5373 = PCURVE('',#2070,#5374);
#5374 = DEFINITIONAL_REPRESENTATION('',(#5375),#5379);
#5375 = LINE('',#5376,#5377);
#5376 = CARTESIAN_POINT('',(0.,0.));
#5377 = VECTOR('',#5378,1.);
#5378 = DIRECTION('',(0.,-1.));
#5379 = ( GEOMETRIC_REPRESENTATION_CONTEXT(2) 
PARAMETRIC_REPRESENTATION_CONTEXT() REPRESENTATION_CONTEXT('2D SPACE',''
  ) );
#5380 = ADVANCED_FACE('',(#5381),#1952,.F.);
#5381 = FACE_BOUND('',#5382,.F.);
#5382 = EDGE_LOOP('',(#5383,#5404,#5405,#5406));
#5383 = ORIENTED_EDGE('',*,*,#5384,.T.);
#5384 = EDGE_CURVE('',#5385,#5277,#5387,.T.);
#5385 = VERTEX_POINT('',#5386);
#5386 = CARTESIAN_POINT('',(7.325,7.049999997601,8.2));
#5387 = SURFACE_CURVE('',#5388,(#5392,#5398),.PCURVE_S1.);
#5388 = LINE('',#5389,#5390);
#5389 = CARTESIAN_POINT('',(-3.2875,7.050000000035,8.2));
#5390 = VECTOR('',#5391,1.);
#5391 = DIRECTION('',(-1.,0.,0.));
#5392 = PCURVE('',#1952,#5393);
#5393 = DEFINITIONAL_REPRESENTATION('',(#5394),#5397);
#5394 = B_SPLINE_CURVE_WITH_KNOTS('',1,(#5395,#5396),.UNSPECIFIED.,.F.,
  .F.,(2,2),(-10.6125,3.2875),.PIECEWISE_BEZIER_KNOTS.);
#5395 = CARTESIAN_POINT('',(13.9,-1.E-01));
#5396 = CARTESIAN_POINT('',(0.,-1.E-01));
#5397 = ( GEOMETRIC_REPRESENTATION_CONTEXT(2) 
PARAMETRIC_REPRESENTATION_CONTEXT() REPRESENTATION_CONTEXT('2D SPACE',''
  ) );
#5398 = PCURVE('',#4007,#5399);
#5399 = DEFINITIONAL_REPRESENTATION('',(#5400),#5403);
#5400 = B_SPLINE_CURVE_WITH_KNOTS('',1,(#5401,#5402),.UNSPECIFIED.,.F.,
  .F.,(2,2),(-10.6125,3.2875),.PIECEWISE_BEZIER_KNOTS.);
#5401 = CARTESIAN_POINT('',(7.325,7.050000000232));
#5402 = CARTESIAN_POINT('',(-6.575,7.050000000232));
#5403 = ( GEOMETRIC_REPRESENTATION_CONTEXT(2) 
PARAMETRIC_REPRESENTATION_CONTEXT() REPRESENTATION_CONTEXT('2D SPACE',''
  ) );
#5404 = ORIENTED_EDGE('',*,*,#5304,.T.);
#5405 = ORIENTED_EDGE('',*,*,#1937,.F.);
#5406 = ORIENTED_EDGE('',*,*,#5407,.F.);
#5407 = EDGE_CURVE('',#5385,#1938,#5408,.T.);
#5408 = SURFACE_CURVE('',#5409,(#5413,#5420),.PCURVE_S1.);
#5409 = LINE('',#5410,#5411);
#5410 = CARTESIAN_POINT('',(7.325,7.049999997601,8.1));
#5411 = VECTOR('',#5412,1.);
#5412 = DIRECTION('',(0.,0.,1.));
#5413 = PCURVE('',#1952,#5414);
#5414 = DEFINITIONAL_REPRESENTATION('',(#5415),#5419);
#5415 = LINE('',#5416,#5417);
#5416 = CARTESIAN_POINT('',(13.9,0.));
#5417 = VECTOR('',#5418,1.);
#5418 = DIRECTION('',(0.,-1.));
#5419 = ( GEOMETRIC_REPRESENTATION_CONTEXT(2) 
PARAMETRIC_REPRESENTATION_CONTEXT() REPRESENTATION_CONTEXT('2D SPACE',''
  ) );
#5420 = PCURVE('',#1984,#5421);
#5421 = DEFINITIONAL_REPRESENTATION('',(#5422),#5426);
#5422 = LINE('',#5423,#5424);
#5423 = CARTESIAN_POINT('',(-1.570796326795,0.));
#5424 = VECTOR('',#5425,1.);
#5425 = DIRECTION('',(-0.,-1.));
#5426 = ( GEOMETRIC_REPRESENTATION_CONTEXT(2) 
PARAMETRIC_REPRESENTATION_CONTEXT() REPRESENTATION_CONTEXT('2D SPACE',''
  ) );
#5427 = ADVANCED_FACE('',(#5428),#2070,.T.);
#5428 = FACE_BOUND('',#5429,.T.);
#5429 = EDGE_LOOP('',(#5430,#5451,#5452,#5453));
#5430 = ORIENTED_EDGE('',*,*,#5431,.T.);
#5431 = EDGE_CURVE('',#5432,#5331,#5434,.T.);
#5432 = VERTEX_POINT('',#5433);
#5433 = CARTESIAN_POINT('',(7.324999995131,-7.049999999965,8.2));
#5434 = SURFACE_CURVE('',#5435,(#5439,#5445),.PCURVE_S1.);
#5435 = LINE('',#5436,#5437);
#5436 = CARTESIAN_POINT('',(-3.2875,-7.049999999965,8.2));
#5437 = VECTOR('',#5438,1.);
#5438 = DIRECTION('',(-1.,0.,0.));
#5439 = PCURVE('',#2070,#5440);
#5440 = DEFINITIONAL_REPRESENTATION('',(#5441),#5444);
#5441 = B_SPLINE_CURVE_WITH_KNOTS('',1,(#5442,#5443),.UNSPECIFIED.,.F.,
  .F.,(2,2),(-10.61249999513,3.2875),.PIECEWISE_BEZIER_KNOTS.);
#5442 = CARTESIAN_POINT('',(13.899999995131,-1.E-01));
#5443 = CARTESIAN_POINT('',(0.,-1.E-01));
#5444 = ( GEOMETRIC_REPRESENTATION_CONTEXT(2) 
PARAMETRIC_REPRESENTATION_CONTEXT() REPRESENTATION_CONTEXT('2D SPACE',''
  ) );
#5445 = PCURVE('',#4007,#5446);
#5446 = DEFINITIONAL_REPRESENTATION('',(#5447),#5450);
#5447 = B_SPLINE_CURVE_WITH_KNOTS('',1,(#5448,#5449),.UNSPECIFIED.,.F.,
  .F.,(2,2),(-10.61249999513,3.2875),.PIECEWISE_BEZIER_KNOTS.);
#5448 = CARTESIAN_POINT('',(7.324999995131,-7.049999999768));
#5449 = CARTESIAN_POINT('',(-6.575,-7.049999999768));
#5450 = ( GEOMETRIC_REPRESENTATION_CONTEXT(2) 
PARAMETRIC_REPRESENTATION_CONTEXT() REPRESENTATION_CONTEXT('2D SPACE',''
  ) );
#5451 = ORIENTED_EDGE('',*,*,#5360,.T.);
#5452 = ORIENTED_EDGE('',*,*,#2055,.F.);
#5453 = ORIENTED_EDGE('',*,*,#5454,.F.);
#5454 = EDGE_CURVE('',#5432,#2023,#5455,.T.);
#5455 = SURFACE_CURVE('',#5456,(#5460,#5467),.PCURVE_S1.);
#5456 = LINE('',#5457,#5458);
#5457 = CARTESIAN_POINT('',(7.324999995131,-7.049999999965,8.1));
#5458 = VECTOR('',#5459,1.);
#5459 = DIRECTION('',(0.,0.,1.));
#5460 = PCURVE('',#2070,#5461);
#5461 = DEFINITIONAL_REPRESENTATION('',(#5462),#5466);
#5462 = LINE('',#5463,#5464);
#5463 = CARTESIAN_POINT('',(13.899999995131,0.));
#5464 = VECTOR('',#5465,1.);
#5465 = DIRECTION('',(0.,-1.));
#5466 = ( GEOMETRIC_REPRESENTATION_CONTEXT(2) 
PARAMETRIC_REPRESENTATION_CONTEXT() REPRESENTATION_CONTEXT('2D SPACE',''
  ) );
#5467 = PCURVE('',#2043,#5468);
#5468 = DEFINITIONAL_REPRESENTATION('',(#5469),#5473);
#5469 = LINE('',#5470,#5471);
#5470 = CARTESIAN_POINT('',(-4.712388980385,0.));
#5471 = VECTOR('',#5472,1.);
#5472 = DIRECTION('',(-0.,-1.));
#5473 = ( GEOMETRIC_REPRESENTATION_CONTEXT(2) 
PARAMETRIC_REPRESENTATION_CONTEXT() REPRESENTATION_CONTEXT('2D SPACE',''
  ) );
#5474 = ADVANCED_FACE('',(#5475),#1984,.F.);
#5475 = FACE_BOUND('',#5476,.T.);
#5476 = EDGE_LOOP('',(#5477,#5505,#5526,#5527));
#5477 = ORIENTED_EDGE('',*,*,#5478,.T.);
#5478 = EDGE_CURVE('',#5385,#5479,#5481,.T.);
#5479 = VERTEX_POINT('',#5480);
#5480 = CARTESIAN_POINT('',(7.425,6.949999995166,8.2));
#5481 = SURFACE_CURVE('',#5482,(#5487,#5494),.PCURVE_S1.);
#5482 = CIRCLE('',#5483,0.1);
#5483 = AXIS2_PLACEMENT_3D('',#5484,#5485,#5486);
#5484 = CARTESIAN_POINT('',(7.325,6.949999995166,8.2));
#5485 = DIRECTION('',(0.,0.,-1.));
#5486 = DIRECTION('',(1.,0.,0.));
#5487 = PCURVE('',#1984,#5488);
#5488 = DEFINITIONAL_REPRESENTATION('',(#5489),#5493);
#5489 = LINE('',#5490,#5491);
#5490 = CARTESIAN_POINT('',(-6.28318530718,-1.E-01));
#5491 = VECTOR('',#5492,1.);
#5492 = DIRECTION('',(1.,-0.));
#5493 = ( GEOMETRIC_REPRESENTATION_CONTEXT(2) 
PARAMETRIC_REPRESENTATION_CONTEXT() REPRESENTATION_CONTEXT('2D SPACE',''
  ) );
#5494 = PCURVE('',#4007,#5495);
#5495 = DEFINITIONAL_REPRESENTATION('',(#5496),#5504);
#5496 = ( BOUNDED_CURVE() B_SPLINE_CURVE(2,(#5497,#5498,#5499,#5500,
#5501,#5502,#5503),.UNSPECIFIED.,.T.,.F.) B_SPLINE_CURVE_WITH_KNOTS((1,2
    ,2,2,2,1),(-2.094395102393,0.,2.094395102393,4.188790204786,
6.28318530718,8.377580409573),.UNSPECIFIED.) CURVE() 
GEOMETRIC_REPRESENTATION_ITEM() RATIONAL_B_SPLINE_CURVE((1.,0.5,1.,0.5,
1.,0.5,1.)) REPRESENTATION_ITEM('') );
#5497 = CARTESIAN_POINT('',(7.425,6.949999995362));
#5498 = CARTESIAN_POINT('',(7.425,6.776794914606));
#5499 = CARTESIAN_POINT('',(7.275,6.863397454984));
#5500 = CARTESIAN_POINT('',(7.125,6.949999995362));
#5501 = CARTESIAN_POINT('',(7.275,7.036602535741));
#5502 = CARTESIAN_POINT('',(7.425,7.123205076119));
#5503 = CARTESIAN_POINT('',(7.425,6.949999995362));
#5504 = ( GEOMETRIC_REPRESENTATION_CONTEXT(2) 
PARAMETRIC_REPRESENTATION_CONTEXT() REPRESENTATION_CONTEXT('2D SPACE',''
  ) );
#5505 = ORIENTED_EDGE('',*,*,#5506,.T.);
#5506 = EDGE_CURVE('',#5479,#1964,#5507,.T.);
#5507 = SURFACE_CURVE('',#5508,(#5512,#5519),.PCURVE_S1.);
#5508 = LINE('',#5509,#5510);
#5509 = CARTESIAN_POINT('',(7.425,6.949999995166,8.1));
#5510 = VECTOR('',#5511,1.);
#5511 = DIRECTION('',(0.,0.,1.));
#5512 = PCURVE('',#1984,#5513);
#5513 = DEFINITIONAL_REPRESENTATION('',(#5514),#5518);
#5514 = LINE('',#5515,#5516);
#5515 = CARTESIAN_POINT('',(-0.,0.));
#5516 = VECTOR('',#5517,1.);
#5517 = DIRECTION('',(-0.,-1.));
#5518 = ( GEOMETRIC_REPRESENTATION_CONTEXT(2) 
PARAMETRIC_REPRESENTATION_CONTEXT() REPRESENTATION_CONTEXT('2D SPACE',''
  ) );
#5519 = PCURVE('',#2011,#5520);
#5520 = DEFINITIONAL_REPRESENTATION('',(#5521),#5525);
#5521 = LINE('',#5522,#5523);
#5522 = CARTESIAN_POINT('',(13.899999995131,0.));
#5523 = VECTOR('',#5524,1.);
#5524 = DIRECTION('',(0.,-1.));
#5525 = ( GEOMETRIC_REPRESENTATION_CONTEXT(2) 
PARAMETRIC_REPRESENTATION_CONTEXT() REPRESENTATION_CONTEXT('2D SPACE',''
  ) );
#5526 = ORIENTED_EDGE('',*,*,#1963,.F.);
#5527 = ORIENTED_EDGE('',*,*,#5407,.F.);
#5528 = ADVANCED_FACE('',(#5529),#2043,.F.);
#5529 = FACE_BOUND('',#5530,.T.);
#5530 = EDGE_LOOP('',(#5531,#5559,#5560,#5561));
#5531 = ORIENTED_EDGE('',*,*,#5532,.T.);
#5532 = EDGE_CURVE('',#5533,#5432,#5535,.T.);
#5533 = VERTEX_POINT('',#5534);
#5534 = CARTESIAN_POINT('',(7.424999997565,-6.949999999965,8.2));
#5535 = SURFACE_CURVE('',#5536,(#5541,#5548),.PCURVE_S1.);
#5536 = CIRCLE('',#5537,0.1);
#5537 = AXIS2_PLACEMENT_3D('',#5538,#5539,#5540);
#5538 = CARTESIAN_POINT('',(7.324999995131,-6.949999999965,8.2));
#5539 = DIRECTION('',(0.,0.,-1.));
#5540 = DIRECTION('',(1.,0.,0.));
#5541 = PCURVE('',#2043,#5542);
#5542 = DEFINITIONAL_REPRESENTATION('',(#5543),#5547);
#5543 = LINE('',#5544,#5545);
#5544 = CARTESIAN_POINT('',(-6.28318530718,-1.E-01));
#5545 = VECTOR('',#5546,1.);
#5546 = DIRECTION('',(1.,-0.));
#5547 = ( GEOMETRIC_REPRESENTATION_CONTEXT(2) 
PARAMETRIC_REPRESENTATION_CONTEXT() REPRESENTATION_CONTEXT('2D SPACE',''
  ) );
#5548 = PCURVE('',#4007,#5549);
#5549 = DEFINITIONAL_REPRESENTATION('',(#5550),#5558);
#5550 = ( BOUNDED_CURVE() B_SPLINE_CURVE(2,(#5551,#5552,#5553,#5554,
#5555,#5556,#5557),.UNSPECIFIED.,.T.,.F.) B_SPLINE_CURVE_WITH_KNOTS((1,2
    ,2,2,2,1),(-2.094395102393,0.,2.094395102393,4.188790204786,
6.28318530718,8.377580409573),.UNSPECIFIED.) CURVE() 
GEOMETRIC_REPRESENTATION_ITEM() RATIONAL_B_SPLINE_CURVE((1.,0.5,1.,0.5,
1.,0.5,1.)) REPRESENTATION_ITEM('') );
#5551 = CARTESIAN_POINT('',(7.424999995131,-6.949999999768));
#5552 = CARTESIAN_POINT('',(7.424999995131,-7.123205080525));
#5553 = CARTESIAN_POINT('',(7.274999995131,-7.036602540147));
#5554 = CARTESIAN_POINT('',(7.124999995131,-6.949999999768));
#5555 = CARTESIAN_POINT('',(7.274999995131,-6.86339745939));
#5556 = CARTESIAN_POINT('',(7.424999995131,-6.776794919012));
#5557 = CARTESIAN_POINT('',(7.424999995131,-6.949999999768));
#5558 = ( GEOMETRIC_REPRESENTATION_CONTEXT(2) 
PARAMETRIC_REPRESENTATION_CONTEXT() REPRESENTATION_CONTEXT('2D SPACE',''
  ) );
#5559 = ORIENTED_EDGE('',*,*,#5454,.T.);
#5560 = ORIENTED_EDGE('',*,*,#2022,.F.);
#5561 = ORIENTED_EDGE('',*,*,#5562,.F.);
#5562 = EDGE_CURVE('',#5533,#1997,#5563,.T.);
#5563 = SURFACE_CURVE('',#5564,(#5568,#5575),.PCURVE_S1.);
#5564 = LINE('',#5565,#5566);
#5565 = CARTESIAN_POINT('',(7.424999997565,-6.949999999965,8.1));
#5566 = VECTOR('',#5567,1.);
#5567 = DIRECTION('',(0.,0.,1.));
#5568 = PCURVE('',#2043,#5569);
#5569 = DEFINITIONAL_REPRESENTATION('',(#5570),#5574);
#5570 = LINE('',#5571,#5572);
#5571 = CARTESIAN_POINT('',(-6.28318530718,0.));
#5572 = VECTOR('',#5573,1.);
#5573 = DIRECTION('',(-0.,-1.));
#5574 = ( GEOMETRIC_REPRESENTATION_CONTEXT(2) 
PARAMETRIC_REPRESENTATION_CONTEXT() REPRESENTATION_CONTEXT('2D SPACE',''
  ) );
#5575 = PCURVE('',#2011,#5576);
#5576 = DEFINITIONAL_REPRESENTATION('',(#5577),#5581);
#5577 = LINE('',#5578,#5579);
#5578 = CARTESIAN_POINT('',(0.,0.));
#5579 = VECTOR('',#5580,1.);
#5580 = DIRECTION('',(0.,-1.));
#5581 = ( GEOMETRIC_REPRESENTATION_CONTEXT(2) 
PARAMETRIC_REPRESENTATION_CONTEXT() REPRESENTATION_CONTEXT('2D SPACE',''
  ) );
#5582 = ADVANCED_FACE('',(#5583),#2011,.T.);
#5583 = FACE_BOUND('',#5584,.T.);
#5584 = EDGE_LOOP('',(#5585,#5604,#5605,#5606));
#5585 = ORIENTED_EDGE('',*,*,#5586,.T.);
#5586 = EDGE_CURVE('',#5479,#5533,#5587,.T.);
#5587 = SURFACE_CURVE('',#5588,(#5592,#5598),.PCURVE_S1.);
#5588 = LINE('',#5589,#5590);
#5589 = CARTESIAN_POINT('',(7.425,-3.47500000008,8.2));
#5590 = VECTOR('',#5591,1.);
#5591 = DIRECTION('',(0.,-1.,0.));
#5592 = PCURVE('',#2011,#5593);
#5593 = DEFINITIONAL_REPRESENTATION('',(#5594),#5597);
#5594 = B_SPLINE_CURVE_WITH_KNOTS('',1,(#5595,#5596),.UNSPECIFIED.,.F.,
  .F.,(2,2),(-10.42499999524,3.474999999884),.PIECEWISE_BEZIER_KNOTS.);
#5595 = CARTESIAN_POINT('',(13.899999995131,-1.E-01));
#5596 = CARTESIAN_POINT('',(0.,-1.E-01));
#5597 = ( GEOMETRIC_REPRESENTATION_CONTEXT(2) 
PARAMETRIC_REPRESENTATION_CONTEXT() REPRESENTATION_CONTEXT('2D SPACE',''
  ) );
#5598 = PCURVE('',#4007,#5599);
#5599 = DEFINITIONAL_REPRESENTATION('',(#5600),#5603);
#5600 = B_SPLINE_CURVE_WITH_KNOTS('',1,(#5601,#5602),.UNSPECIFIED.,.F.,
  .F.,(2,2),(-10.42499999524,3.474999999884),.PIECEWISE_BEZIER_KNOTS.);
#5601 = CARTESIAN_POINT('',(7.425,6.949999995362));
#5602 = CARTESIAN_POINT('',(7.425,-6.949999999768));
#5603 = ( GEOMETRIC_REPRESENTATION_CONTEXT(2) 
PARAMETRIC_REPRESENTATION_CONTEXT() REPRESENTATION_CONTEXT('2D SPACE',''
  ) );
#5604 = ORIENTED_EDGE('',*,*,#5562,.T.);
#5605 = ORIENTED_EDGE('',*,*,#1996,.F.);
#5606 = ORIENTED_EDGE('',*,*,#5506,.F.);
#5607 = ADVANCED_FACE('',(#5608),#2131,.F.);
#5608 = FACE_BOUND('',#5609,.F.);
#5609 = EDGE_LOOP('',(#5610,#5633,#5654,#5655));
#5610 = ORIENTED_EDGE('',*,*,#5611,.T.);
#5611 = EDGE_CURVE('',#5612,#5614,#5616,.T.);
#5612 = VERTEX_POINT('',#5613);
#5613 = CARTESIAN_POINT('',(12.375,6.949999995166,8.2));
#5614 = VERTEX_POINT('',#5615);
#5615 = CARTESIAN_POINT('',(12.375,-6.950000000035,8.2));
#5616 = SURFACE_CURVE('',#5617,(#5621,#5627),.PCURVE_S1.);
#5617 = LINE('',#5618,#5619);
#5618 = CARTESIAN_POINT('',(12.375,-3.475000000116,8.2));
#5619 = VECTOR('',#5620,1.);
#5620 = DIRECTION('',(0.,-1.,0.));
#5621 = PCURVE('',#2131,#5622);
#5622 = DEFINITIONAL_REPRESENTATION('',(#5623),#5626);
#5623 = B_SPLINE_CURVE_WITH_KNOTS('',1,(#5624,#5625),.UNSPECIFIED.,.F.,
  .F.,(2,2),(-10.42499999528,3.47499999992),.PIECEWISE_BEZIER_KNOTS.);
#5624 = CARTESIAN_POINT('',(13.899999995202,-1.E-01));
#5625 = CARTESIAN_POINT('',(0.,-1.E-01));
#5626 = ( GEOMETRIC_REPRESENTATION_CONTEXT(2) 
PARAMETRIC_REPRESENTATION_CONTEXT() REPRESENTATION_CONTEXT('2D SPACE',''
  ) );
#5627 = PCURVE('',#4007,#5628);
#5628 = DEFINITIONAL_REPRESENTATION('',(#5629),#5632);
#5629 = B_SPLINE_CURVE_WITH_KNOTS('',1,(#5630,#5631),.UNSPECIFIED.,.F.,
  .F.,(2,2),(-10.42499999528,3.47499999992),.PIECEWISE_BEZIER_KNOTS.);
#5630 = CARTESIAN_POINT('',(12.375,6.949999995362));
#5631 = CARTESIAN_POINT('',(12.375,-6.949999999839));
#5632 = ( GEOMETRIC_REPRESENTATION_CONTEXT(2) 
PARAMETRIC_REPRESENTATION_CONTEXT() REPRESENTATION_CONTEXT('2D SPACE',''
  ) );
#5633 = ORIENTED_EDGE('',*,*,#5634,.T.);
#5634 = EDGE_CURVE('',#5614,#2117,#5635,.T.);
#5635 = SURFACE_CURVE('',#5636,(#5640,#5647),.PCURVE_S1.);
#5636 = LINE('',#5637,#5638);
#5637 = CARTESIAN_POINT('',(12.375,-6.950000000035,8.1));
#5638 = VECTOR('',#5639,1.);
#5639 = DIRECTION('',(0.,0.,1.));
#5640 = PCURVE('',#2131,#5641);
#5641 = DEFINITIONAL_REPRESENTATION('',(#5642),#5646);
#5642 = LINE('',#5643,#5644);
#5643 = CARTESIAN_POINT('',(0.,0.));
#5644 = VECTOR('',#5645,1.);
#5645 = DIRECTION('',(0.,-1.));
#5646 = ( GEOMETRIC_REPRESENTATION_CONTEXT(2) 
PARAMETRIC_REPRESENTATION_CONTEXT() REPRESENTATION_CONTEXT('2D SPACE',''
  ) );
#5647 = PCURVE('',#2338,#5648);
#5648 = DEFINITIONAL_REPRESENTATION('',(#5649),#5653);
#5649 = LINE('',#5650,#5651);
#5650 = CARTESIAN_POINT('',(-3.14159265359,0.));
#5651 = VECTOR('',#5652,1.);
#5652 = DIRECTION('',(-0.,-1.));
#5653 = ( GEOMETRIC_REPRESENTATION_CONTEXT(2) 
PARAMETRIC_REPRESENTATION_CONTEXT() REPRESENTATION_CONTEXT('2D SPACE',''
  ) );
#5654 = ORIENTED_EDGE('',*,*,#2114,.F.);
#5655 = ORIENTED_EDGE('',*,*,#5656,.F.);
#5656 = EDGE_CURVE('',#5612,#2115,#5657,.T.);
#5657 = SURFACE_CURVE('',#5658,(#5662,#5669),.PCURVE_S1.);
#5658 = LINE('',#5659,#5660);
#5659 = CARTESIAN_POINT('',(12.375,6.949999995166,8.1));
#5660 = VECTOR('',#5661,1.);
#5661 = DIRECTION('',(0.,0.,1.));
#5662 = PCURVE('',#2131,#5663);
#5663 = DEFINITIONAL_REPRESENTATION('',(#5664),#5668);
#5664 = LINE('',#5665,#5666);
#5665 = CARTESIAN_POINT('',(13.899999995202,0.));
#5666 = VECTOR('',#5667,1.);
#5667 = DIRECTION('',(0.,-1.));
#5668 = ( GEOMETRIC_REPRESENTATION_CONTEXT(2) 
PARAMETRIC_REPRESENTATION_CONTEXT() REPRESENTATION_CONTEXT('2D SPACE',''
  ) );
#5669 = PCURVE('',#2163,#5670);
#5670 = DEFINITIONAL_REPRESENTATION('',(#5671),#5675);
#5671 = LINE('',#5672,#5673);
#5672 = CARTESIAN_POINT('',(-3.14159265359,0.));
#5673 = VECTOR('',#5674,1.);
#5674 = DIRECTION('',(-0.,-1.));
#5675 = ( GEOMETRIC_REPRESENTATION_CONTEXT(2) 
PARAMETRIC_REPRESENTATION_CONTEXT() REPRESENTATION_CONTEXT('2D SPACE',''
  ) );
#5676 = ADVANCED_FACE('',(#5677),#2163,.F.);
#5677 = FACE_BOUND('',#5678,.T.);
#5678 = EDGE_LOOP('',(#5679,#5707,#5728,#5729));
#5679 = ORIENTED_EDGE('',*,*,#5680,.T.);
#5680 = EDGE_CURVE('',#5612,#5681,#5683,.T.);
#5681 = VERTEX_POINT('',#5682);
#5682 = CARTESIAN_POINT('',(12.475,7.049999997601,8.2));
#5683 = SURFACE_CURVE('',#5684,(#5689,#5696),.PCURVE_S1.);
#5684 = CIRCLE('',#5685,0.1);
#5685 = AXIS2_PLACEMENT_3D('',#5686,#5687,#5688);
#5686 = CARTESIAN_POINT('',(12.475,6.949999995166,8.2));
#5687 = DIRECTION('',(0.,0.,-1.));
#5688 = DIRECTION('',(1.,0.,0.));
#5689 = PCURVE('',#2163,#5690);
#5690 = DEFINITIONAL_REPRESENTATION('',(#5691),#5695);
#5691 = LINE('',#5692,#5693);
#5692 = CARTESIAN_POINT('',(-6.28318530718,-1.E-01));
#5693 = VECTOR('',#5694,1.);
#5694 = DIRECTION('',(1.,-0.));
#5695 = ( GEOMETRIC_REPRESENTATION_CONTEXT(2) 
PARAMETRIC_REPRESENTATION_CONTEXT() REPRESENTATION_CONTEXT('2D SPACE',''
  ) );
#5696 = PCURVE('',#4007,#5697);
#5697 = DEFINITIONAL_REPRESENTATION('',(#5698),#5706);
#5698 = ( BOUNDED_CURVE() B_SPLINE_CURVE(2,(#5699,#5700,#5701,#5702,
#5703,#5704,#5705),.UNSPECIFIED.,.T.,.F.) B_SPLINE_CURVE_WITH_KNOTS((1,2
    ,2,2,2,1),(-2.094395102393,0.,2.094395102393,4.188790204786,
6.28318530718,8.377580409573),.UNSPECIFIED.) CURVE() 
GEOMETRIC_REPRESENTATION_ITEM() RATIONAL_B_SPLINE_CURVE((1.,0.5,1.,0.5,
1.,0.5,1.)) REPRESENTATION_ITEM('') );
#5699 = CARTESIAN_POINT('',(12.575,6.949999995362));
#5700 = CARTESIAN_POINT('',(12.575,6.776794914606));
#5701 = CARTESIAN_POINT('',(12.425,6.863397454984));
#5702 = CARTESIAN_POINT('',(12.275,6.949999995362));
#5703 = CARTESIAN_POINT('',(12.425,7.036602535741));
#5704 = CARTESIAN_POINT('',(12.575,7.123205076119));
#5705 = CARTESIAN_POINT('',(12.575,6.949999995362));
#5706 = ( GEOMETRIC_REPRESENTATION_CONTEXT(2) 
PARAMETRIC_REPRESENTATION_CONTEXT() REPRESENTATION_CONTEXT('2D SPACE',''
  ) );
#5707 = ORIENTED_EDGE('',*,*,#5708,.T.);
#5708 = EDGE_CURVE('',#5681,#2143,#5709,.T.);
#5709 = SURFACE_CURVE('',#5710,(#5714,#5721),.PCURVE_S1.);
#5710 = LINE('',#5711,#5712);
#5711 = CARTESIAN_POINT('',(12.475,7.049999997601,8.1));
#5712 = VECTOR('',#5713,1.);
#5713 = DIRECTION('',(0.,0.,1.));
#5714 = PCURVE('',#2163,#5715);
#5715 = DEFINITIONAL_REPRESENTATION('',(#5716),#5720);
#5716 = LINE('',#5717,#5718);
#5717 = CARTESIAN_POINT('',(-1.570796326795,0.));
#5718 = VECTOR('',#5719,1.);
#5719 = DIRECTION('',(-0.,-1.));
#5720 = ( GEOMETRIC_REPRESENTATION_CONTEXT(2) 
PARAMETRIC_REPRESENTATION_CONTEXT() REPRESENTATION_CONTEXT('2D SPACE',''
  ) );
#5721 = PCURVE('',#2190,#5722);
#5722 = DEFINITIONAL_REPRESENTATION('',(#5723),#5727);
#5723 = LINE('',#5724,#5725);
#5724 = CARTESIAN_POINT('',(0.,0.));
#5725 = VECTOR('',#5726,1.);
#5726 = DIRECTION('',(0.,-1.));
#5727 = ( GEOMETRIC_REPRESENTATION_CONTEXT(2) 
PARAMETRIC_REPRESENTATION_CONTEXT() REPRESENTATION_CONTEXT('2D SPACE',''
  ) );
#5728 = ORIENTED_EDGE('',*,*,#2142,.F.);
#5729 = ORIENTED_EDGE('',*,*,#5656,.F.);
#5730 = ADVANCED_FACE('',(#5731),#2338,.F.);
#5731 = FACE_BOUND('',#5732,.T.);
#5732 = EDGE_LOOP('',(#5733,#5761,#5762,#5763));
#5733 = ORIENTED_EDGE('',*,*,#5734,.T.);
#5734 = EDGE_CURVE('',#5735,#5614,#5737,.T.);
#5735 = VERTEX_POINT('',#5736);
#5736 = CARTESIAN_POINT('',(12.475,-7.05,8.2));
#5737 = SURFACE_CURVE('',#5738,(#5743,#5750),.PCURVE_S1.);
#5738 = CIRCLE('',#5739,0.1);
#5739 = AXIS2_PLACEMENT_3D('',#5740,#5741,#5742);
#5740 = CARTESIAN_POINT('',(12.475,-6.950000000035,8.2));
#5741 = DIRECTION('',(0.,0.,-1.));
#5742 = DIRECTION('',(1.,0.,0.));
#5743 = PCURVE('',#2338,#5744);
#5744 = DEFINITIONAL_REPRESENTATION('',(#5745),#5749);
#5745 = LINE('',#5746,#5747);
#5746 = CARTESIAN_POINT('',(-6.28318530718,-1.E-01));
#5747 = VECTOR('',#5748,1.);
#5748 = DIRECTION('',(1.,-0.));
#5749 = ( GEOMETRIC_REPRESENTATION_CONTEXT(2) 
PARAMETRIC_REPRESENTATION_CONTEXT() REPRESENTATION_CONTEXT('2D SPACE',''
  ) );
#5750 = PCURVE('',#4007,#5751);
#5751 = DEFINITIONAL_REPRESENTATION('',(#5752),#5760);
#5752 = ( BOUNDED_CURVE() B_SPLINE_CURVE(2,(#5753,#5754,#5755,#5756,
#5757,#5758,#5759),.UNSPECIFIED.,.T.,.F.) B_SPLINE_CURVE_WITH_KNOTS((1,2
    ,2,2,2,1),(-2.094395102393,0.,2.094395102393,4.188790204786,
6.28318530718,8.377580409573),.UNSPECIFIED.) CURVE() 
GEOMETRIC_REPRESENTATION_ITEM() RATIONAL_B_SPLINE_CURVE((1.,0.5,1.,0.5,
1.,0.5,1.)) REPRESENTATION_ITEM('') );
#5753 = CARTESIAN_POINT('',(12.575,-6.949999999839));
#5754 = CARTESIAN_POINT('',(12.575,-7.123205080596));
#5755 = CARTESIAN_POINT('',(12.425,-7.036602540218));
#5756 = CARTESIAN_POINT('',(12.275,-6.949999999839));
#5757 = CARTESIAN_POINT('',(12.425,-6.863397459461));
#5758 = CARTESIAN_POINT('',(12.575,-6.776794919082));
#5759 = CARTESIAN_POINT('',(12.575,-6.949999999839));
#5760 = ( GEOMETRIC_REPRESENTATION_CONTEXT(2) 
PARAMETRIC_REPRESENTATION_CONTEXT() REPRESENTATION_CONTEXT('2D SPACE',''
  ) );
#5761 = ORIENTED_EDGE('',*,*,#5634,.T.);
#5762 = ORIENTED_EDGE('',*,*,#2319,.F.);
#5763 = ORIENTED_EDGE('',*,*,#5764,.F.);
#5764 = EDGE_CURVE('',#5735,#2294,#5765,.T.);
#5765 = SURFACE_CURVE('',#5766,(#5770,#5777),.PCURVE_S1.);
#5766 = LINE('',#5767,#5768);
#5767 = CARTESIAN_POINT('',(12.475,-7.05,8.1));
#5768 = VECTOR('',#5769,1.);
#5769 = DIRECTION('',(0.,0.,1.));
#5770 = PCURVE('',#2338,#5771);
#5771 = DEFINITIONAL_REPRESENTATION('',(#5772),#5776);
#5772 = LINE('',#5773,#5774);
#5773 = CARTESIAN_POINT('',(-4.712388980385,0.));
#5774 = VECTOR('',#5775,1.);
#5775 = DIRECTION('',(-0.,-1.));
#5776 = ( GEOMETRIC_REPRESENTATION_CONTEXT(2) 
PARAMETRIC_REPRESENTATION_CONTEXT() REPRESENTATION_CONTEXT('2D SPACE',''
  ) );
#5777 = PCURVE('',#2308,#5778);
#5778 = DEFINITIONAL_REPRESENTATION('',(#5779),#5783);
#5779 = LINE('',#5780,#5781);
#5780 = CARTESIAN_POINT('',(0.,0.));
#5781 = VECTOR('',#5782,1.);
#5782 = DIRECTION('',(0.,-1.));
#5783 = ( GEOMETRIC_REPRESENTATION_CONTEXT(2) 
PARAMETRIC_REPRESENTATION_CONTEXT() REPRESENTATION_CONTEXT('2D SPACE',''
  ) );
#5784 = ADVANCED_FACE('',(#5785),#2190,.F.);
#5785 = FACE_BOUND('',#5786,.F.);
#5786 = EDGE_LOOP('',(#5787,#5808,#5809,#5810));
#5787 = ORIENTED_EDGE('',*,*,#5788,.T.);
#5788 = EDGE_CURVE('',#5789,#5681,#5791,.T.);
#5789 = VERTEX_POINT('',#5790);
#5790 = CARTESIAN_POINT('',(26.375,7.049999997601,8.2));
#5791 = SURFACE_CURVE('',#5792,(#5796,#5802),.PCURVE_S1.);
#5792 = LINE('',#5793,#5794);
#5793 = CARTESIAN_POINT('',(6.2375,7.050000000035,8.2));
#5794 = VECTOR('',#5795,1.);
#5795 = DIRECTION('',(-1.,0.,0.));
#5796 = PCURVE('',#2190,#5797);
#5797 = DEFINITIONAL_REPRESENTATION('',(#5798),#5801);
#5798 = B_SPLINE_CURVE_WITH_KNOTS('',1,(#5799,#5800),.UNSPECIFIED.,.F.,
  .F.,(2,2),(-20.1375,-6.2375),.PIECEWISE_BEZIER_KNOTS.);
#5799 = CARTESIAN_POINT('',(13.9,-1.E-01));
#5800 = CARTESIAN_POINT('',(0.,-1.E-01));
#5801 = ( GEOMETRIC_REPRESENTATION_CONTEXT(2) 
PARAMETRIC_REPRESENTATION_CONTEXT() REPRESENTATION_CONTEXT('2D SPACE',''
  ) );
#5802 = PCURVE('',#4007,#5803);
#5803 = DEFINITIONAL_REPRESENTATION('',(#5804),#5807);
#5804 = B_SPLINE_CURVE_WITH_KNOTS('',1,(#5805,#5806),.UNSPECIFIED.,.F.,
  .F.,(2,2),(-20.1375,-6.2375),.PIECEWISE_BEZIER_KNOTS.);
#5805 = CARTESIAN_POINT('',(26.375,7.050000000232));
#5806 = CARTESIAN_POINT('',(12.475,7.050000000232));
#5807 = ( GEOMETRIC_REPRESENTATION_CONTEXT(2) 
PARAMETRIC_REPRESENTATION_CONTEXT() REPRESENTATION_CONTEXT('2D SPACE',''
  ) );
#5808 = ORIENTED_EDGE('',*,*,#5708,.T.);
#5809 = ORIENTED_EDGE('',*,*,#2175,.F.);
#5810 = ORIENTED_EDGE('',*,*,#5811,.F.);
#5811 = EDGE_CURVE('',#5789,#2176,#5812,.T.);
#5812 = SURFACE_CURVE('',#5813,(#5817,#5824),.PCURVE_S1.);
#5813 = LINE('',#5814,#5815);
#5814 = CARTESIAN_POINT('',(26.375,7.049999997601,8.1));
#5815 = VECTOR('',#5816,1.);
#5816 = DIRECTION('',(0.,0.,1.));
#5817 = PCURVE('',#2190,#5818);
#5818 = DEFINITIONAL_REPRESENTATION('',(#5819),#5823);
#5819 = LINE('',#5820,#5821);
#5820 = CARTESIAN_POINT('',(13.9,0.));
#5821 = VECTOR('',#5822,1.);
#5822 = DIRECTION('',(0.,-1.));
#5823 = ( GEOMETRIC_REPRESENTATION_CONTEXT(2) 
PARAMETRIC_REPRESENTATION_CONTEXT() REPRESENTATION_CONTEXT('2D SPACE',''
  ) );
#5824 = PCURVE('',#2222,#5825);
#5825 = DEFINITIONAL_REPRESENTATION('',(#5826),#5830);
#5826 = LINE('',#5827,#5828);
#5827 = CARTESIAN_POINT('',(-1.570796326795,0.));
#5828 = VECTOR('',#5829,1.);
#5829 = DIRECTION('',(-0.,-1.));
#5830 = ( GEOMETRIC_REPRESENTATION_CONTEXT(2) 
PARAMETRIC_REPRESENTATION_CONTEXT() REPRESENTATION_CONTEXT('2D SPACE',''
  ) );
#5831 = ADVANCED_FACE('',(#5832),#2308,.T.);
#5832 = FACE_BOUND('',#5833,.T.);
#5833 = EDGE_LOOP('',(#5834,#5855,#5856,#5857));
#5834 = ORIENTED_EDGE('',*,*,#5835,.T.);
#5835 = EDGE_CURVE('',#5836,#5735,#5838,.T.);
#5836 = VERTEX_POINT('',#5837);
#5837 = CARTESIAN_POINT('',(26.374999995131,-7.049999999965,8.2));
#5838 = SURFACE_CURVE('',#5839,(#5843,#5849),.PCURVE_S1.);
#5839 = LINE('',#5840,#5841);
#5840 = CARTESIAN_POINT('',(6.2375,-7.049999999965,8.2));
#5841 = VECTOR('',#5842,1.);
#5842 = DIRECTION('',(-1.,0.,0.));
#5843 = PCURVE('',#2308,#5844);
#5844 = DEFINITIONAL_REPRESENTATION('',(#5845),#5848);
#5845 = B_SPLINE_CURVE_WITH_KNOTS('',1,(#5846,#5847),.UNSPECIFIED.,.F.,
  .F.,(2,2),(-20.13749999513,-6.2375),.PIECEWISE_BEZIER_KNOTS.);
#5846 = CARTESIAN_POINT('',(13.899999995131,-1.E-01));
#5847 = CARTESIAN_POINT('',(0.,-1.E-01));
#5848 = ( GEOMETRIC_REPRESENTATION_CONTEXT(2) 
PARAMETRIC_REPRESENTATION_CONTEXT() REPRESENTATION_CONTEXT('2D SPACE',''
  ) );
#5849 = PCURVE('',#4007,#5850);
#5850 = DEFINITIONAL_REPRESENTATION('',(#5851),#5854);
#5851 = B_SPLINE_CURVE_WITH_KNOTS('',1,(#5852,#5853),.UNSPECIFIED.,.F.,
  .F.,(2,2),(-20.13749999513,-6.2375),.PIECEWISE_BEZIER_KNOTS.);
#5852 = CARTESIAN_POINT('',(26.374999995131,-7.049999999768));
#5853 = CARTESIAN_POINT('',(12.475,-7.049999999768));
#5854 = ( GEOMETRIC_REPRESENTATION_CONTEXT(2) 
PARAMETRIC_REPRESENTATION_CONTEXT() REPRESENTATION_CONTEXT('2D SPACE',''
  ) );
#5855 = ORIENTED_EDGE('',*,*,#5764,.T.);
#5856 = ORIENTED_EDGE('',*,*,#2293,.F.);
#5857 = ORIENTED_EDGE('',*,*,#5858,.F.);
#5858 = EDGE_CURVE('',#5836,#2261,#5859,.T.);
#5859 = SURFACE_CURVE('',#5860,(#5864,#5871),.PCURVE_S1.);
#5860 = LINE('',#5861,#5862);
#5861 = CARTESIAN_POINT('',(26.374999995131,-7.049999999965,8.1));
#5862 = VECTOR('',#5863,1.);
#5863 = DIRECTION('',(0.,0.,1.));
#5864 = PCURVE('',#2308,#5865);
#5865 = DEFINITIONAL_REPRESENTATION('',(#5866),#5870);
#5866 = LINE('',#5867,#5868);
#5867 = CARTESIAN_POINT('',(13.899999995131,0.));
#5868 = VECTOR('',#5869,1.);
#5869 = DIRECTION('',(0.,-1.));
#5870 = ( GEOMETRIC_REPRESENTATION_CONTEXT(2) 
PARAMETRIC_REPRESENTATION_CONTEXT() REPRESENTATION_CONTEXT('2D SPACE',''
  ) );
#5871 = PCURVE('',#2281,#5872);
#5872 = DEFINITIONAL_REPRESENTATION('',(#5873),#5877);
#5873 = LINE('',#5874,#5875);
#5874 = CARTESIAN_POINT('',(-4.712388980385,0.));
#5875 = VECTOR('',#5876,1.);
#5876 = DIRECTION('',(-0.,-1.));
#5877 = ( GEOMETRIC_REPRESENTATION_CONTEXT(2) 
PARAMETRIC_REPRESENTATION_CONTEXT() REPRESENTATION_CONTEXT('2D SPACE',''
  ) );
#5878 = ADVANCED_FACE('',(#5879),#2222,.F.);
#5879 = FACE_BOUND('',#5880,.T.);
#5880 = EDGE_LOOP('',(#5881,#5909,#5930,#5931));
#5881 = ORIENTED_EDGE('',*,*,#5882,.T.);
#5882 = EDGE_CURVE('',#5789,#5883,#5885,.T.);
#5883 = VERTEX_POINT('',#5884);
#5884 = CARTESIAN_POINT('',(26.475,6.949999995166,8.2));
#5885 = SURFACE_CURVE('',#5886,(#5891,#5898),.PCURVE_S1.);
#5886 = CIRCLE('',#5887,0.1);
#5887 = AXIS2_PLACEMENT_3D('',#5888,#5889,#5890);
#5888 = CARTESIAN_POINT('',(26.375,6.949999995166,8.2));
#5889 = DIRECTION('',(0.,0.,-1.));
#5890 = DIRECTION('',(1.,0.,0.));
#5891 = PCURVE('',#2222,#5892);
#5892 = DEFINITIONAL_REPRESENTATION('',(#5893),#5897);
#5893 = LINE('',#5894,#5895);
#5894 = CARTESIAN_POINT('',(-6.28318530718,-1.E-01));
#5895 = VECTOR('',#5896,1.);
#5896 = DIRECTION('',(1.,-0.));
#5897 = ( GEOMETRIC_REPRESENTATION_CONTEXT(2) 
PARAMETRIC_REPRESENTATION_CONTEXT() REPRESENTATION_CONTEXT('2D SPACE',''
  ) );
#5898 = PCURVE('',#4007,#5899);
#5899 = DEFINITIONAL_REPRESENTATION('',(#5900),#5908);
#5900 = ( BOUNDED_CURVE() B_SPLINE_CURVE(2,(#5901,#5902,#5903,#5904,
#5905,#5906,#5907),.UNSPECIFIED.,.T.,.F.) B_SPLINE_CURVE_WITH_KNOTS((1,2
    ,2,2,2,1),(-2.094395102393,0.,2.094395102393,4.188790204786,
6.28318530718,8.377580409573),.UNSPECIFIED.) CURVE() 
GEOMETRIC_REPRESENTATION_ITEM() RATIONAL_B_SPLINE_CURVE((1.,0.5,1.,0.5,
1.,0.5,1.)) REPRESENTATION_ITEM('') );
#5901 = CARTESIAN_POINT('',(26.475,6.949999995362));
#5902 = CARTESIAN_POINT('',(26.475,6.776794914606));
#5903 = CARTESIAN_POINT('',(26.325,6.863397454984));
#5904 = CARTESIAN_POINT('',(26.175,6.949999995362));
#5905 = CARTESIAN_POINT('',(26.325,7.036602535741));
#5906 = CARTESIAN_POINT('',(26.475,7.123205076119));
#5907 = CARTESIAN_POINT('',(26.475,6.949999995362));
#5908 = ( GEOMETRIC_REPRESENTATION_CONTEXT(2) 
PARAMETRIC_REPRESENTATION_CONTEXT() REPRESENTATION_CONTEXT('2D SPACE',''
  ) );
#5909 = ORIENTED_EDGE('',*,*,#5910,.T.);
#5910 = EDGE_CURVE('',#5883,#2202,#5911,.T.);
#5911 = SURFACE_CURVE('',#5912,(#5916,#5923),.PCURVE_S1.);
#5912 = LINE('',#5913,#5914);
#5913 = CARTESIAN_POINT('',(26.475,6.949999995166,8.1));
#5914 = VECTOR('',#5915,1.);
#5915 = DIRECTION('',(0.,0.,1.));
#5916 = PCURVE('',#2222,#5917);
#5917 = DEFINITIONAL_REPRESENTATION('',(#5918),#5922);
#5918 = LINE('',#5919,#5920);
#5919 = CARTESIAN_POINT('',(-0.,0.));
#5920 = VECTOR('',#5921,1.);
#5921 = DIRECTION('',(-0.,-1.));
#5922 = ( GEOMETRIC_REPRESENTATION_CONTEXT(2) 
PARAMETRIC_REPRESENTATION_CONTEXT() REPRESENTATION_CONTEXT('2D SPACE',''
  ) );
#5923 = PCURVE('',#2249,#5924);
#5924 = DEFINITIONAL_REPRESENTATION('',(#5925),#5929);
#5925 = LINE('',#5926,#5927);
#5926 = CARTESIAN_POINT('',(13.899999995131,0.));
#5927 = VECTOR('',#5928,1.);
#5928 = DIRECTION('',(0.,-1.));
#5929 = ( GEOMETRIC_REPRESENTATION_CONTEXT(2) 
PARAMETRIC_REPRESENTATION_CONTEXT() REPRESENTATION_CONTEXT('2D SPACE',''
  ) );
#5930 = ORIENTED_EDGE('',*,*,#2201,.F.);
#5931 = ORIENTED_EDGE('',*,*,#5811,.F.);
#5932 = ADVANCED_FACE('',(#5933),#2281,.F.);
#5933 = FACE_BOUND('',#5934,.T.);
#5934 = EDGE_LOOP('',(#5935,#5963,#5964,#5965));
#5935 = ORIENTED_EDGE('',*,*,#5936,.T.);
#5936 = EDGE_CURVE('',#5937,#5836,#5939,.T.);
#5937 = VERTEX_POINT('',#5938);
#5938 = CARTESIAN_POINT('',(26.474999997565,-6.949999999965,8.2));
#5939 = SURFACE_CURVE('',#5940,(#5945,#5952),.PCURVE_S1.);
#5940 = CIRCLE('',#5941,0.1);
#5941 = AXIS2_PLACEMENT_3D('',#5942,#5943,#5944);
#5942 = CARTESIAN_POINT('',(26.374999995131,-6.949999999965,8.2));
#5943 = DIRECTION('',(0.,0.,-1.));
#5944 = DIRECTION('',(1.,0.,0.));
#5945 = PCURVE('',#2281,#5946);
#5946 = DEFINITIONAL_REPRESENTATION('',(#5947),#5951);
#5947 = LINE('',#5948,#5949);
#5948 = CARTESIAN_POINT('',(-6.28318530718,-1.E-01));
#5949 = VECTOR('',#5950,1.);
#5950 = DIRECTION('',(1.,-0.));
#5951 = ( GEOMETRIC_REPRESENTATION_CONTEXT(2) 
PARAMETRIC_REPRESENTATION_CONTEXT() REPRESENTATION_CONTEXT('2D SPACE',''
  ) );
#5952 = PCURVE('',#4007,#5953);
#5953 = DEFINITIONAL_REPRESENTATION('',(#5954),#5962);
#5954 = ( BOUNDED_CURVE() B_SPLINE_CURVE(2,(#5955,#5956,#5957,#5958,
#5959,#5960,#5961),.UNSPECIFIED.,.T.,.F.) B_SPLINE_CURVE_WITH_KNOTS((1,2
    ,2,2,2,1),(-2.094395102393,0.,2.094395102393,4.188790204786,
6.28318530718,8.377580409573),.UNSPECIFIED.) CURVE() 
GEOMETRIC_REPRESENTATION_ITEM() RATIONAL_B_SPLINE_CURVE((1.,0.5,1.,0.5,
1.,0.5,1.)) REPRESENTATION_ITEM('') );
#5955 = CARTESIAN_POINT('',(26.474999995131,-6.949999999768));
#5956 = CARTESIAN_POINT('',(26.474999995131,-7.123205080525));
#5957 = CARTESIAN_POINT('',(26.324999995131,-7.036602540147));
#5958 = CARTESIAN_POINT('',(26.174999995131,-6.949999999768));
#5959 = CARTESIAN_POINT('',(26.324999995131,-6.86339745939));
#5960 = CARTESIAN_POINT('',(26.474999995131,-6.776794919012));
#5961 = CARTESIAN_POINT('',(26.474999995131,-6.949999999768));
#5962 = ( GEOMETRIC_REPRESENTATION_CONTEXT(2) 
PARAMETRIC_REPRESENTATION_CONTEXT() REPRESENTATION_CONTEXT('2D SPACE',''
  ) );
#5963 = ORIENTED_EDGE('',*,*,#5858,.T.);
#5964 = ORIENTED_EDGE('',*,*,#2260,.F.);
#5965 = ORIENTED_EDGE('',*,*,#5966,.F.);
#5966 = EDGE_CURVE('',#5937,#2235,#5967,.T.);
#5967 = SURFACE_CURVE('',#5968,(#5972,#5979),.PCURVE_S1.);
#5968 = LINE('',#5969,#5970);
#5969 = CARTESIAN_POINT('',(26.474999997565,-6.949999999965,8.1));
#5970 = VECTOR('',#5971,1.);
#5971 = DIRECTION('',(0.,0.,1.));
#5972 = PCURVE('',#2281,#5973);
#5973 = DEFINITIONAL_REPRESENTATION('',(#5974),#5978);
#5974 = LINE('',#5975,#5976);
#5975 = CARTESIAN_POINT('',(-6.28318530718,0.));
#5976 = VECTOR('',#5977,1.);
#5977 = DIRECTION('',(-0.,-1.));
#5978 = ( GEOMETRIC_REPRESENTATION_CONTEXT(2) 
PARAMETRIC_REPRESENTATION_CONTEXT() REPRESENTATION_CONTEXT('2D SPACE',''
  ) );
#5979 = PCURVE('',#2249,#5980);
#5980 = DEFINITIONAL_REPRESENTATION('',(#5981),#5985);
#5981 = LINE('',#5982,#5983);
#5982 = CARTESIAN_POINT('',(0.,0.));
#5983 = VECTOR('',#5984,1.);
#5984 = DIRECTION('',(0.,-1.));
#5985 = ( GEOMETRIC_REPRESENTATION_CONTEXT(2) 
PARAMETRIC_REPRESENTATION_CONTEXT() REPRESENTATION_CONTEXT('2D SPACE',''
  ) );
#5986 = ADVANCED_FACE('',(#5987),#2249,.T.);
#5987 = FACE_BOUND('',#5988,.T.);
#5988 = EDGE_LOOP('',(#5989,#6008,#6009,#6010));
#5989 = ORIENTED_EDGE('',*,*,#5990,.T.);
#5990 = EDGE_CURVE('',#5883,#5937,#5991,.T.);
#5991 = SURFACE_CURVE('',#5992,(#5996,#6002),.PCURVE_S1.);
#5992 = LINE('',#5993,#5994);
#5993 = CARTESIAN_POINT('',(26.475,-3.47500000008,8.2));
#5994 = VECTOR('',#5995,1.);
#5995 = DIRECTION('',(0.,-1.,0.));
#5996 = PCURVE('',#2249,#5997);
#5997 = DEFINITIONAL_REPRESENTATION('',(#5998),#6001);
#5998 = B_SPLINE_CURVE_WITH_KNOTS('',1,(#5999,#6000),.UNSPECIFIED.,.F.,
  .F.,(2,2),(-10.42499999524,3.474999999884),.PIECEWISE_BEZIER_KNOTS.);
#5999 = CARTESIAN_POINT('',(13.899999995131,-1.E-01));
#6000 = CARTESIAN_POINT('',(0.,-1.E-01));
#6001 = ( GEOMETRIC_REPRESENTATION_CONTEXT(2) 
PARAMETRIC_REPRESENTATION_CONTEXT() REPRESENTATION_CONTEXT('2D SPACE',''
  ) );
#6002 = PCURVE('',#4007,#6003);
#6003 = DEFINITIONAL_REPRESENTATION('',(#6004),#6007);
#6004 = B_SPLINE_CURVE_WITH_KNOTS('',1,(#6005,#6006),.UNSPECIFIED.,.F.,
  .F.,(2,2),(-10.42499999524,3.474999999884),.PIECEWISE_BEZIER_KNOTS.);
#6005 = CARTESIAN_POINT('',(26.475,6.949999995362));
#6006 = CARTESIAN_POINT('',(26.475,-6.949999999768));
#6007 = ( GEOMETRIC_REPRESENTATION_CONTEXT(2) 
PARAMETRIC_REPRESENTATION_CONTEXT() REPRESENTATION_CONTEXT('2D SPACE',''
  ) );
#6008 = ORIENTED_EDGE('',*,*,#5966,.T.);
#6009 = ORIENTED_EDGE('',*,*,#2234,.F.);
#6010 = ORIENTED_EDGE('',*,*,#5910,.F.);
#6011 = ADVANCED_FACE('',(#6012),#2369,.F.);
#6012 = FACE_BOUND('',#6013,.F.);
#6013 = EDGE_LOOP('',(#6014,#6037,#6058,#6059));
#6014 = ORIENTED_EDGE('',*,*,#6015,.T.);
#6015 = EDGE_CURVE('',#6016,#6018,#6020,.T.);
#6016 = VERTEX_POINT('',#6017);
#6017 = CARTESIAN_POINT('',(31.425,6.949999995166,8.2));
#6018 = VERTEX_POINT('',#6019);
#6019 = CARTESIAN_POINT('',(31.425,-6.950000000035,8.2));
#6020 = SURFACE_CURVE('',#6021,(#6025,#6031),.PCURVE_S1.);
#6021 = LINE('',#6022,#6023);
#6022 = CARTESIAN_POINT('',(31.425,-3.475000000116,8.2));
#6023 = VECTOR('',#6024,1.);
#6024 = DIRECTION('',(0.,-1.,0.));
#6025 = PCURVE('',#2369,#6026);
#6026 = DEFINITIONAL_REPRESENTATION('',(#6027),#6030);
#6027 = B_SPLINE_CURVE_WITH_KNOTS('',1,(#6028,#6029),.UNSPECIFIED.,.F.,
  .F.,(2,2),(-10.42499999528,3.47499999992),.PIECEWISE_BEZIER_KNOTS.);
#6028 = CARTESIAN_POINT('',(13.899999995202,-1.E-01));
#6029 = CARTESIAN_POINT('',(0.,-1.E-01));
#6030 = ( GEOMETRIC_REPRESENTATION_CONTEXT(2) 
PARAMETRIC_REPRESENTATION_CONTEXT() REPRESENTATION_CONTEXT('2D SPACE',''
  ) );
#6031 = PCURVE('',#4007,#6032);
#6032 = DEFINITIONAL_REPRESENTATION('',(#6033),#6036);
#6033 = B_SPLINE_CURVE_WITH_KNOTS('',1,(#6034,#6035),.UNSPECIFIED.,.F.,
  .F.,(2,2),(-10.42499999528,3.47499999992),.PIECEWISE_BEZIER_KNOTS.);
#6034 = CARTESIAN_POINT('',(31.425,6.949999995362));
#6035 = CARTESIAN_POINT('',(31.425,-6.949999999839));
#6036 = ( GEOMETRIC_REPRESENTATION_CONTEXT(2) 
PARAMETRIC_REPRESENTATION_CONTEXT() REPRESENTATION_CONTEXT('2D SPACE',''
  ) );
#6037 = ORIENTED_EDGE('',*,*,#6038,.T.);
#6038 = EDGE_CURVE('',#6018,#2355,#6039,.T.);
#6039 = SURFACE_CURVE('',#6040,(#6044,#6051),.PCURVE_S1.);
#6040 = LINE('',#6041,#6042);
#6041 = CARTESIAN_POINT('',(31.425,-6.950000000035,8.1));
#6042 = VECTOR('',#6043,1.);
#6043 = DIRECTION('',(0.,0.,1.));
#6044 = PCURVE('',#2369,#6045);
#6045 = DEFINITIONAL_REPRESENTATION('',(#6046),#6050);
#6046 = LINE('',#6047,#6048);
#6047 = CARTESIAN_POINT('',(0.,0.));
#6048 = VECTOR('',#6049,1.);
#6049 = DIRECTION('',(0.,-1.));
#6050 = ( GEOMETRIC_REPRESENTATION_CONTEXT(2) 
PARAMETRIC_REPRESENTATION_CONTEXT() REPRESENTATION_CONTEXT('2D SPACE',''
  ) );
#6051 = PCURVE('',#2576,#6052);
#6052 = DEFINITIONAL_REPRESENTATION('',(#6053),#6057);
#6053 = LINE('',#6054,#6055);
#6054 = CARTESIAN_POINT('',(-3.14159265359,0.));
#6055 = VECTOR('',#6056,1.);
#6056 = DIRECTION('',(-0.,-1.));
#6057 = ( GEOMETRIC_REPRESENTATION_CONTEXT(2) 
PARAMETRIC_REPRESENTATION_CONTEXT() REPRESENTATION_CONTEXT('2D SPACE',''
  ) );
#6058 = ORIENTED_EDGE('',*,*,#2352,.F.);
#6059 = ORIENTED_EDGE('',*,*,#6060,.F.);
#6060 = EDGE_CURVE('',#6016,#2353,#6061,.T.);
#6061 = SURFACE_CURVE('',#6062,(#6066,#6073),.PCURVE_S1.);
#6062 = LINE('',#6063,#6064);
#6063 = CARTESIAN_POINT('',(31.425,6.949999995166,8.1));
#6064 = VECTOR('',#6065,1.);
#6065 = DIRECTION('',(0.,0.,1.));
#6066 = PCURVE('',#2369,#6067);
#6067 = DEFINITIONAL_REPRESENTATION('',(#6068),#6072);
#6068 = LINE('',#6069,#6070);
#6069 = CARTESIAN_POINT('',(13.899999995202,0.));
#6070 = VECTOR('',#6071,1.);
#6071 = DIRECTION('',(0.,-1.));
#6072 = ( GEOMETRIC_REPRESENTATION_CONTEXT(2) 
PARAMETRIC_REPRESENTATION_CONTEXT() REPRESENTATION_CONTEXT('2D SPACE',''
  ) );
#6073 = PCURVE('',#2401,#6074);
#6074 = DEFINITIONAL_REPRESENTATION('',(#6075),#6079);
#6075 = LINE('',#6076,#6077);
#6076 = CARTESIAN_POINT('',(-3.14159265359,0.));
#6077 = VECTOR('',#6078,1.);
#6078 = DIRECTION('',(-0.,-1.));
#6079 = ( GEOMETRIC_REPRESENTATION_CONTEXT(2) 
PARAMETRIC_REPRESENTATION_CONTEXT() REPRESENTATION_CONTEXT('2D SPACE',''
  ) );
#6080 = ADVANCED_FACE('',(#6081),#2576,.F.);
#6081 = FACE_BOUND('',#6082,.T.);
#6082 = EDGE_LOOP('',(#6083,#6111,#6112,#6113));
#6083 = ORIENTED_EDGE('',*,*,#6084,.T.);
#6084 = EDGE_CURVE('',#6085,#6018,#6087,.T.);
#6085 = VERTEX_POINT('',#6086);
#6086 = CARTESIAN_POINT('',(31.525,-7.05,8.2));
#6087 = SURFACE_CURVE('',#6088,(#6093,#6100),.PCURVE_S1.);
#6088 = CIRCLE('',#6089,0.1);
#6089 = AXIS2_PLACEMENT_3D('',#6090,#6091,#6092);
#6090 = CARTESIAN_POINT('',(31.525,-6.950000000035,8.2));
#6091 = DIRECTION('',(0.,0.,-1.));
#6092 = DIRECTION('',(1.,0.,0.));
#6093 = PCURVE('',#2576,#6094);
#6094 = DEFINITIONAL_REPRESENTATION('',(#6095),#6099);
#6095 = LINE('',#6096,#6097);
#6096 = CARTESIAN_POINT('',(-6.28318530718,-1.E-01));
#6097 = VECTOR('',#6098,1.);
#6098 = DIRECTION('',(1.,-0.));
#6099 = ( GEOMETRIC_REPRESENTATION_CONTEXT(2) 
PARAMETRIC_REPRESENTATION_CONTEXT() REPRESENTATION_CONTEXT('2D SPACE',''
  ) );
#6100 = PCURVE('',#4007,#6101);
#6101 = DEFINITIONAL_REPRESENTATION('',(#6102),#6110);
#6102 = ( BOUNDED_CURVE() B_SPLINE_CURVE(2,(#6103,#6104,#6105,#6106,
#6107,#6108,#6109),.UNSPECIFIED.,.T.,.F.) B_SPLINE_CURVE_WITH_KNOTS((1,2
    ,2,2,2,1),(-2.094395102393,0.,2.094395102393,4.188790204786,
6.28318530718,8.377580409573),.UNSPECIFIED.) CURVE() 
GEOMETRIC_REPRESENTATION_ITEM() RATIONAL_B_SPLINE_CURVE((1.,0.5,1.,0.5,
1.,0.5,1.)) REPRESENTATION_ITEM('') );
#6103 = CARTESIAN_POINT('',(31.625,-6.949999999839));
#6104 = CARTESIAN_POINT('',(31.625,-7.123205080596));
#6105 = CARTESIAN_POINT('',(31.475,-7.036602540218));
#6106 = CARTESIAN_POINT('',(31.325,-6.949999999839));
#6107 = CARTESIAN_POINT('',(31.475,-6.863397459461));
#6108 = CARTESIAN_POINT('',(31.625,-6.776794919082));
#6109 = CARTESIAN_POINT('',(31.625,-6.949999999839));
#6110 = ( GEOMETRIC_REPRESENTATION_CONTEXT(2) 
PARAMETRIC_REPRESENTATION_CONTEXT() REPRESENTATION_CONTEXT('2D SPACE',''
  ) );
#6111 = ORIENTED_EDGE('',*,*,#6038,.T.);
#6112 = ORIENTED_EDGE('',*,*,#2557,.F.);
#6113 = ORIENTED_EDGE('',*,*,#6114,.F.);
#6114 = EDGE_CURVE('',#6085,#2532,#6115,.T.);
#6115 = SURFACE_CURVE('',#6116,(#6120,#6127),.PCURVE_S1.);
#6116 = LINE('',#6117,#6118);
#6117 = CARTESIAN_POINT('',(31.525,-7.05,8.1));
#6118 = VECTOR('',#6119,1.);
#6119 = DIRECTION('',(0.,0.,1.));
#6120 = PCURVE('',#2576,#6121);
#6121 = DEFINITIONAL_REPRESENTATION('',(#6122),#6126);
#6122 = LINE('',#6123,#6124);
#6123 = CARTESIAN_POINT('',(-4.712388980385,0.));
#6124 = VECTOR('',#6125,1.);
#6125 = DIRECTION('',(-0.,-1.));
#6126 = ( GEOMETRIC_REPRESENTATION_CONTEXT(2) 
PARAMETRIC_REPRESENTATION_CONTEXT() REPRESENTATION_CONTEXT('2D SPACE',''
  ) );
#6127 = PCURVE('',#2546,#6128);
#6128 = DEFINITIONAL_REPRESENTATION('',(#6129),#6133);
#6129 = LINE('',#6130,#6131);
#6130 = CARTESIAN_POINT('',(0.,0.));
#6131 = VECTOR('',#6132,1.);
#6132 = DIRECTION('',(0.,-1.));
#6133 = ( GEOMETRIC_REPRESENTATION_CONTEXT(2) 
PARAMETRIC_REPRESENTATION_CONTEXT() REPRESENTATION_CONTEXT('2D SPACE',''
  ) );
#6134 = ADVANCED_FACE('',(#6135),#2546,.T.);
#6135 = FACE_BOUND('',#6136,.T.);
#6136 = EDGE_LOOP('',(#6137,#6158,#6159,#6160));
#6137 = ORIENTED_EDGE('',*,*,#6138,.T.);
#6138 = EDGE_CURVE('',#6139,#6085,#6141,.T.);
#6139 = VERTEX_POINT('',#6140);
#6140 = CARTESIAN_POINT('',(45.424999995131,-7.049999999965,8.2));
#6141 = SURFACE_CURVE('',#6142,(#6146,#6152),.PCURVE_S1.);
#6142 = LINE('',#6143,#6144);
#6143 = CARTESIAN_POINT('',(15.7625,-7.049999999965,8.2));
#6144 = VECTOR('',#6145,1.);
#6145 = DIRECTION('',(-1.,0.,0.));
#6146 = PCURVE('',#2546,#6147);
#6147 = DEFINITIONAL_REPRESENTATION('',(#6148),#6151);
#6148 = B_SPLINE_CURVE_WITH_KNOTS('',1,(#6149,#6150),.UNSPECIFIED.,.F.,
  .F.,(2,2),(-29.66249999513,-15.7625),.PIECEWISE_BEZIER_KNOTS.);
#6149 = CARTESIAN_POINT('',(13.899999995131,-1.E-01));
#6150 = CARTESIAN_POINT('',(0.,-1.E-01));
#6151 = ( GEOMETRIC_REPRESENTATION_CONTEXT(2) 
PARAMETRIC_REPRESENTATION_CONTEXT() REPRESENTATION_CONTEXT('2D SPACE',''
  ) );
#6152 = PCURVE('',#4007,#6153);
#6153 = DEFINITIONAL_REPRESENTATION('',(#6154),#6157);
#6154 = B_SPLINE_CURVE_WITH_KNOTS('',1,(#6155,#6156),.UNSPECIFIED.,.F.,
  .F.,(2,2),(-29.66249999513,-15.7625),.PIECEWISE_BEZIER_KNOTS.);
#6155 = CARTESIAN_POINT('',(45.424999995131,-7.049999999768));
#6156 = CARTESIAN_POINT('',(31.525,-7.049999999768));
#6157 = ( GEOMETRIC_REPRESENTATION_CONTEXT(2) 
PARAMETRIC_REPRESENTATION_CONTEXT() REPRESENTATION_CONTEXT('2D SPACE',''
  ) );
#6158 = ORIENTED_EDGE('',*,*,#6114,.T.);
#6159 = ORIENTED_EDGE('',*,*,#2531,.F.);
#6160 = ORIENTED_EDGE('',*,*,#6161,.F.);
#6161 = EDGE_CURVE('',#6139,#2499,#6162,.T.);
#6162 = SURFACE_CURVE('',#6163,(#6167,#6174),.PCURVE_S1.);
#6163 = LINE('',#6164,#6165);
#6164 = CARTESIAN_POINT('',(45.424999995131,-7.049999999965,8.1));
#6165 = VECTOR('',#6166,1.);
#6166 = DIRECTION('',(0.,0.,1.));
#6167 = PCURVE('',#2546,#6168);
#6168 = DEFINITIONAL_REPRESENTATION('',(#6169),#6173);
#6169 = LINE('',#6170,#6171);
#6170 = CARTESIAN_POINT('',(13.899999995131,0.));
#6171 = VECTOR('',#6172,1.);
#6172 = DIRECTION('',(0.,-1.));
#6173 = ( GEOMETRIC_REPRESENTATION_CONTEXT(2) 
PARAMETRIC_REPRESENTATION_CONTEXT() REPRESENTATION_CONTEXT('2D SPACE',''
  ) );
#6174 = PCURVE('',#2519,#6175);
#6175 = DEFINITIONAL_REPRESENTATION('',(#6176),#6180);
#6176 = LINE('',#6177,#6178);
#6177 = CARTESIAN_POINT('',(-4.712388980385,0.));
#6178 = VECTOR('',#6179,1.);
#6179 = DIRECTION('',(-0.,-1.));
#6180 = ( GEOMETRIC_REPRESENTATION_CONTEXT(2) 
PARAMETRIC_REPRESENTATION_CONTEXT() REPRESENTATION_CONTEXT('2D SPACE',''
  ) );
#6181 = ADVANCED_FACE('',(#6182),#2519,.F.);
#6182 = FACE_BOUND('',#6183,.T.);
#6183 = EDGE_LOOP('',(#6184,#6212,#6213,#6214));
#6184 = ORIENTED_EDGE('',*,*,#6185,.T.);
#6185 = EDGE_CURVE('',#6186,#6139,#6188,.T.);
#6186 = VERTEX_POINT('',#6187);
#6187 = CARTESIAN_POINT('',(45.524999997565,-6.949999999965,8.2));
#6188 = SURFACE_CURVE('',#6189,(#6194,#6201),.PCURVE_S1.);
#6189 = CIRCLE('',#6190,0.1);
#6190 = AXIS2_PLACEMENT_3D('',#6191,#6192,#6193);
#6191 = CARTESIAN_POINT('',(45.424999995131,-6.949999999965,8.2));
#6192 = DIRECTION('',(0.,0.,-1.));
#6193 = DIRECTION('',(1.,0.,0.));
#6194 = PCURVE('',#2519,#6195);
#6195 = DEFINITIONAL_REPRESENTATION('',(#6196),#6200);
#6196 = LINE('',#6197,#6198);
#6197 = CARTESIAN_POINT('',(-6.28318530718,-1.E-01));
#6198 = VECTOR('',#6199,1.);
#6199 = DIRECTION('',(1.,-0.));
#6200 = ( GEOMETRIC_REPRESENTATION_CONTEXT(2) 
PARAMETRIC_REPRESENTATION_CONTEXT() REPRESENTATION_CONTEXT('2D SPACE',''
  ) );
#6201 = PCURVE('',#4007,#6202);
#6202 = DEFINITIONAL_REPRESENTATION('',(#6203),#6211);
#6203 = ( BOUNDED_CURVE() B_SPLINE_CURVE(2,(#6204,#6205,#6206,#6207,
#6208,#6209,#6210),.UNSPECIFIED.,.T.,.F.) B_SPLINE_CURVE_WITH_KNOTS((1,2
    ,2,2,2,1),(-2.094395102393,0.,2.094395102393,4.188790204786,
6.28318530718,8.377580409573),.UNSPECIFIED.) CURVE() 
GEOMETRIC_REPRESENTATION_ITEM() RATIONAL_B_SPLINE_CURVE((1.,0.5,1.,0.5,
1.,0.5,1.)) REPRESENTATION_ITEM('') );
#6204 = CARTESIAN_POINT('',(45.524999995131,-6.949999999768));
#6205 = CARTESIAN_POINT('',(45.524999995131,-7.123205080525));
#6206 = CARTESIAN_POINT('',(45.374999995131,-7.036602540147));
#6207 = CARTESIAN_POINT('',(45.224999995131,-6.949999999768));
#6208 = CARTESIAN_POINT('',(45.374999995131,-6.86339745939));
#6209 = CARTESIAN_POINT('',(45.524999995131,-6.776794919012));
#6210 = CARTESIAN_POINT('',(45.524999995131,-6.949999999768));
#6211 = ( GEOMETRIC_REPRESENTATION_CONTEXT(2) 
PARAMETRIC_REPRESENTATION_CONTEXT() REPRESENTATION_CONTEXT('2D SPACE',''
  ) );
#6212 = ORIENTED_EDGE('',*,*,#6161,.T.);
#6213 = ORIENTED_EDGE('',*,*,#2498,.F.);
#6214 = ORIENTED_EDGE('',*,*,#6215,.F.);
#6215 = EDGE_CURVE('',#6186,#2473,#6216,.T.);
#6216 = SURFACE_CURVE('',#6217,(#6221,#6228),.PCURVE_S1.);
#6217 = LINE('',#6218,#6219);
#6218 = CARTESIAN_POINT('',(45.524999997565,-6.949999999965,8.1));
#6219 = VECTOR('',#6220,1.);
#6220 = DIRECTION('',(0.,0.,1.));
#6221 = PCURVE('',#2519,#6222);
#6222 = DEFINITIONAL_REPRESENTATION('',(#6223),#6227);
#6223 = LINE('',#6224,#6225);
#6224 = CARTESIAN_POINT('',(-6.28318530718,0.));
#6225 = VECTOR('',#6226,1.);
#6226 = DIRECTION('',(-0.,-1.));
#6227 = ( GEOMETRIC_REPRESENTATION_CONTEXT(2) 
PARAMETRIC_REPRESENTATION_CONTEXT() REPRESENTATION_CONTEXT('2D SPACE',''
  ) );
#6228 = PCURVE('',#2487,#6229);
#6229 = DEFINITIONAL_REPRESENTATION('',(#6230),#6234);
#6230 = LINE('',#6231,#6232);
#6231 = CARTESIAN_POINT('',(0.,0.));
#6232 = VECTOR('',#6233,1.);
#6233 = DIRECTION('',(0.,-1.));
#6234 = ( GEOMETRIC_REPRESENTATION_CONTEXT(2) 
PARAMETRIC_REPRESENTATION_CONTEXT() REPRESENTATION_CONTEXT('2D SPACE',''
  ) );
#6235 = ADVANCED_FACE('',(#6236),#2487,.T.);
#6236 = FACE_BOUND('',#6237,.T.);
#6237 = EDGE_LOOP('',(#6238,#6259,#6260,#6261));
#6238 = ORIENTED_EDGE('',*,*,#6239,.T.);
#6239 = EDGE_CURVE('',#6240,#6186,#6242,.T.);
#6240 = VERTEX_POINT('',#6241);
#6241 = CARTESIAN_POINT('',(45.525,6.949999995166,8.2));
#6242 = SURFACE_CURVE('',#6243,(#6247,#6253),.PCURVE_S1.);
#6243 = LINE('',#6244,#6245);
#6244 = CARTESIAN_POINT('',(45.525,-3.47500000008,8.2));
#6245 = VECTOR('',#6246,1.);
#6246 = DIRECTION('',(0.,-1.,0.));
#6247 = PCURVE('',#2487,#6248);
#6248 = DEFINITIONAL_REPRESENTATION('',(#6249),#6252);
#6249 = B_SPLINE_CURVE_WITH_KNOTS('',1,(#6250,#6251),.UNSPECIFIED.,.F.,
  .F.,(2,2),(-10.42499999524,3.474999999884),.PIECEWISE_BEZIER_KNOTS.);
#6250 = CARTESIAN_POINT('',(13.899999995131,-1.E-01));
#6251 = CARTESIAN_POINT('',(0.,-1.E-01));
#6252 = ( GEOMETRIC_REPRESENTATION_CONTEXT(2) 
PARAMETRIC_REPRESENTATION_CONTEXT() REPRESENTATION_CONTEXT('2D SPACE',''
  ) );
#6253 = PCURVE('',#4007,#6254);
#6254 = DEFINITIONAL_REPRESENTATION('',(#6255),#6258);
#6255 = B_SPLINE_CURVE_WITH_KNOTS('',1,(#6256,#6257),.UNSPECIFIED.,.F.,
  .F.,(2,2),(-10.42499999524,3.474999999884),.PIECEWISE_BEZIER_KNOTS.);
#6256 = CARTESIAN_POINT('',(45.525,6.949999995362));
#6257 = CARTESIAN_POINT('',(45.525,-6.949999999768));
#6258 = ( GEOMETRIC_REPRESENTATION_CONTEXT(2) 
PARAMETRIC_REPRESENTATION_CONTEXT() REPRESENTATION_CONTEXT('2D SPACE',''
  ) );
#6259 = ORIENTED_EDGE('',*,*,#6215,.T.);
#6260 = ORIENTED_EDGE('',*,*,#2472,.F.);
#6261 = ORIENTED_EDGE('',*,*,#6262,.F.);
#6262 = EDGE_CURVE('',#6240,#2440,#6263,.T.);
#6263 = SURFACE_CURVE('',#6264,(#6268,#6275),.PCURVE_S1.);
#6264 = LINE('',#6265,#6266);
#6265 = CARTESIAN_POINT('',(45.525,6.949999995166,8.1));
#6266 = VECTOR('',#6267,1.);
#6267 = DIRECTION('',(0.,0.,1.));
#6268 = PCURVE('',#2487,#6269);
#6269 = DEFINITIONAL_REPRESENTATION('',(#6270),#6274);
#6270 = LINE('',#6271,#6272);
#6271 = CARTESIAN_POINT('',(13.899999995131,0.));
#6272 = VECTOR('',#6273,1.);
#6273 = DIRECTION('',(0.,-1.));
#6274 = ( GEOMETRIC_REPRESENTATION_CONTEXT(2) 
PARAMETRIC_REPRESENTATION_CONTEXT() REPRESENTATION_CONTEXT('2D SPACE',''
  ) );
#6275 = PCURVE('',#2460,#6276);
#6276 = DEFINITIONAL_REPRESENTATION('',(#6277),#6281);
#6277 = LINE('',#6278,#6279);
#6278 = CARTESIAN_POINT('',(-0.,0.));
#6279 = VECTOR('',#6280,1.);
#6280 = DIRECTION('',(-0.,-1.));
#6281 = ( GEOMETRIC_REPRESENTATION_CONTEXT(2) 
PARAMETRIC_REPRESENTATION_CONTEXT() REPRESENTATION_CONTEXT('2D SPACE',''
  ) );
#6282 = ADVANCED_FACE('',(#6283),#2460,.F.);
#6283 = FACE_BOUND('',#6284,.T.);
#6284 = EDGE_LOOP('',(#6285,#6313,#6314,#6315));
#6285 = ORIENTED_EDGE('',*,*,#6286,.T.);
#6286 = EDGE_CURVE('',#6287,#6240,#6289,.T.);
#6287 = VERTEX_POINT('',#6288);
#6288 = CARTESIAN_POINT('',(45.425,7.049999997601,8.2));
#6289 = SURFACE_CURVE('',#6290,(#6295,#6302),.PCURVE_S1.);
#6290 = CIRCLE('',#6291,0.1);
#6291 = AXIS2_PLACEMENT_3D('',#6292,#6293,#6294);
#6292 = CARTESIAN_POINT('',(45.425,6.949999995166,8.2));
#6293 = DIRECTION('',(0.,0.,-1.));
#6294 = DIRECTION('',(1.,0.,0.));
#6295 = PCURVE('',#2460,#6296);
#6296 = DEFINITIONAL_REPRESENTATION('',(#6297),#6301);
#6297 = LINE('',#6298,#6299);
#6298 = CARTESIAN_POINT('',(-6.28318530718,-1.E-01));
#6299 = VECTOR('',#6300,1.);
#6300 = DIRECTION('',(1.,-0.));
#6301 = ( GEOMETRIC_REPRESENTATION_CONTEXT(2) 
PARAMETRIC_REPRESENTATION_CONTEXT() REPRESENTATION_CONTEXT('2D SPACE',''
  ) );
#6302 = PCURVE('',#4007,#6303);
#6303 = DEFINITIONAL_REPRESENTATION('',(#6304),#6312);
#6304 = ( BOUNDED_CURVE() B_SPLINE_CURVE(2,(#6305,#6306,#6307,#6308,
#6309,#6310,#6311),.UNSPECIFIED.,.T.,.F.) B_SPLINE_CURVE_WITH_KNOTS((1,2
    ,2,2,2,1),(-2.094395102393,0.,2.094395102393,4.188790204786,
6.28318530718,8.377580409573),.UNSPECIFIED.) CURVE() 
GEOMETRIC_REPRESENTATION_ITEM() RATIONAL_B_SPLINE_CURVE((1.,0.5,1.,0.5,
1.,0.5,1.)) REPRESENTATION_ITEM('') );
#6305 = CARTESIAN_POINT('',(45.525,6.949999995362));
#6306 = CARTESIAN_POINT('',(45.525,6.776794914606));
#6307 = CARTESIAN_POINT('',(45.375,6.863397454984));
#6308 = CARTESIAN_POINT('',(45.225,6.949999995362));
#6309 = CARTESIAN_POINT('',(45.375,7.036602535741));
#6310 = CARTESIAN_POINT('',(45.525,7.123205076119));
#6311 = CARTESIAN_POINT('',(45.525,6.949999995362));
#6312 = ( GEOMETRIC_REPRESENTATION_CONTEXT(2) 
PARAMETRIC_REPRESENTATION_CONTEXT() REPRESENTATION_CONTEXT('2D SPACE',''
  ) );
#6313 = ORIENTED_EDGE('',*,*,#6262,.T.);
#6314 = ORIENTED_EDGE('',*,*,#2439,.F.);
#6315 = ORIENTED_EDGE('',*,*,#6316,.F.);
#6316 = EDGE_CURVE('',#6287,#2414,#6317,.T.);
#6317 = SURFACE_CURVE('',#6318,(#6322,#6329),.PCURVE_S1.);
#6318 = LINE('',#6319,#6320);
#6319 = CARTESIAN_POINT('',(45.425,7.049999997601,8.1));
#6320 = VECTOR('',#6321,1.);
#6321 = DIRECTION('',(0.,0.,1.));
#6322 = PCURVE('',#2460,#6323);
#6323 = DEFINITIONAL_REPRESENTATION('',(#6324),#6328);
#6324 = LINE('',#6325,#6326);
#6325 = CARTESIAN_POINT('',(-1.570796326795,0.));
#6326 = VECTOR('',#6327,1.);
#6327 = DIRECTION('',(-0.,-1.));
#6328 = ( GEOMETRIC_REPRESENTATION_CONTEXT(2) 
PARAMETRIC_REPRESENTATION_CONTEXT() REPRESENTATION_CONTEXT('2D SPACE',''
  ) );
#6329 = PCURVE('',#2428,#6330);
#6330 = DEFINITIONAL_REPRESENTATION('',(#6331),#6335);
#6331 = LINE('',#6332,#6333);
#6332 = CARTESIAN_POINT('',(13.9,0.));
#6333 = VECTOR('',#6334,1.);
#6334 = DIRECTION('',(0.,-1.));
#6335 = ( GEOMETRIC_REPRESENTATION_CONTEXT(2) 
PARAMETRIC_REPRESENTATION_CONTEXT() REPRESENTATION_CONTEXT('2D SPACE',''
  ) );
#6336 = ADVANCED_FACE('',(#6337),#2428,.F.);
#6337 = FACE_BOUND('',#6338,.F.);
#6338 = EDGE_LOOP('',(#6339,#6360,#6381,#6382));
#6339 = ORIENTED_EDGE('',*,*,#6340,.T.);
#6340 = EDGE_CURVE('',#6287,#6341,#6343,.T.);
#6341 = VERTEX_POINT('',#6342);
#6342 = CARTESIAN_POINT('',(31.525,7.049999997601,8.2));
#6343 = SURFACE_CURVE('',#6344,(#6348,#6354),.PCURVE_S1.);
#6344 = LINE('',#6345,#6346);
#6345 = CARTESIAN_POINT('',(15.7625,7.050000000035,8.2));
#6346 = VECTOR('',#6347,1.);
#6347 = DIRECTION('',(-1.,0.,0.));
#6348 = PCURVE('',#2428,#6349);
#6349 = DEFINITIONAL_REPRESENTATION('',(#6350),#6353);
#6350 = B_SPLINE_CURVE_WITH_KNOTS('',1,(#6351,#6352),.UNSPECIFIED.,.F.,
  .F.,(2,2),(-29.6625,-15.7625),.PIECEWISE_BEZIER_KNOTS.);
#6351 = CARTESIAN_POINT('',(13.9,-1.E-01));
#6352 = CARTESIAN_POINT('',(0.,-1.E-01));
#6353 = ( GEOMETRIC_REPRESENTATION_CONTEXT(2) 
PARAMETRIC_REPRESENTATION_CONTEXT() REPRESENTATION_CONTEXT('2D SPACE',''
  ) );
#6354 = PCURVE('',#4007,#6355);
#6355 = DEFINITIONAL_REPRESENTATION('',(#6356),#6359);
#6356 = B_SPLINE_CURVE_WITH_KNOTS('',1,(#6357,#6358),.UNSPECIFIED.,.F.,
  .F.,(2,2),(-29.6625,-15.7625),.PIECEWISE_BEZIER_KNOTS.);
#6357 = CARTESIAN_POINT('',(45.425,7.050000000232));
#6358 = CARTESIAN_POINT('',(31.525,7.050000000232));
#6359 = ( GEOMETRIC_REPRESENTATION_CONTEXT(2) 
PARAMETRIC_REPRESENTATION_CONTEXT() REPRESENTATION_CONTEXT('2D SPACE',''
  ) );
#6360 = ORIENTED_EDGE('',*,*,#6361,.T.);
#6361 = EDGE_CURVE('',#6341,#2381,#6362,.T.);
#6362 = SURFACE_CURVE('',#6363,(#6367,#6374),.PCURVE_S1.);
#6363 = LINE('',#6364,#6365);
#6364 = CARTESIAN_POINT('',(31.525,7.049999997601,8.1));
#6365 = VECTOR('',#6366,1.);
#6366 = DIRECTION('',(0.,0.,1.));
#6367 = PCURVE('',#2428,#6368);
#6368 = DEFINITIONAL_REPRESENTATION('',(#6369),#6373);
#6369 = LINE('',#6370,#6371);
#6370 = CARTESIAN_POINT('',(0.,0.));
#6371 = VECTOR('',#6372,1.);
#6372 = DIRECTION('',(0.,-1.));
#6373 = ( GEOMETRIC_REPRESENTATION_CONTEXT(2) 
PARAMETRIC_REPRESENTATION_CONTEXT() REPRESENTATION_CONTEXT('2D SPACE',''
  ) );
#6374 = PCURVE('',#2401,#6375);
#6375 = DEFINITIONAL_REPRESENTATION('',(#6376),#6380);
#6376 = LINE('',#6377,#6378);
#6377 = CARTESIAN_POINT('',(-1.570796326795,0.));
#6378 = VECTOR('',#6379,1.);
#6379 = DIRECTION('',(-0.,-1.));
#6380 = ( GEOMETRIC_REPRESENTATION_CONTEXT(2) 
PARAMETRIC_REPRESENTATION_CONTEXT() REPRESENTATION_CONTEXT('2D SPACE',''
  ) );
#6381 = ORIENTED_EDGE('',*,*,#2413,.F.);
#6382 = ORIENTED_EDGE('',*,*,#6316,.F.);
#6383 = ADVANCED_FACE('',(#6384),#2401,.F.);
#6384 = FACE_BOUND('',#6385,.T.);
#6385 = EDGE_LOOP('',(#6386,#6412,#6413,#6414));
#6386 = ORIENTED_EDGE('',*,*,#6387,.T.);
#6387 = EDGE_CURVE('',#6016,#6341,#6388,.T.);
#6388 = SURFACE_CURVE('',#6389,(#6394,#6401),.PCURVE_S1.);
#6389 = CIRCLE('',#6390,0.1);
#6390 = AXIS2_PLACEMENT_3D('',#6391,#6392,#6393);
#6391 = CARTESIAN_POINT('',(31.525,6.949999995166,8.2));
#6392 = DIRECTION('',(0.,0.,-1.));
#6393 = DIRECTION('',(1.,0.,0.));
#6394 = PCURVE('',#2401,#6395);
#6395 = DEFINITIONAL_REPRESENTATION('',(#6396),#6400);
#6396 = LINE('',#6397,#6398);
#6397 = CARTESIAN_POINT('',(-6.28318530718,-1.E-01));
#6398 = VECTOR('',#6399,1.);
#6399 = DIRECTION('',(1.,-0.));
#6400 = ( GEOMETRIC_REPRESENTATION_CONTEXT(2) 
PARAMETRIC_REPRESENTATION_CONTEXT() REPRESENTATION_CONTEXT('2D SPACE',''
  ) );
#6401 = PCURVE('',#4007,#6402);
#6402 = DEFINITIONAL_REPRESENTATION('',(#6403),#6411);
#6403 = ( BOUNDED_CURVE() B_SPLINE_CURVE(2,(#6404,#6405,#6406,#6407,
#6408,#6409,#6410),.UNSPECIFIED.,.T.,.F.) B_SPLINE_CURVE_WITH_KNOTS((1,2
    ,2,2,2,1),(-2.094395102393,0.,2.094395102393,4.188790204786,
6.28318530718,8.377580409573),.UNSPECIFIED.) CURVE() 
GEOMETRIC_REPRESENTATION_ITEM() RATIONAL_B_SPLINE_CURVE((1.,0.5,1.,0.5,
1.,0.5,1.)) REPRESENTATION_ITEM('') );
#6404 = CARTESIAN_POINT('',(31.625,6.949999995362));
#6405 = CARTESIAN_POINT('',(31.625,6.776794914606));
#6406 = CARTESIAN_POINT('',(31.475,6.863397454984));
#6407 = CARTESIAN_POINT('',(31.325,6.949999995362));
#6408 = CARTESIAN_POINT('',(31.475,7.036602535741));
#6409 = CARTESIAN_POINT('',(31.625,7.123205076119));
#6410 = CARTESIAN_POINT('',(31.625,6.949999995362));
#6411 = ( GEOMETRIC_REPRESENTATION_CONTEXT(2) 
PARAMETRIC_REPRESENTATION_CONTEXT() REPRESENTATION_CONTEXT('2D SPACE',''
  ) );
#6412 = ORIENTED_EDGE('',*,*,#6361,.T.);
#6413 = ORIENTED_EDGE('',*,*,#2380,.F.);
#6414 = ORIENTED_EDGE('',*,*,#6060,.F.);
#6415 = ADVANCED_FACE('',(#6416),#2726,.F.);
#6416 = FACE_BOUND('',#6417,.F.);
#6417 = EDGE_LOOP('',(#6418,#6439,#6440,#6441));
#6418 = ORIENTED_EDGE('',*,*,#6419,.F.);
#6419 = EDGE_CURVE('',#3735,#2982,#6420,.T.);
#6420 = SURFACE_CURVE('',#6421,(#6425,#6432),.PCURVE_S1.);
#6421 = LINE('',#6422,#6423);
#6422 = CARTESIAN_POINT('',(74.219,0.,7.62));
#6423 = VECTOR('',#6424,1.);
#6424 = DIRECTION('',(0.,1.,0.));
#6425 = PCURVE('',#2726,#6426);
#6426 = DEFINITIONAL_REPRESENTATION('',(#6427),#6431);
#6427 = LINE('',#6428,#6429);
#6428 = CARTESIAN_POINT('',(2.7,0.));
#6429 = VECTOR('',#6430,1.);
#6430 = DIRECTION('',(1.,0.));
#6431 = ( GEOMETRIC_REPRESENTATION_CONTEXT(2) 
PARAMETRIC_REPRESENTATION_CONTEXT() REPRESENTATION_CONTEXT('2D SPACE',''
  ) );
#6432 = PCURVE('',#2998,#6433);
#6433 = DEFINITIONAL_REPRESENTATION('',(#6434),#6438);
#6434 = LINE('',#6435,#6436);
#6435 = CARTESIAN_POINT('',(0.,3.5));
#6436 = VECTOR('',#6437,1.);
#6437 = DIRECTION('',(1.,0.));
#6438 = ( GEOMETRIC_REPRESENTATION_CONTEXT(2) 
PARAMETRIC_REPRESENTATION_CONTEXT() REPRESENTATION_CONTEXT('2D SPACE',''
  ) );
#6439 = ORIENTED_EDGE('',*,*,#3760,.T.);
#6440 = ORIENTED_EDGE('',*,*,#2711,.T.);
#6441 = ORIENTED_EDGE('',*,*,#3060,.F.);
#6442 = ADVANCED_FACE('',(#6443),#2779,.F.);
#6443 = FACE_BOUND('',#6444,.F.);
#6444 = EDGE_LOOP('',(#6445,#6468,#6494,#6515));
#6445 = ORIENTED_EDGE('',*,*,#6446,.F.);
#6446 = EDGE_CURVE('',#6447,#2765,#6449,.T.);
#6447 = VERTEX_POINT('',#6448);
#6448 = CARTESIAN_POINT('',(74.6,-6.4,4.4));
#6449 = SURFACE_CURVE('',#6450,(#6454,#6461),.PCURVE_S1.);
#6450 = LINE('',#6451,#6452);
#6451 = CARTESIAN_POINT('',(74.4,-6.4,4.4));
#6452 = VECTOR('',#6453,1.);
#6453 = DIRECTION('',(1.,0.,-0.));
#6454 = PCURVE('',#2779,#6455);
#6455 = DEFINITIONAL_REPRESENTATION('',(#6456),#6460);
#6456 = LINE('',#6457,#6458);
#6457 = CARTESIAN_POINT('',(0.,3.2));
#6458 = VECTOR('',#6459,1.);
#6459 = DIRECTION('',(1.,0.));
#6460 = ( GEOMETRIC_REPRESENTATION_CONTEXT(2) 
PARAMETRIC_REPRESENTATION_CONTEXT() REPRESENTATION_CONTEXT('2D SPACE',''
  ) );
#6461 = PCURVE('',#2856,#6462);
#6462 = DEFINITIONAL_REPRESENTATION('',(#6463),#6467);
#6463 = LINE('',#6464,#6465);
#6464 = CARTESIAN_POINT('',(1.8,0.));
#6465 = VECTOR('',#6466,1.);
#6466 = DIRECTION('',(0.,1.));
#6467 = ( GEOMETRIC_REPRESENTATION_CONTEXT(2) 
PARAMETRIC_REPRESENTATION_CONTEXT() REPRESENTATION_CONTEXT('2D SPACE',''
  ) );
#6468 = ORIENTED_EDGE('',*,*,#6469,.F.);
#6469 = EDGE_CURVE('',#6470,#6447,#6472,.T.);
#6470 = VERTEX_POINT('',#6471);
#6471 = CARTESIAN_POINT('',(74.6,-9.6,4.4));
#6472 = SURFACE_CURVE('',#6473,(#6477,#6483),.PCURVE_S1.);
#6473 = LINE('',#6474,#6475);
#6474 = CARTESIAN_POINT('',(74.6,-9.8475,4.4));
#6475 = VECTOR('',#6476,1.);
#6476 = DIRECTION('',(0.,1.,-0.));
#6477 = PCURVE('',#2779,#6478);
#6478 = DEFINITIONAL_REPRESENTATION('',(#6479),#6482);
#6479 = B_SPLINE_CURVE_WITH_KNOTS('',1,(#6480,#6481),.UNSPECIFIED.,.F.,
  .F.,(2,2),(0.2475,3.4475),.PIECEWISE_BEZIER_KNOTS.);
#6480 = CARTESIAN_POINT('',(0.2,0.));
#6481 = CARTESIAN_POINT('',(0.2,3.2));
#6482 = ( GEOMETRIC_REPRESENTATION_CONTEXT(2) 
PARAMETRIC_REPRESENTATION_CONTEXT() REPRESENTATION_CONTEXT('2D SPACE',''
  ) );
#6483 = PCURVE('',#6484,#6489);
#6484 = PLANE('',#6485);
#6485 = AXIS2_PLACEMENT_3D('',#6486,#6487,#6488);
#6486 = CARTESIAN_POINT('',(74.6,-10.095,1.1));
#6487 = DIRECTION('',(-1.,0.,0.));
#6488 = DIRECTION('',(0.,1.,0.));
#6489 = DEFINITIONAL_REPRESENTATION('',(#6490),#6493);
#6490 = B_SPLINE_CURVE_WITH_KNOTS('',1,(#6491,#6492),.UNSPECIFIED.,.F.,
  .F.,(2,2),(0.2475,3.4475),.PIECEWISE_BEZIER_KNOTS.);
#6491 = CARTESIAN_POINT('',(0.495,-3.3));
#6492 = CARTESIAN_POINT('',(3.695,-3.3));
#6493 = ( GEOMETRIC_REPRESENTATION_CONTEXT(2) 
PARAMETRIC_REPRESENTATION_CONTEXT() REPRESENTATION_CONTEXT('2D SPACE',''
  ) );
#6494 = ORIENTED_EDGE('',*,*,#6495,.T.);
#6495 = EDGE_CURVE('',#6470,#2763,#6496,.T.);
#6496 = SURFACE_CURVE('',#6497,(#6501,#6508),.PCURVE_S1.);
#6497 = LINE('',#6498,#6499);
#6498 = CARTESIAN_POINT('',(74.4,-9.6,4.4));
#6499 = VECTOR('',#6500,1.);
#6500 = DIRECTION('',(1.,0.,-0.));
#6501 = PCURVE('',#2779,#6502);
#6502 = DEFINITIONAL_REPRESENTATION('',(#6503),#6507);
#6503 = LINE('',#6504,#6505);
#6504 = CARTESIAN_POINT('',(0.,0.));
#6505 = VECTOR('',#6506,1.);
#6506 = DIRECTION('',(1.,0.));
#6507 = ( GEOMETRIC_REPRESENTATION_CONTEXT(2) 
PARAMETRIC_REPRESENTATION_CONTEXT() REPRESENTATION_CONTEXT('2D SPACE',''
  ) );
#6508 = PCURVE('',#2805,#6509);
#6509 = DEFINITIONAL_REPRESENTATION('',(#6510),#6514);
#6510 = LINE('',#6511,#6512);
#6511 = CARTESIAN_POINT('',(1.8,0.));
#6512 = VECTOR('',#6513,1.);
#6513 = DIRECTION('',(0.,1.));
#6514 = ( GEOMETRIC_REPRESENTATION_CONTEXT(2) 
PARAMETRIC_REPRESENTATION_CONTEXT() REPRESENTATION_CONTEXT('2D SPACE',''
  ) );
#6515 = ORIENTED_EDGE('',*,*,#2762,.T.);
#6516 = ADVANCED_FACE('',(#6517),#2805,.T.);
#6517 = FACE_BOUND('',#6518,.T.);
#6518 = EDGE_LOOP('',(#6519,#6540,#6541,#6563,#6590,#6618,#6639,#6640));
#6519 = ORIENTED_EDGE('',*,*,#6520,.F.);
#6520 = EDGE_CURVE('',#3666,#2791,#6521,.T.);
#6521 = SURFACE_CURVE('',#6522,(#6526,#6533),.PCURVE_S1.);
#6522 = LINE('',#6523,#6524);
#6523 = CARTESIAN_POINT('',(74.4,-9.6,2.6));
#6524 = VECTOR('',#6525,1.);
#6525 = DIRECTION('',(1.,0.,-0.));
#6526 = PCURVE('',#2805,#6527);
#6527 = DEFINITIONAL_REPRESENTATION('',(#6528),#6532);
#6528 = LINE('',#6529,#6530);
#6529 = CARTESIAN_POINT('',(0.,0.));
#6530 = VECTOR('',#6531,1.);
#6531 = DIRECTION('',(0.,1.));
#6532 = ( GEOMETRIC_REPRESENTATION_CONTEXT(2) 
PARAMETRIC_REPRESENTATION_CONTEXT() REPRESENTATION_CONTEXT('2D SPACE',''
  ) );
#6533 = PCURVE('',#2832,#6534);
#6534 = DEFINITIONAL_REPRESENTATION('',(#6535),#6539);
#6535 = LINE('',#6536,#6537);
#6536 = CARTESIAN_POINT('',(0.,0.));
#6537 = VECTOR('',#6538,1.);
#6538 = DIRECTION('',(1.,0.));
#6539 = ( GEOMETRIC_REPRESENTATION_CONTEXT(2) 
PARAMETRIC_REPRESENTATION_CONTEXT() REPRESENTATION_CONTEXT('2D SPACE',''
  ) );
#6540 = ORIENTED_EDGE('',*,*,#3665,.F.);
#6541 = ORIENTED_EDGE('',*,*,#6542,.T.);
#6542 = EDGE_CURVE('',#3643,#6543,#6545,.T.);
#6543 = VERTEX_POINT('',#6544);
#6544 = CARTESIAN_POINT('',(73.5,-9.6,2.4));
#6545 = SURFACE_CURVE('',#6546,(#6550,#6557),.PCURVE_S1.);
#6546 = LINE('',#6547,#6548);
#6547 = CARTESIAN_POINT('',(36.7,-9.6,2.4));
#6548 = VECTOR('',#6549,1.);
#6549 = DIRECTION('',(-1.,-0.,0.));
#6550 = PCURVE('',#2805,#6551);
#6551 = DEFINITIONAL_REPRESENTATION('',(#6552),#6556);
#6552 = LINE('',#6553,#6554);
#6553 = CARTESIAN_POINT('',(-0.2,-37.7));
#6554 = VECTOR('',#6555,1.);
#6555 = DIRECTION('',(0.,-1.));
#6556 = ( GEOMETRIC_REPRESENTATION_CONTEXT(2) 
PARAMETRIC_REPRESENTATION_CONTEXT() REPRESENTATION_CONTEXT('2D SPACE',''
  ) );
#6557 = PCURVE('',#3190,#6558);
#6558 = DEFINITIONAL_REPRESENTATION('',(#6559),#6562);
#6559 = B_SPLINE_CURVE_WITH_KNOTS('',1,(#6560,#6561),.UNSPECIFIED.,.F.,
  .F.,(2,2),(-37.9,-36.7),.PIECEWISE_BEZIER_KNOTS.);
#6560 = CARTESIAN_POINT('',(74.6,-9.599999999891));
#6561 = CARTESIAN_POINT('',(73.4,-9.599999999891));
#6562 = ( GEOMETRIC_REPRESENTATION_CONTEXT(2) 
PARAMETRIC_REPRESENTATION_CONTEXT() REPRESENTATION_CONTEXT('2D SPACE',''
  ) );
#6563 = ORIENTED_EDGE('',*,*,#6564,.F.);
#6564 = EDGE_CURVE('',#6565,#6543,#6567,.T.);
#6565 = VERTEX_POINT('',#6566);
#6566 = CARTESIAN_POINT('',(73.5,-9.6,5.));
#6567 = SURFACE_CURVE('',#6568,(#6572,#6579),.PCURVE_S1.);
#6568 = LINE('',#6569,#6570);
#6569 = CARTESIAN_POINT('',(73.5,-9.6,1.75));
#6570 = VECTOR('',#6571,1.);
#6571 = DIRECTION('',(0.,0.,-1.));
#6572 = PCURVE('',#2805,#6573);
#6573 = DEFINITIONAL_REPRESENTATION('',(#6574),#6578);
#6574 = LINE('',#6575,#6576);
#6575 = CARTESIAN_POINT('',(-0.85,-0.9));
#6576 = VECTOR('',#6577,1.);
#6577 = DIRECTION('',(-1.,0.));
#6578 = ( GEOMETRIC_REPRESENTATION_CONTEXT(2) 
PARAMETRIC_REPRESENTATION_CONTEXT() REPRESENTATION_CONTEXT('2D SPACE',''
  ) );
#6579 = PCURVE('',#6580,#6585);
#6580 = PLANE('',#6581);
#6581 = AXIS2_PLACEMENT_3D('',#6582,#6583,#6584);
#6582 = CARTESIAN_POINT('',(73.5,-9.995,2.4));
#6583 = DIRECTION('',(-1.,0.,0.));
#6584 = DIRECTION('',(0.,1.,0.));
#6585 = DEFINITIONAL_REPRESENTATION('',(#6586),#6589);
#6586 = B_SPLINE_CURVE_WITH_KNOTS('',1,(#6587,#6588),.UNSPECIFIED.,.F.,
  .F.,(2,2),(-3.25,-0.65),.PIECEWISE_BEZIER_KNOTS.);
#6587 = CARTESIAN_POINT('',(0.395,-2.6));
#6588 = CARTESIAN_POINT('',(0.395,0.));
#6589 = ( GEOMETRIC_REPRESENTATION_CONTEXT(2) 
PARAMETRIC_REPRESENTATION_CONTEXT() REPRESENTATION_CONTEXT('2D SPACE',''
  ) );
#6590 = ORIENTED_EDGE('',*,*,#6591,.T.);
#6591 = EDGE_CURVE('',#6565,#6592,#6594,.T.);
#6592 = VERTEX_POINT('',#6593);
#6593 = CARTESIAN_POINT('',(74.6,-9.6,5.));
#6594 = SURFACE_CURVE('',#6595,(#6599,#6606),.PCURVE_S1.);
#6595 = LINE('',#6596,#6597);
#6596 = CARTESIAN_POINT('',(73.4,-9.6,5.));
#6597 = VECTOR('',#6598,1.);
#6598 = DIRECTION('',(1.,0.,-0.));
#6599 = PCURVE('',#2805,#6600);
#6600 = DEFINITIONAL_REPRESENTATION('',(#6601),#6605);
#6601 = LINE('',#6602,#6603);
#6602 = CARTESIAN_POINT('',(2.4,-1.));
#6603 = VECTOR('',#6604,1.);
#6604 = DIRECTION('',(0.,1.));
#6605 = ( GEOMETRIC_REPRESENTATION_CONTEXT(2) 
PARAMETRIC_REPRESENTATION_CONTEXT() REPRESENTATION_CONTEXT('2D SPACE',''
  ) );
#6606 = PCURVE('',#6607,#6612);
#6607 = PLANE('',#6608);
#6608 = AXIS2_PLACEMENT_3D('',#6609,#6610,#6611);
#6609 = CARTESIAN_POINT('',(73.4,-9.6,5.));
#6610 = DIRECTION('',(0.,0.,1.));
#6611 = DIRECTION('',(1.,0.,-0.));
#6612 = DEFINITIONAL_REPRESENTATION('',(#6613),#6617);
#6613 = LINE('',#6614,#6615);
#6614 = CARTESIAN_POINT('',(0.,0.));
#6615 = VECTOR('',#6616,1.);
#6616 = DIRECTION('',(1.,0.));
#6617 = ( GEOMETRIC_REPRESENTATION_CONTEXT(2) 
PARAMETRIC_REPRESENTATION_CONTEXT() REPRESENTATION_CONTEXT('2D SPACE',''
  ) );
#6618 = ORIENTED_EDGE('',*,*,#6619,.F.);
#6619 = EDGE_CURVE('',#6470,#6592,#6620,.T.);
#6620 = SURFACE_CURVE('',#6621,(#6625,#6632),.PCURVE_S1.);
#6621 = LINE('',#6622,#6623);
#6622 = CARTESIAN_POINT('',(74.6,-9.6,1.1));
#6623 = VECTOR('',#6624,1.);
#6624 = DIRECTION('',(0.,0.,1.));
#6625 = PCURVE('',#2805,#6626);
#6626 = DEFINITIONAL_REPRESENTATION('',(#6627),#6631);
#6627 = LINE('',#6628,#6629);
#6628 = CARTESIAN_POINT('',(-1.5,0.2));
#6629 = VECTOR('',#6630,1.);
#6630 = DIRECTION('',(1.,0.));
#6631 = ( GEOMETRIC_REPRESENTATION_CONTEXT(2) 
PARAMETRIC_REPRESENTATION_CONTEXT() REPRESENTATION_CONTEXT('2D SPACE',''
  ) );
#6632 = PCURVE('',#6484,#6633);
#6633 = DEFINITIONAL_REPRESENTATION('',(#6634),#6638);
#6634 = LINE('',#6635,#6636);
#6635 = CARTESIAN_POINT('',(0.495,2.22044604925E-16));
#6636 = VECTOR('',#6637,1.);
#6637 = DIRECTION('',(0.,-1.));
#6638 = ( GEOMETRIC_REPRESENTATION_CONTEXT(2) 
PARAMETRIC_REPRESENTATION_CONTEXT() REPRESENTATION_CONTEXT('2D SPACE',''
  ) );
#6639 = ORIENTED_EDGE('',*,*,#6495,.T.);
#6640 = ORIENTED_EDGE('',*,*,#2790,.T.);
#6641 = ADVANCED_FACE('',(#6642),#2856,.F.);
#6642 = FACE_BOUND('',#6643,.F.);
#6643 = EDGE_LOOP('',(#6644,#6665,#6666,#6688,#6710,#6733,#6754,#6755));
#6644 = ORIENTED_EDGE('',*,*,#6645,.F.);
#6645 = EDGE_CURVE('',#3689,#2818,#6646,.T.);
#6646 = SURFACE_CURVE('',#6647,(#6651,#6658),.PCURVE_S1.);
#6647 = LINE('',#6648,#6649);
#6648 = CARTESIAN_POINT('',(74.4,-6.4,2.6));
#6649 = VECTOR('',#6650,1.);
#6650 = DIRECTION('',(1.,0.,-0.));
#6651 = PCURVE('',#2856,#6652);
#6652 = DEFINITIONAL_REPRESENTATION('',(#6653),#6657);
#6653 = LINE('',#6654,#6655);
#6654 = CARTESIAN_POINT('',(0.,0.));
#6655 = VECTOR('',#6656,1.);
#6656 = DIRECTION('',(0.,1.));
#6657 = ( GEOMETRIC_REPRESENTATION_CONTEXT(2) 
PARAMETRIC_REPRESENTATION_CONTEXT() REPRESENTATION_CONTEXT('2D SPACE',''
  ) );
#6658 = PCURVE('',#2832,#6659);
#6659 = DEFINITIONAL_REPRESENTATION('',(#6660),#6664);
#6660 = LINE('',#6661,#6662);
#6661 = CARTESIAN_POINT('',(0.,3.2));
#6662 = VECTOR('',#6663,1.);
#6663 = DIRECTION('',(1.,0.));
#6664 = ( GEOMETRIC_REPRESENTATION_CONTEXT(2) 
PARAMETRIC_REPRESENTATION_CONTEXT() REPRESENTATION_CONTEXT('2D SPACE',''
  ) );
#6665 = ORIENTED_EDGE('',*,*,#3710,.F.);
#6666 = ORIENTED_EDGE('',*,*,#6667,.T.);
#6667 = EDGE_CURVE('',#3591,#6668,#6670,.T.);
#6668 = VERTEX_POINT('',#6669);
#6669 = CARTESIAN_POINT('',(73.5,-6.4,2.4));
#6670 = SURFACE_CURVE('',#6671,(#6675,#6682),.PCURVE_S1.);
#6671 = LINE('',#6672,#6673);
#6672 = CARTESIAN_POINT('',(36.7,-6.4,2.4));
#6673 = VECTOR('',#6674,1.);
#6674 = DIRECTION('',(-1.,-0.,0.));
#6675 = PCURVE('',#2856,#6676);
#6676 = DEFINITIONAL_REPRESENTATION('',(#6677),#6681);
#6677 = LINE('',#6678,#6679);
#6678 = CARTESIAN_POINT('',(-0.2,-37.7));
#6679 = VECTOR('',#6680,1.);
#6680 = DIRECTION('',(0.,-1.));
#6681 = ( GEOMETRIC_REPRESENTATION_CONTEXT(2) 
PARAMETRIC_REPRESENTATION_CONTEXT() REPRESENTATION_CONTEXT('2D SPACE',''
  ) );
#6682 = PCURVE('',#3606,#6683);
#6683 = DEFINITIONAL_REPRESENTATION('',(#6684),#6687);
#6684 = B_SPLINE_CURVE_WITH_KNOTS('',1,(#6685,#6686),.UNSPECIFIED.,.F.,
  .F.,(2,2),(-37.9,-36.7),.PIECEWISE_BEZIER_KNOTS.);
#6685 = CARTESIAN_POINT('',(74.6,-6.399999999891));
#6686 = CARTESIAN_POINT('',(73.4,-6.399999999891));
#6687 = ( GEOMETRIC_REPRESENTATION_CONTEXT(2) 
PARAMETRIC_REPRESENTATION_CONTEXT() REPRESENTATION_CONTEXT('2D SPACE',''
  ) );
#6688 = ORIENTED_EDGE('',*,*,#6689,.F.);
#6689 = EDGE_CURVE('',#6690,#6668,#6692,.T.);
#6690 = VERTEX_POINT('',#6691);
#6691 = CARTESIAN_POINT('',(73.5,-6.4,5.));
#6692 = SURFACE_CURVE('',#6693,(#6697,#6704),.PCURVE_S1.);
#6693 = LINE('',#6694,#6695);
#6694 = CARTESIAN_POINT('',(73.5,-6.4,1.75));
#6695 = VECTOR('',#6696,1.);
#6696 = DIRECTION('',(0.,0.,-1.));
#6697 = PCURVE('',#2856,#6698);
#6698 = DEFINITIONAL_REPRESENTATION('',(#6699),#6703);
#6699 = LINE('',#6700,#6701);
#6700 = CARTESIAN_POINT('',(-0.85,-0.9));
#6701 = VECTOR('',#6702,1.);
#6702 = DIRECTION('',(-1.,0.));
#6703 = ( GEOMETRIC_REPRESENTATION_CONTEXT(2) 
PARAMETRIC_REPRESENTATION_CONTEXT() REPRESENTATION_CONTEXT('2D SPACE',''
  ) );
#6704 = PCURVE('',#6580,#6705);
#6705 = DEFINITIONAL_REPRESENTATION('',(#6706),#6709);
#6706 = B_SPLINE_CURVE_WITH_KNOTS('',1,(#6707,#6708),.UNSPECIFIED.,.F.,
  .F.,(2,2),(-3.25,-0.65),.PIECEWISE_BEZIER_KNOTS.);
#6707 = CARTESIAN_POINT('',(3.595,-2.6));
#6708 = CARTESIAN_POINT('',(3.595,0.));
#6709 = ( GEOMETRIC_REPRESENTATION_CONTEXT(2) 
PARAMETRIC_REPRESENTATION_CONTEXT() REPRESENTATION_CONTEXT('2D SPACE',''
  ) );
#6710 = ORIENTED_EDGE('',*,*,#6711,.T.);
#6711 = EDGE_CURVE('',#6690,#6712,#6714,.T.);
#6712 = VERTEX_POINT('',#6713);
#6713 = CARTESIAN_POINT('',(74.6,-6.4,5.));
#6714 = SURFACE_CURVE('',#6715,(#6719,#6726),.PCURVE_S1.);
#6715 = LINE('',#6716,#6717);
#6716 = CARTESIAN_POINT('',(73.4,-6.4,5.));
#6717 = VECTOR('',#6718,1.);
#6718 = DIRECTION('',(1.,0.,-0.));
#6719 = PCURVE('',#2856,#6720);
#6720 = DEFINITIONAL_REPRESENTATION('',(#6721),#6725);
#6721 = LINE('',#6722,#6723);
#6722 = CARTESIAN_POINT('',(2.4,-1.));
#6723 = VECTOR('',#6724,1.);
#6724 = DIRECTION('',(0.,1.));
#6725 = ( GEOMETRIC_REPRESENTATION_CONTEXT(2) 
PARAMETRIC_REPRESENTATION_CONTEXT() REPRESENTATION_CONTEXT('2D SPACE',''
  ) );
#6726 = PCURVE('',#6607,#6727);
#6727 = DEFINITIONAL_REPRESENTATION('',(#6728),#6732);
#6728 = LINE('',#6729,#6730);
#6729 = CARTESIAN_POINT('',(0.,3.2));
#6730 = VECTOR('',#6731,1.);
#6731 = DIRECTION('',(1.,0.));
#6732 = ( GEOMETRIC_REPRESENTATION_CONTEXT(2) 
PARAMETRIC_REPRESENTATION_CONTEXT() REPRESENTATION_CONTEXT('2D SPACE',''
  ) );
#6733 = ORIENTED_EDGE('',*,*,#6734,.F.);
#6734 = EDGE_CURVE('',#6447,#6712,#6735,.T.);
#6735 = SURFACE_CURVE('',#6736,(#6740,#6747),.PCURVE_S1.);
#6736 = LINE('',#6737,#6738);
#6737 = CARTESIAN_POINT('',(74.6,-6.4,1.1));
#6738 = VECTOR('',#6739,1.);
#6739 = DIRECTION('',(0.,0.,1.));
#6740 = PCURVE('',#2856,#6741);
#6741 = DEFINITIONAL_REPRESENTATION('',(#6742),#6746);
#6742 = LINE('',#6743,#6744);
#6743 = CARTESIAN_POINT('',(-1.5,0.2));
#6744 = VECTOR('',#6745,1.);
#6745 = DIRECTION('',(1.,0.));
#6746 = ( GEOMETRIC_REPRESENTATION_CONTEXT(2) 
PARAMETRIC_REPRESENTATION_CONTEXT() REPRESENTATION_CONTEXT('2D SPACE',''
  ) );
#6747 = PCURVE('',#6484,#6748);
#6748 = DEFINITIONAL_REPRESENTATION('',(#6749),#6753);
#6749 = LINE('',#6750,#6751);
#6750 = CARTESIAN_POINT('',(3.695,2.22044604925E-16));
#6751 = VECTOR('',#6752,1.);
#6752 = DIRECTION('',(0.,-1.));
#6753 = ( GEOMETRIC_REPRESENTATION_CONTEXT(2) 
PARAMETRIC_REPRESENTATION_CONTEXT() REPRESENTATION_CONTEXT('2D SPACE',''
  ) );
#6754 = ORIENTED_EDGE('',*,*,#6446,.T.);
#6755 = ORIENTED_EDGE('',*,*,#2843,.T.);
#6756 = ADVANCED_FACE('',(#6757),#2832,.T.);
#6757 = FACE_BOUND('',#6758,.T.);
#6758 = EDGE_LOOP('',(#6759,#6760,#6761,#6762));
#6759 = ORIENTED_EDGE('',*,*,#6645,.F.);
#6760 = ORIENTED_EDGE('',*,*,#3688,.F.);
#6761 = ORIENTED_EDGE('',*,*,#6520,.T.);
#6762 = ORIENTED_EDGE('',*,*,#2817,.T.);
#6763 = ADVANCED_FACE('',(#6764),#2887,.F.);
#6764 = FACE_BOUND('',#6765,.F.);
#6765 = EDGE_LOOP('',(#6766,#6789,#6815,#6836));
#6766 = ORIENTED_EDGE('',*,*,#6767,.F.);
#6767 = EDGE_CURVE('',#6768,#2873,#6770,.T.);
#6768 = VERTEX_POINT('',#6769);
#6769 = CARTESIAN_POINT('',(74.6,9.6,4.4));
#6770 = SURFACE_CURVE('',#6771,(#6775,#6782),.PCURVE_S1.);
#6771 = LINE('',#6772,#6773);
#6772 = CARTESIAN_POINT('',(74.4,9.6,4.4));
#6773 = VECTOR('',#6774,1.);
#6774 = DIRECTION('',(1.,0.,-0.));
#6775 = PCURVE('',#2887,#6776);
#6776 = DEFINITIONAL_REPRESENTATION('',(#6777),#6781);
#6777 = LINE('',#6778,#6779);
#6778 = CARTESIAN_POINT('',(0.,3.2));
#6779 = VECTOR('',#6780,1.);
#6780 = DIRECTION('',(1.,0.));
#6781 = ( GEOMETRIC_REPRESENTATION_CONTEXT(2) 
PARAMETRIC_REPRESENTATION_CONTEXT() REPRESENTATION_CONTEXT('2D SPACE',''
  ) );
#6782 = PCURVE('',#2964,#6783);
#6783 = DEFINITIONAL_REPRESENTATION('',(#6784),#6788);
#6784 = LINE('',#6785,#6786);
#6785 = CARTESIAN_POINT('',(1.8,0.));
#6786 = VECTOR('',#6787,1.);
#6787 = DIRECTION('',(0.,1.));
#6788 = ( GEOMETRIC_REPRESENTATION_CONTEXT(2) 
PARAMETRIC_REPRESENTATION_CONTEXT() REPRESENTATION_CONTEXT('2D SPACE',''
  ) );
#6789 = ORIENTED_EDGE('',*,*,#6790,.F.);
#6790 = EDGE_CURVE('',#6791,#6768,#6793,.T.);
#6791 = VERTEX_POINT('',#6792);
#6792 = CARTESIAN_POINT('',(74.6,6.4,4.4));
#6793 = SURFACE_CURVE('',#6794,(#6798,#6804),.PCURVE_S1.);
#6794 = LINE('',#6795,#6796);
#6795 = CARTESIAN_POINT('',(74.6,-1.8475,4.4));
#6796 = VECTOR('',#6797,1.);
#6797 = DIRECTION('',(0.,1.,-0.));
#6798 = PCURVE('',#2887,#6799);
#6799 = DEFINITIONAL_REPRESENTATION('',(#6800),#6803);
#6800 = B_SPLINE_CURVE_WITH_KNOTS('',1,(#6801,#6802),.UNSPECIFIED.,.F.,
  .F.,(2,2),(8.2475,11.4475),.PIECEWISE_BEZIER_KNOTS.);
#6801 = CARTESIAN_POINT('',(0.2,0.));
#6802 = CARTESIAN_POINT('',(0.2,3.2));
#6803 = ( GEOMETRIC_REPRESENTATION_CONTEXT(2) 
PARAMETRIC_REPRESENTATION_CONTEXT() REPRESENTATION_CONTEXT('2D SPACE',''
  ) );
#6804 = PCURVE('',#6805,#6810);
#6805 = PLANE('',#6806);
#6806 = AXIS2_PLACEMENT_3D('',#6807,#6808,#6809);
#6807 = CARTESIAN_POINT('',(74.6,-10.095,1.1));
#6808 = DIRECTION('',(-1.,0.,0.));
#6809 = DIRECTION('',(0.,1.,0.));
#6810 = DEFINITIONAL_REPRESENTATION('',(#6811),#6814);
#6811 = B_SPLINE_CURVE_WITH_KNOTS('',1,(#6812,#6813),.UNSPECIFIED.,.F.,
  .F.,(2,2),(8.2475,11.4475),.PIECEWISE_BEZIER_KNOTS.);
#6812 = CARTESIAN_POINT('',(16.495,-3.3));
#6813 = CARTESIAN_POINT('',(19.695,-3.3));
#6814 = ( GEOMETRIC_REPRESENTATION_CONTEXT(2) 
PARAMETRIC_REPRESENTATION_CONTEXT() REPRESENTATION_CONTEXT('2D SPACE',''
  ) );
#6815 = ORIENTED_EDGE('',*,*,#6816,.T.);
#6816 = EDGE_CURVE('',#6791,#2871,#6817,.T.);
#6817 = SURFACE_CURVE('',#6818,(#6822,#6829),.PCURVE_S1.);
#6818 = LINE('',#6819,#6820);
#6819 = CARTESIAN_POINT('',(74.4,6.4,4.4));
#6820 = VECTOR('',#6821,1.);
#6821 = DIRECTION('',(1.,0.,-0.));
#6822 = PCURVE('',#2887,#6823);
#6823 = DEFINITIONAL_REPRESENTATION('',(#6824),#6828);
#6824 = LINE('',#6825,#6826);
#6825 = CARTESIAN_POINT('',(0.,0.));
#6826 = VECTOR('',#6827,1.);
#6827 = DIRECTION('',(1.,0.));
#6828 = ( GEOMETRIC_REPRESENTATION_CONTEXT(2) 
PARAMETRIC_REPRESENTATION_CONTEXT() REPRESENTATION_CONTEXT('2D SPACE',''
  ) );
#6829 = PCURVE('',#2913,#6830);
#6830 = DEFINITIONAL_REPRESENTATION('',(#6831),#6835);
#6831 = LINE('',#6832,#6833);
#6832 = CARTESIAN_POINT('',(1.8,0.));
#6833 = VECTOR('',#6834,1.);
#6834 = DIRECTION('',(0.,1.));
#6835 = ( GEOMETRIC_REPRESENTATION_CONTEXT(2) 
PARAMETRIC_REPRESENTATION_CONTEXT() REPRESENTATION_CONTEXT('2D SPACE',''
  ) );
#6836 = ORIENTED_EDGE('',*,*,#2870,.T.);
#6837 = ADVANCED_FACE('',(#6838),#2913,.T.);
#6838 = FACE_BOUND('',#6839,.T.);
#6839 = EDGE_LOOP('',(#6840,#6861,#6862,#6884,#6906,#6934,#6955,#6956));
#6840 = ORIENTED_EDGE('',*,*,#6841,.F.);
#6841 = EDGE_CURVE('',#3108,#2899,#6842,.T.);
#6842 = SURFACE_CURVE('',#6843,(#6847,#6854),.PCURVE_S1.);
#6843 = LINE('',#6844,#6845);
#6844 = CARTESIAN_POINT('',(74.4,6.4,2.6));
#6845 = VECTOR('',#6846,1.);
#6846 = DIRECTION('',(1.,0.,-0.));
#6847 = PCURVE('',#2913,#6848);
#6848 = DEFINITIONAL_REPRESENTATION('',(#6849),#6853);
#6849 = LINE('',#6850,#6851);
#6850 = CARTESIAN_POINT('',(0.,0.));
#6851 = VECTOR('',#6852,1.);
#6852 = DIRECTION('',(0.,1.));
#6853 = ( GEOMETRIC_REPRESENTATION_CONTEXT(2) 
PARAMETRIC_REPRESENTATION_CONTEXT() REPRESENTATION_CONTEXT('2D SPACE',''
  ) );
#6854 = PCURVE('',#2940,#6855);
#6855 = DEFINITIONAL_REPRESENTATION('',(#6856),#6860);
#6856 = LINE('',#6857,#6858);
#6857 = CARTESIAN_POINT('',(0.,0.));
#6858 = VECTOR('',#6859,1.);
#6859 = DIRECTION('',(1.,0.));
#6860 = ( GEOMETRIC_REPRESENTATION_CONTEXT(2) 
PARAMETRIC_REPRESENTATION_CONTEXT() REPRESENTATION_CONTEXT('2D SPACE',''
  ) );
#6861 = ORIENTED_EDGE('',*,*,#3107,.F.);
#6862 = ORIENTED_EDGE('',*,*,#6863,.T.);
#6863 = EDGE_CURVE('',#3085,#6864,#6866,.T.);
#6864 = VERTEX_POINT('',#6865);
#6865 = CARTESIAN_POINT('',(73.5,6.4,2.4));
#6866 = SURFACE_CURVE('',#6867,(#6871,#6878),.PCURVE_S1.);
#6867 = LINE('',#6868,#6869);
#6868 = CARTESIAN_POINT('',(36.7,6.4,2.4));
#6869 = VECTOR('',#6870,1.);
#6870 = DIRECTION('',(-1.,-0.,0.));
#6871 = PCURVE('',#2913,#6872);
#6872 = DEFINITIONAL_REPRESENTATION('',(#6873),#6877);
#6873 = LINE('',#6874,#6875);
#6874 = CARTESIAN_POINT('',(-0.2,-37.7));
#6875 = VECTOR('',#6876,1.);
#6876 = DIRECTION('',(0.,-1.));
#6877 = ( GEOMETRIC_REPRESENTATION_CONTEXT(2) 
PARAMETRIC_REPRESENTATION_CONTEXT() REPRESENTATION_CONTEXT('2D SPACE',''
  ) );
#6878 = PCURVE('',#3025,#6879);
#6879 = DEFINITIONAL_REPRESENTATION('',(#6880),#6883);
#6880 = B_SPLINE_CURVE_WITH_KNOTS('',1,(#6881,#6882),.UNSPECIFIED.,.F.,
  .F.,(2,2),(-37.9,-36.7),.PIECEWISE_BEZIER_KNOTS.);
#6881 = CARTESIAN_POINT('',(74.6,6.400000000109));
#6882 = CARTESIAN_POINT('',(73.4,6.400000000109));
#6883 = ( GEOMETRIC_REPRESENTATION_CONTEXT(2) 
PARAMETRIC_REPRESENTATION_CONTEXT() REPRESENTATION_CONTEXT('2D SPACE',''
  ) );
#6884 = ORIENTED_EDGE('',*,*,#6885,.F.);
#6885 = EDGE_CURVE('',#6886,#6864,#6888,.T.);
#6886 = VERTEX_POINT('',#6887);
#6887 = CARTESIAN_POINT('',(73.5,6.4,5.));
#6888 = SURFACE_CURVE('',#6889,(#6893,#6900),.PCURVE_S1.);
#6889 = LINE('',#6890,#6891);
#6890 = CARTESIAN_POINT('',(73.5,6.4,1.75));
#6891 = VECTOR('',#6892,1.);
#6892 = DIRECTION('',(0.,0.,-1.));
#6893 = PCURVE('',#2913,#6894);
#6894 = DEFINITIONAL_REPRESENTATION('',(#6895),#6899);
#6895 = LINE('',#6896,#6897);
#6896 = CARTESIAN_POINT('',(-0.85,-0.9));
#6897 = VECTOR('',#6898,1.);
#6898 = DIRECTION('',(-1.,0.));
#6899 = ( GEOMETRIC_REPRESENTATION_CONTEXT(2) 
PARAMETRIC_REPRESENTATION_CONTEXT() REPRESENTATION_CONTEXT('2D SPACE',''
  ) );
#6900 = PCURVE('',#6580,#6901);
#6901 = DEFINITIONAL_REPRESENTATION('',(#6902),#6905);
#6902 = B_SPLINE_CURVE_WITH_KNOTS('',1,(#6903,#6904),.UNSPECIFIED.,.F.,
  .F.,(2,2),(-3.25,-0.65),.PIECEWISE_BEZIER_KNOTS.);
#6903 = CARTESIAN_POINT('',(16.395,-2.6));
#6904 = CARTESIAN_POINT('',(16.395,0.));
#6905 = ( GEOMETRIC_REPRESENTATION_CONTEXT(2) 
PARAMETRIC_REPRESENTATION_CONTEXT() REPRESENTATION_CONTEXT('2D SPACE',''
  ) );
#6906 = ORIENTED_EDGE('',*,*,#6907,.T.);
#6907 = EDGE_CURVE('',#6886,#6908,#6910,.T.);
#6908 = VERTEX_POINT('',#6909);
#6909 = CARTESIAN_POINT('',(74.6,6.4,5.));
#6910 = SURFACE_CURVE('',#6911,(#6915,#6922),.PCURVE_S1.);
#6911 = LINE('',#6912,#6913);
#6912 = CARTESIAN_POINT('',(73.4,6.4,5.));
#6913 = VECTOR('',#6914,1.);
#6914 = DIRECTION('',(1.,0.,-0.));
#6915 = PCURVE('',#2913,#6916);
#6916 = DEFINITIONAL_REPRESENTATION('',(#6917),#6921);
#6917 = LINE('',#6918,#6919);
#6918 = CARTESIAN_POINT('',(2.4,-1.));
#6919 = VECTOR('',#6920,1.);
#6920 = DIRECTION('',(0.,1.));
#6921 = ( GEOMETRIC_REPRESENTATION_CONTEXT(2) 
PARAMETRIC_REPRESENTATION_CONTEXT() REPRESENTATION_CONTEXT('2D SPACE',''
  ) );
#6922 = PCURVE('',#6923,#6928);
#6923 = PLANE('',#6924);
#6924 = AXIS2_PLACEMENT_3D('',#6925,#6926,#6927);
#6925 = CARTESIAN_POINT('',(73.4,6.4,5.));
#6926 = DIRECTION('',(0.,0.,1.));
#6927 = DIRECTION('',(1.,0.,-0.));
#6928 = DEFINITIONAL_REPRESENTATION('',(#6929),#6933);
#6929 = LINE('',#6930,#6931);
#6930 = CARTESIAN_POINT('',(0.,0.));
#6931 = VECTOR('',#6932,1.);
#6932 = DIRECTION('',(1.,0.));
#6933 = ( GEOMETRIC_REPRESENTATION_CONTEXT(2) 
PARAMETRIC_REPRESENTATION_CONTEXT() REPRESENTATION_CONTEXT('2D SPACE',''
  ) );
#6934 = ORIENTED_EDGE('',*,*,#6935,.F.);
#6935 = EDGE_CURVE('',#6791,#6908,#6936,.T.);
#6936 = SURFACE_CURVE('',#6937,(#6941,#6948),.PCURVE_S1.);
#6937 = LINE('',#6938,#6939);
#6938 = CARTESIAN_POINT('',(74.6,6.4,1.1));
#6939 = VECTOR('',#6940,1.);
#6940 = DIRECTION('',(0.,0.,1.));
#6941 = PCURVE('',#2913,#6942);
#6942 = DEFINITIONAL_REPRESENTATION('',(#6943),#6947);
#6943 = LINE('',#6944,#6945);
#6944 = CARTESIAN_POINT('',(-1.5,0.2));
#6945 = VECTOR('',#6946,1.);
#6946 = DIRECTION('',(1.,0.));
#6947 = ( GEOMETRIC_REPRESENTATION_CONTEXT(2) 
PARAMETRIC_REPRESENTATION_CONTEXT() REPRESENTATION_CONTEXT('2D SPACE',''
  ) );
#6948 = PCURVE('',#6805,#6949);
#6949 = DEFINITIONAL_REPRESENTATION('',(#6950),#6954);
#6950 = LINE('',#6951,#6952);
#6951 = CARTESIAN_POINT('',(16.495,2.22044604925E-16));
#6952 = VECTOR('',#6953,1.);
#6953 = DIRECTION('',(0.,-1.));
#6954 = ( GEOMETRIC_REPRESENTATION_CONTEXT(2) 
PARAMETRIC_REPRESENTATION_CONTEXT() REPRESENTATION_CONTEXT('2D SPACE',''
  ) );
#6955 = ORIENTED_EDGE('',*,*,#6816,.T.);
#6956 = ORIENTED_EDGE('',*,*,#2898,.T.);
#6957 = ADVANCED_FACE('',(#6958),#2964,.F.);
#6958 = FACE_BOUND('',#6959,.F.);
#6959 = EDGE_LOOP('',(#6960,#6981,#6982,#7004,#7026,#7049,#7070,#7071));
#6960 = ORIENTED_EDGE('',*,*,#6961,.F.);
#6961 = EDGE_CURVE('',#3131,#2926,#6962,.T.);
#6962 = SURFACE_CURVE('',#6963,(#6967,#6974),.PCURVE_S1.);
#6963 = LINE('',#6964,#6965);
#6964 = CARTESIAN_POINT('',(74.4,9.6,2.6));
#6965 = VECTOR('',#6966,1.);
#6966 = DIRECTION('',(1.,0.,-0.));
#6967 = PCURVE('',#2964,#6968);
#6968 = DEFINITIONAL_REPRESENTATION('',(#6969),#6973);
#6969 = LINE('',#6970,#6971);
#6970 = CARTESIAN_POINT('',(0.,0.));
#6971 = VECTOR('',#6972,1.);
#6972 = DIRECTION('',(0.,1.));
#6973 = ( GEOMETRIC_REPRESENTATION_CONTEXT(2) 
PARAMETRIC_REPRESENTATION_CONTEXT() REPRESENTATION_CONTEXT('2D SPACE',''
  ) );
#6974 = PCURVE('',#2940,#6975);
#6975 = DEFINITIONAL_REPRESENTATION('',(#6976),#6980);
#6976 = LINE('',#6977,#6978);
#6977 = CARTESIAN_POINT('',(0.,3.2));
#6978 = VECTOR('',#6979,1.);
#6979 = DIRECTION('',(1.,0.));
#6980 = ( GEOMETRIC_REPRESENTATION_CONTEXT(2) 
PARAMETRIC_REPRESENTATION_CONTEXT() REPRESENTATION_CONTEXT('2D SPACE',''
  ) );
#6981 = ORIENTED_EDGE('',*,*,#3151,.F.);
#6982 = ORIENTED_EDGE('',*,*,#6983,.T.);
#6983 = EDGE_CURVE('',#3152,#6984,#6986,.T.);
#6984 = VERTEX_POINT('',#6985);
#6985 = CARTESIAN_POINT('',(73.5,9.6,2.4));
#6986 = SURFACE_CURVE('',#6987,(#6991,#6998),.PCURVE_S1.);
#6987 = LINE('',#6988,#6989);
#6988 = CARTESIAN_POINT('',(36.7,9.6,2.4));
#6989 = VECTOR('',#6990,1.);
#6990 = DIRECTION('',(-1.,-0.,0.));
#6991 = PCURVE('',#2964,#6992);
#6992 = DEFINITIONAL_REPRESENTATION('',(#6993),#6997);
#6993 = LINE('',#6994,#6995);
#6994 = CARTESIAN_POINT('',(-0.2,-37.7));
#6995 = VECTOR('',#6996,1.);
#6996 = DIRECTION('',(0.,-1.));
#6997 = ( GEOMETRIC_REPRESENTATION_CONTEXT(2) 
PARAMETRIC_REPRESENTATION_CONTEXT() REPRESENTATION_CONTEXT('2D SPACE',''
  ) );
#6998 = PCURVE('',#3190,#6999);
#6999 = DEFINITIONAL_REPRESENTATION('',(#7000),#7003);
#7000 = B_SPLINE_CURVE_WITH_KNOTS('',1,(#7001,#7002),.UNSPECIFIED.,.F.,
  .F.,(2,2),(-37.9,-36.7),.PIECEWISE_BEZIER_KNOTS.);
#7001 = CARTESIAN_POINT('',(74.6,9.600000000109));
#7002 = CARTESIAN_POINT('',(73.4,9.600000000109));
#7003 = ( GEOMETRIC_REPRESENTATION_CONTEXT(2) 
PARAMETRIC_REPRESENTATION_CONTEXT() REPRESENTATION_CONTEXT('2D SPACE',''
  ) );
#7004 = ORIENTED_EDGE('',*,*,#7005,.F.);
#7005 = EDGE_CURVE('',#7006,#6984,#7008,.T.);
#7006 = VERTEX_POINT('',#7007);
#7007 = CARTESIAN_POINT('',(73.5,9.6,5.));
#7008 = SURFACE_CURVE('',#7009,(#7013,#7020),.PCURVE_S1.);
#7009 = LINE('',#7010,#7011);
#7010 = CARTESIAN_POINT('',(73.5,9.6,1.75));
#7011 = VECTOR('',#7012,1.);
#7012 = DIRECTION('',(0.,0.,-1.));
#7013 = PCURVE('',#2964,#7014);
#7014 = DEFINITIONAL_REPRESENTATION('',(#7015),#7019);
#7015 = LINE('',#7016,#7017);
#7016 = CARTESIAN_POINT('',(-0.85,-0.9));
#7017 = VECTOR('',#7018,1.);
#7018 = DIRECTION('',(-1.,0.));
#7019 = ( GEOMETRIC_REPRESENTATION_CONTEXT(2) 
PARAMETRIC_REPRESENTATION_CONTEXT() REPRESENTATION_CONTEXT('2D SPACE',''
  ) );
#7020 = PCURVE('',#6580,#7021);
#7021 = DEFINITIONAL_REPRESENTATION('',(#7022),#7025);
#7022 = B_SPLINE_CURVE_WITH_KNOTS('',1,(#7023,#7024),.UNSPECIFIED.,.F.,
  .F.,(2,2),(-3.25,-0.65),.PIECEWISE_BEZIER_KNOTS.);
#7023 = CARTESIAN_POINT('',(19.595,-2.6));
#7024 = CARTESIAN_POINT('',(19.595,0.));
#7025 = ( GEOMETRIC_REPRESENTATION_CONTEXT(2) 
PARAMETRIC_REPRESENTATION_CONTEXT() REPRESENTATION_CONTEXT('2D SPACE',''
  ) );
#7026 = ORIENTED_EDGE('',*,*,#7027,.T.);
#7027 = EDGE_CURVE('',#7006,#7028,#7030,.T.);
#7028 = VERTEX_POINT('',#7029);
#7029 = CARTESIAN_POINT('',(74.6,9.6,5.));
#7030 = SURFACE_CURVE('',#7031,(#7035,#7042),.PCURVE_S1.);
#7031 = LINE('',#7032,#7033);
#7032 = CARTESIAN_POINT('',(73.4,9.6,5.));
#7033 = VECTOR('',#7034,1.);
#7034 = DIRECTION('',(1.,0.,-0.));
#7035 = PCURVE('',#2964,#7036);
#7036 = DEFINITIONAL_REPRESENTATION('',(#7037),#7041);
#7037 = LINE('',#7038,#7039);
#7038 = CARTESIAN_POINT('',(2.4,-1.));
#7039 = VECTOR('',#7040,1.);
#7040 = DIRECTION('',(0.,1.));
#7041 = ( GEOMETRIC_REPRESENTATION_CONTEXT(2) 
PARAMETRIC_REPRESENTATION_CONTEXT() REPRESENTATION_CONTEXT('2D SPACE',''
  ) );
#7042 = PCURVE('',#6923,#7043);
#7043 = DEFINITIONAL_REPRESENTATION('',(#7044),#7048);
#7044 = LINE('',#7045,#7046);
#7045 = CARTESIAN_POINT('',(0.,3.2));
#7046 = VECTOR('',#7047,1.);
#7047 = DIRECTION('',(1.,0.));
#7048 = ( GEOMETRIC_REPRESENTATION_CONTEXT(2) 
PARAMETRIC_REPRESENTATION_CONTEXT() REPRESENTATION_CONTEXT('2D SPACE',''
  ) );
#7049 = ORIENTED_EDGE('',*,*,#7050,.F.);
#7050 = EDGE_CURVE('',#6768,#7028,#7051,.T.);
#7051 = SURFACE_CURVE('',#7052,(#7056,#7063),.PCURVE_S1.);
#7052 = LINE('',#7053,#7054);
#7053 = CARTESIAN_POINT('',(74.6,9.6,1.1));
#7054 = VECTOR('',#7055,1.);
#7055 = DIRECTION('',(0.,0.,1.));
#7056 = PCURVE('',#2964,#7057);
#7057 = DEFINITIONAL_REPRESENTATION('',(#7058),#7062);
#7058 = LINE('',#7059,#7060);
#7059 = CARTESIAN_POINT('',(-1.5,0.2));
#7060 = VECTOR('',#7061,1.);
#7061 = DIRECTION('',(1.,0.));
#7062 = ( GEOMETRIC_REPRESENTATION_CONTEXT(2) 
PARAMETRIC_REPRESENTATION_CONTEXT() REPRESENTATION_CONTEXT('2D SPACE',''
  ) );
#7063 = PCURVE('',#6805,#7064);
#7064 = DEFINITIONAL_REPRESENTATION('',(#7065),#7069);
#7065 = LINE('',#7066,#7067);
#7066 = CARTESIAN_POINT('',(19.695,2.22044604925E-16));
#7067 = VECTOR('',#7068,1.);
#7068 = DIRECTION('',(0.,-1.));
#7069 = ( GEOMETRIC_REPRESENTATION_CONTEXT(2) 
PARAMETRIC_REPRESENTATION_CONTEXT() REPRESENTATION_CONTEXT('2D SPACE',''
  ) );
#7070 = ORIENTED_EDGE('',*,*,#6767,.T.);
#7071 = ORIENTED_EDGE('',*,*,#2951,.T.);
#7072 = ADVANCED_FACE('',(#7073),#2940,.T.);
#7073 = FACE_BOUND('',#7074,.T.);
#7074 = EDGE_LOOP('',(#7075,#7076,#7077,#7078));
#7075 = ORIENTED_EDGE('',*,*,#6961,.F.);
#7076 = ORIENTED_EDGE('',*,*,#3130,.F.);
#7077 = ORIENTED_EDGE('',*,*,#6841,.T.);
#7078 = ORIENTED_EDGE('',*,*,#2925,.T.);
#7079 = ADVANCED_FACE('',(#7080),#2998,.T.);
#7080 = FACE_BOUND('',#7081,.T.);
#7081 = EDGE_LOOP('',(#7082,#7083,#7084,#7105,#7138,#7164,#7197,#7216));
#7082 = ORIENTED_EDGE('',*,*,#6419,.F.);
#7083 = ORIENTED_EDGE('',*,*,#3734,.T.);
#7084 = ORIENTED_EDGE('',*,*,#7085,.T.);
#7085 = EDGE_CURVE('',#3737,#7086,#7088,.T.);
#7086 = VERTEX_POINT('',#7087);
#7087 = CARTESIAN_POINT('',(74.219,-4.020815986819,2.4));
#7088 = SURFACE_CURVE('',#7089,(#7093,#7099),.PCURVE_S1.);
#7089 = LINE('',#7090,#7091);
#7090 = CARTESIAN_POINT('',(74.219,-5.440026909432E-11,2.4));
#7091 = VECTOR('',#7092,1.);
#7092 = DIRECTION('',(0.,1.,0.));
#7093 = PCURVE('',#2998,#7094);
#7094 = DEFINITIONAL_REPRESENTATION('',(#7095),#7098);
#7095 = B_SPLINE_CURVE_WITH_KNOTS('',1,(#7096,#7097),.UNSPECIFIED.,.F.,
  .F.,(2,2),(-6.199999999946,6.200000000054),.PIECEWISE_BEZIER_KNOTS.);
#7096 = CARTESIAN_POINT('',(-6.2,-1.72));
#7097 = CARTESIAN_POINT('',(6.2,-1.72));
#7098 = ( GEOMETRIC_REPRESENTATION_CONTEXT(2) 
PARAMETRIC_REPRESENTATION_CONTEXT() REPRESENTATION_CONTEXT('2D SPACE',''
  ) );
#7099 = PCURVE('',#3606,#7100);
#7100 = DEFINITIONAL_REPRESENTATION('',(#7101),#7104);
#7101 = B_SPLINE_CURVE_WITH_KNOTS('',1,(#7102,#7103),.UNSPECIFIED.,.F.,
  .F.,(2,2),(-6.199999999946,6.200000000054),.PIECEWISE_BEZIER_KNOTS.);
#7102 = CARTESIAN_POINT('',(74.219,-6.199999999891));
#7103 = CARTESIAN_POINT('',(74.219,6.200000000109));
#7104 = ( GEOMETRIC_REPRESENTATION_CONTEXT(2) 
PARAMETRIC_REPRESENTATION_CONTEXT() REPRESENTATION_CONTEXT('2D SPACE',''
  ) );
#7105 = ORIENTED_EDGE('',*,*,#7106,.T.);
#7106 = EDGE_CURVE('',#7086,#7107,#7109,.T.);
#7107 = VERTEX_POINT('',#7108);
#7108 = CARTESIAN_POINT('',(74.219,-3.04,6.1));
#7109 = SURFACE_CURVE('',#7110,(#7115,#7126),.PCURVE_S1.);
#7110 = CIRCLE('',#7111,1.98);
#7111 = AXIS2_PLACEMENT_3D('',#7112,#7113,#7114);
#7112 = CARTESIAN_POINT('',(74.219,-3.04,4.12));
#7113 = DIRECTION('',(-1.,0.,0.));
#7114 = DIRECTION('',(0.,1.,0.));
#7115 = PCURVE('',#2998,#7116);
#7116 = DEFINITIONAL_REPRESENTATION('',(#7117),#7125);
#7117 = ( BOUNDED_CURVE() B_SPLINE_CURVE(2,(#7118,#7119,#7120,#7121,
#7122,#7123,#7124),.UNSPECIFIED.,.T.,.F.) B_SPLINE_CURVE_WITH_KNOTS((1,2
    ,2,2,2,1),(-2.094395102393,0.,2.094395102393,4.188790204786,
6.28318530718,8.377580409573),.UNSPECIFIED.) CURVE() 
GEOMETRIC_REPRESENTATION_ITEM() RATIONAL_B_SPLINE_CURVE((1.,0.5,1.,0.5,
1.,0.5,1.)) REPRESENTATION_ITEM('') );
#7118 = CARTESIAN_POINT('',(-1.06,0.));
#7119 = CARTESIAN_POINT('',(-1.06,-3.429460598986));
#7120 = CARTESIAN_POINT('',(-4.03,-1.714730299493));
#7121 = CARTESIAN_POINT('',(-7.,-4.849601324624E-16));
#7122 = CARTESIAN_POINT('',(-4.03,1.714730299493));
#7123 = CARTESIAN_POINT('',(-1.06,3.429460598986));
#7124 = CARTESIAN_POINT('',(-1.06,0.));
#7125 = ( GEOMETRIC_REPRESENTATION_CONTEXT(2) 
PARAMETRIC_REPRESENTATION_CONTEXT() REPRESENTATION_CONTEXT('2D SPACE',''
  ) );
#7126 = PCURVE('',#7127,#7132);
#7127 = CYLINDRICAL_SURFACE('',#7128,1.98);
#7128 = AXIS2_PLACEMENT_3D('',#7129,#7130,#7131);
#7129 = CARTESIAN_POINT('',(72.5,-3.04,4.12));
#7130 = DIRECTION('',(-1.,-0.,-0.));
#7131 = DIRECTION('',(0.,1.,0.));
#7132 = DEFINITIONAL_REPRESENTATION('',(#7133),#7137);
#7133 = LINE('',#7134,#7135);
#7134 = CARTESIAN_POINT('',(-6.28318530718,-1.719));
#7135 = VECTOR('',#7136,1.);
#7136 = DIRECTION('',(1.,-0.));
#7137 = ( GEOMETRIC_REPRESENTATION_CONTEXT(2) 
PARAMETRIC_REPRESENTATION_CONTEXT() REPRESENTATION_CONTEXT('2D SPACE',''
  ) );
#7138 = ORIENTED_EDGE('',*,*,#7139,.T.);
#7139 = EDGE_CURVE('',#7107,#7140,#7142,.T.);
#7140 = VERTEX_POINT('',#7141);
#7141 = CARTESIAN_POINT('',(74.219,3.04,6.1));
#7142 = SURFACE_CURVE('',#7143,(#7147,#7153),.PCURVE_S1.);
#7143 = LINE('',#7144,#7145);
#7144 = CARTESIAN_POINT('',(74.219,-1.52,6.1));
#7145 = VECTOR('',#7146,1.);
#7146 = DIRECTION('',(0.,1.,0.));
#7147 = PCURVE('',#2998,#7148);
#7148 = DEFINITIONAL_REPRESENTATION('',(#7149),#7152);
#7149 = B_SPLINE_CURVE_WITH_KNOTS('',1,(#7150,#7151),.UNSPECIFIED.,.F.,
  .F.,(2,2),(-1.52,4.56),.PIECEWISE_BEZIER_KNOTS.);
#7150 = CARTESIAN_POINT('',(-3.04,1.98));
#7151 = CARTESIAN_POINT('',(3.04,1.98));
#7152 = ( GEOMETRIC_REPRESENTATION_CONTEXT(2) 
PARAMETRIC_REPRESENTATION_CONTEXT() REPRESENTATION_CONTEXT('2D SPACE',''
  ) );
#7153 = PCURVE('',#7154,#7159);
#7154 = PLANE('',#7155);
#7155 = AXIS2_PLACEMENT_3D('',#7156,#7157,#7158);
#7156 = CARTESIAN_POINT('',(72.5,-3.04,6.1));
#7157 = DIRECTION('',(0.,0.,1.));
#7158 = DIRECTION('',(0.,1.,0.));
#7159 = DEFINITIONAL_REPRESENTATION('',(#7160),#7163);
#7160 = B_SPLINE_CURVE_WITH_KNOTS('',1,(#7161,#7162),.UNSPECIFIED.,.F.,
  .F.,(2,2),(-1.52,4.56),.PIECEWISE_BEZIER_KNOTS.);
#7161 = CARTESIAN_POINT('',(0.,-1.719));
#7162 = CARTESIAN_POINT('',(6.08,-1.719));
#7163 = ( GEOMETRIC_REPRESENTATION_CONTEXT(2) 
PARAMETRIC_REPRESENTATION_CONTEXT() REPRESENTATION_CONTEXT('2D SPACE',''
  ) );
#7164 = ORIENTED_EDGE('',*,*,#7165,.T.);
#7165 = EDGE_CURVE('',#7140,#7166,#7168,.T.);
#7166 = VERTEX_POINT('',#7167);
#7167 = CARTESIAN_POINT('',(74.219,4.020815986819,2.4));
#7168 = SURFACE_CURVE('',#7169,(#7174,#7185),.PCURVE_S1.);
#7169 = CIRCLE('',#7170,1.98);
#7170 = AXIS2_PLACEMENT_3D('',#7171,#7172,#7173);
#7171 = CARTESIAN_POINT('',(74.219,3.04,4.12));
#7172 = DIRECTION('',(-1.,0.,-0.));
#7173 = DIRECTION('',(0.,0.,-1.));
#7174 = PCURVE('',#2998,#7175);
#7175 = DEFINITIONAL_REPRESENTATION('',(#7176),#7184);
#7176 = ( BOUNDED_CURVE() B_SPLINE_CURVE(2,(#7177,#7178,#7179,#7180,
#7181,#7182,#7183),.UNSPECIFIED.,.T.,.F.) B_SPLINE_CURVE_WITH_KNOTS((1,2
    ,2,2,2,1),(-2.094395102393,0.,2.094395102393,4.188790204786,
6.28318530718,8.377580409573),.UNSPECIFIED.) CURVE() 
GEOMETRIC_REPRESENTATION_ITEM() RATIONAL_B_SPLINE_CURVE((1.,0.5,1.,0.5,
1.,0.5,1.)) REPRESENTATION_ITEM('') );
#7177 = CARTESIAN_POINT('',(3.04,-1.98));
#7178 = CARTESIAN_POINT('',(-0.389460598986,-1.98));
#7179 = CARTESIAN_POINT('',(1.325269700507,0.99));
#7180 = CARTESIAN_POINT('',(3.04,3.96));
#7181 = CARTESIAN_POINT('',(4.754730299493,0.99));
#7182 = CARTESIAN_POINT('',(6.469460598986,-1.98));
#7183 = CARTESIAN_POINT('',(3.04,-1.98));
#7184 = ( GEOMETRIC_REPRESENTATION_CONTEXT(2) 
PARAMETRIC_REPRESENTATION_CONTEXT() REPRESENTATION_CONTEXT('2D SPACE',''
  ) );
#7185 = PCURVE('',#7186,#7191);
#7186 = CYLINDRICAL_SURFACE('',#7187,1.98);
#7187 = AXIS2_PLACEMENT_3D('',#7188,#7189,#7190);
#7188 = CARTESIAN_POINT('',(72.5,3.04,4.12));
#7189 = DIRECTION('',(-1.,0.,-0.));
#7190 = DIRECTION('',(0.,0.,-1.));
#7191 = DEFINITIONAL_REPRESENTATION('',(#7192),#7196);
#7192 = LINE('',#7193,#7194);
#7193 = CARTESIAN_POINT('',(-6.28318530718,-1.719));
#7194 = VECTOR('',#7195,1.);
#7195 = DIRECTION('',(1.,-0.));
#7196 = ( GEOMETRIC_REPRESENTATION_CONTEXT(2) 
PARAMETRIC_REPRESENTATION_CONTEXT() REPRESENTATION_CONTEXT('2D SPACE',''
  ) );
#7197 = ORIENTED_EDGE('',*,*,#7198,.T.);
#7198 = EDGE_CURVE('',#7166,#2980,#7199,.T.);
#7199 = SURFACE_CURVE('',#7200,(#7204,#7210),.PCURVE_S1.);
#7200 = LINE('',#7201,#7202);
#7201 = CARTESIAN_POINT('',(74.219,-5.440026909432E-11,2.4));
#7202 = VECTOR('',#7203,1.);
#7203 = DIRECTION('',(0.,1.,0.));
#7204 = PCURVE('',#2998,#7205);
#7205 = DEFINITIONAL_REPRESENTATION('',(#7206),#7209);
#7206 = B_SPLINE_CURVE_WITH_KNOTS('',1,(#7207,#7208),.UNSPECIFIED.,.F.,
  .F.,(2,2),(-6.199999999946,6.200000000054),.PIECEWISE_BEZIER_KNOTS.);
#7207 = CARTESIAN_POINT('',(-6.2,-1.72));
#7208 = CARTESIAN_POINT('',(6.2,-1.72));
#7209 = ( GEOMETRIC_REPRESENTATION_CONTEXT(2) 
PARAMETRIC_REPRESENTATION_CONTEXT() REPRESENTATION_CONTEXT('2D SPACE',''
  ) );
#7210 = PCURVE('',#3025,#7211);
#7211 = DEFINITIONAL_REPRESENTATION('',(#7212),#7215);
#7212 = B_SPLINE_CURVE_WITH_KNOTS('',1,(#7213,#7214),.UNSPECIFIED.,.F.,
  .F.,(2,2),(-6.199999999946,6.200000000054),.PIECEWISE_BEZIER_KNOTS.);
#7213 = CARTESIAN_POINT('',(74.219,-6.199999999891));
#7214 = CARTESIAN_POINT('',(74.219,6.200000000109));
#7215 = ( GEOMETRIC_REPRESENTATION_CONTEXT(2) 
PARAMETRIC_REPRESENTATION_CONTEXT() REPRESENTATION_CONTEXT('2D SPACE',''
  ) );
#7216 = ORIENTED_EDGE('',*,*,#2979,.T.);
#7217 = ADVANCED_FACE('',(#7218),#3025,.F.);
#7218 = FACE_BOUND('',#7219,.F.);
#7219 = EDGE_LOOP('',(#7220,#7221,#7222,#7245,#7264,#7265));
#7220 = ORIENTED_EDGE('',*,*,#3084,.F.);
#7221 = ORIENTED_EDGE('',*,*,#6863,.T.);
#7222 = ORIENTED_EDGE('',*,*,#7223,.F.);
#7223 = EDGE_CURVE('',#7224,#6864,#7226,.T.);
#7224 = VERTEX_POINT('',#7225);
#7225 = CARTESIAN_POINT('',(73.5,4.020815986819,2.4));
#7226 = SURFACE_CURVE('',#7227,(#7231,#7238),.PCURVE_S1.);
#7227 = LINE('',#7228,#7229);
#7228 = CARTESIAN_POINT('',(73.5,4.645173135032E-13,2.4));
#7229 = VECTOR('',#7230,1.);
#7230 = DIRECTION('',(0.,1.,0.));
#7231 = PCURVE('',#3025,#7232);
#7232 = DEFINITIONAL_REPRESENTATION('',(#7233),#7237);
#7233 = LINE('',#7234,#7235);
#7234 = CARTESIAN_POINT('',(73.5,1.092650555021E-10));
#7235 = VECTOR('',#7236,1.);
#7236 = DIRECTION('',(0.,1.));
#7237 = ( GEOMETRIC_REPRESENTATION_CONTEXT(2) 
PARAMETRIC_REPRESENTATION_CONTEXT() REPRESENTATION_CONTEXT('2D SPACE',''
  ) );
#7238 = PCURVE('',#6580,#7239);
#7239 = DEFINITIONAL_REPRESENTATION('',(#7240),#7244);
#7240 = LINE('',#7241,#7242);
#7241 = CARTESIAN_POINT('',(9.995000000001,0.));
#7242 = VECTOR('',#7243,1.);
#7243 = DIRECTION('',(1.,0.));
#7244 = ( GEOMETRIC_REPRESENTATION_CONTEXT(2) 
PARAMETRIC_REPRESENTATION_CONTEXT() REPRESENTATION_CONTEXT('2D SPACE',''
  ) );
#7245 = ORIENTED_EDGE('',*,*,#7246,.F.);
#7246 = EDGE_CURVE('',#7166,#7224,#7247,.T.);
#7247 = SURFACE_CURVE('',#7248,(#7252,#7258),.PCURVE_S1.);
#7248 = LINE('',#7249,#7250);
#7249 = CARTESIAN_POINT('',(72.5,4.020815986819,2.4));
#7250 = VECTOR('',#7251,1.);
#7251 = DIRECTION('',(-1.,0.,-0.));
#7252 = PCURVE('',#3025,#7253);
#7253 = DEFINITIONAL_REPRESENTATION('',(#7254),#7257);
#7254 = B_SPLINE_CURVE_WITH_KNOTS('',1,(#7255,#7256),.UNSPECIFIED.,.F.,
  .F.,(2,2),(-1.7190006,-0.89),.PIECEWISE_BEZIER_KNOTS.);
#7255 = CARTESIAN_POINT('',(74.2190006,4.020815986928));
#7256 = CARTESIAN_POINT('',(73.39,4.020815986928));
#7257 = ( GEOMETRIC_REPRESENTATION_CONTEXT(2) 
PARAMETRIC_REPRESENTATION_CONTEXT() REPRESENTATION_CONTEXT('2D SPACE',''
  ) );
#7258 = PCURVE('',#7186,#7259);
#7259 = DEFINITIONAL_REPRESENTATION('',(#7260),#7263);
#7260 = B_SPLINE_CURVE_WITH_KNOTS('',1,(#7261,#7262),.UNSPECIFIED.,.F.,
  .F.,(2,2),(-1.7190006,-0.89),.PIECEWISE_BEZIER_KNOTS.);
#7261 = CARTESIAN_POINT('',(-0.518251053656,-1.7190006));
#7262 = CARTESIAN_POINT('',(-0.518251053656,-0.89));
#7263 = ( GEOMETRIC_REPRESENTATION_CONTEXT(2) 
PARAMETRIC_REPRESENTATION_CONTEXT() REPRESENTATION_CONTEXT('2D SPACE',''
  ) );
#7264 = ORIENTED_EDGE('',*,*,#7198,.T.);
#7265 = ORIENTED_EDGE('',*,*,#3010,.F.);
#7266 = ADVANCED_FACE('',(#7267),#3190,.F.);
#7267 = FACE_BOUND('',#7268,.F.);
#7268 = EDGE_LOOP('',(#7269,#7270,#7271,#7272,#7273,#7274,#7275,#7276,
    #7299,#7328,#7356,#7384,#7413,#7441,#7470,#7498,#7526,#7555,#7576,
    #7577,#7578,#7579));
#7269 = ORIENTED_EDGE('',*,*,#3354,.F.);
#7270 = ORIENTED_EDGE('',*,*,#3408,.T.);
#7271 = ORIENTED_EDGE('',*,*,#3456,.F.);
#7272 = ORIENTED_EDGE('',*,*,#3488,.F.);
#7273 = ORIENTED_EDGE('',*,*,#3558,.F.);
#7274 = ORIENTED_EDGE('',*,*,#3642,.F.);
#7275 = ORIENTED_EDGE('',*,*,#6542,.T.);
#7276 = ORIENTED_EDGE('',*,*,#7277,.F.);
#7277 = EDGE_CURVE('',#7278,#6543,#7280,.T.);
#7278 = VERTEX_POINT('',#7279);
#7279 = CARTESIAN_POINT('',(73.5,-9.995,2.4));
#7280 = SURFACE_CURVE('',#7281,(#7285,#7292),.PCURVE_S1.);
#7281 = LINE('',#7282,#7283);
#7282 = CARTESIAN_POINT('',(73.5,4.645173135032E-13,2.4));
#7283 = VECTOR('',#7284,1.);
#7284 = DIRECTION('',(0.,1.,0.));
#7285 = PCURVE('',#3190,#7286);
#7286 = DEFINITIONAL_REPRESENTATION('',(#7287),#7291);
#7287 = LINE('',#7288,#7289);
#7288 = CARTESIAN_POINT('',(73.5,1.092650555021E-10));
#7289 = VECTOR('',#7290,1.);
#7290 = DIRECTION('',(0.,1.));
#7291 = ( GEOMETRIC_REPRESENTATION_CONTEXT(2) 
PARAMETRIC_REPRESENTATION_CONTEXT() REPRESENTATION_CONTEXT('2D SPACE',''
  ) );
#7292 = PCURVE('',#6580,#7293);
#7293 = DEFINITIONAL_REPRESENTATION('',(#7294),#7298);
#7294 = LINE('',#7295,#7296);
#7295 = CARTESIAN_POINT('',(9.995000000001,0.));
#7296 = VECTOR('',#7297,1.);
#7297 = DIRECTION('',(1.,0.));
#7298 = ( GEOMETRIC_REPRESENTATION_CONTEXT(2) 
PARAMETRIC_REPRESENTATION_CONTEXT() REPRESENTATION_CONTEXT('2D SPACE',''
  ) );
#7299 = ORIENTED_EDGE('',*,*,#7300,.F.);
#7300 = EDGE_CURVE('',#7301,#7278,#7303,.T.);
#7301 = VERTEX_POINT('',#7302);
#7302 = CARTESIAN_POINT('',(72.5,-10.995,2.4));
#7303 = SURFACE_CURVE('',#7304,(#7309,#7316),.PCURVE_S1.);
#7304 = CIRCLE('',#7305,1.);
#7305 = AXIS2_PLACEMENT_3D('',#7306,#7307,#7308);
#7306 = CARTESIAN_POINT('',(72.5,-9.995,2.4));
#7307 = DIRECTION('',(0.,0.,1.));
#7308 = DIRECTION('',(1.,0.,0.));
#7309 = PCURVE('',#3190,#7310);
#7310 = DEFINITIONAL_REPRESENTATION('',(#7311),#7315);
#7311 = CIRCLE('',#7312,1.);
#7312 = AXIS2_PLACEMENT_2D('',#7313,#7314);
#7313 = CARTESIAN_POINT('',(72.5,-9.994999999892));
#7314 = DIRECTION('',(1.,0.));
#7315 = ( GEOMETRIC_REPRESENTATION_CONTEXT(2) 
PARAMETRIC_REPRESENTATION_CONTEXT() REPRESENTATION_CONTEXT('2D SPACE',''
  ) );
#7316 = PCURVE('',#7317,#7322);
#7317 = CYLINDRICAL_SURFACE('',#7318,1.);
#7318 = AXIS2_PLACEMENT_3D('',#7319,#7320,#7321);
#7319 = CARTESIAN_POINT('',(72.5,-9.995,2.4));
#7320 = DIRECTION('',(-0.,-0.,-1.));
#7321 = DIRECTION('',(1.,0.,0.));
#7322 = DEFINITIONAL_REPRESENTATION('',(#7323),#7327);
#7323 = LINE('',#7324,#7325);
#7324 = CARTESIAN_POINT('',(-0.,0.));
#7325 = VECTOR('',#7326,1.);
#7326 = DIRECTION('',(-1.,0.));
#7327 = ( GEOMETRIC_REPRESENTATION_CONTEXT(2) 
PARAMETRIC_REPRESENTATION_CONTEXT() REPRESENTATION_CONTEXT('2D SPACE',''
  ) );
#7328 = ORIENTED_EDGE('',*,*,#7329,.F.);
#7329 = EDGE_CURVE('',#7330,#7301,#7332,.T.);
#7330 = VERTEX_POINT('',#7331);
#7331 = CARTESIAN_POINT('',(-70.,-10.995,2.4));
#7332 = SURFACE_CURVE('',#7333,(#7337,#7344),.PCURVE_S1.);
#7333 = LINE('',#7334,#7335);
#7334 = CARTESIAN_POINT('',(0.,-10.995,2.4));
#7335 = VECTOR('',#7336,1.);
#7336 = DIRECTION('',(1.,0.,0.));
#7337 = PCURVE('',#3190,#7338);
#7338 = DEFINITIONAL_REPRESENTATION('',(#7339),#7343);
#7339 = LINE('',#7340,#7341);
#7340 = CARTESIAN_POINT('',(1.793605149074E-15,-10.99499999989));
#7341 = VECTOR('',#7342,1.);
#7342 = DIRECTION('',(1.,0.));
#7343 = ( GEOMETRIC_REPRESENTATION_CONTEXT(2) 
PARAMETRIC_REPRESENTATION_CONTEXT() REPRESENTATION_CONTEXT('2D SPACE',''
  ) );
#7344 = PCURVE('',#7345,#7350);
#7345 = PLANE('',#7346);
#7346 = AXIS2_PLACEMENT_3D('',#7347,#7348,#7349);
#7347 = CARTESIAN_POINT('',(-72.5,-10.995,2.4));
#7348 = DIRECTION('',(0.,1.,0.));
#7349 = DIRECTION('',(1.,0.,0.));
#7350 = DEFINITIONAL_REPRESENTATION('',(#7351),#7355);
#7351 = LINE('',#7352,#7353);
#7352 = CARTESIAN_POINT('',(72.5,0.));
#7353 = VECTOR('',#7354,1.);
#7354 = DIRECTION('',(1.,0.));
#7355 = ( GEOMETRIC_REPRESENTATION_CONTEXT(2) 
PARAMETRIC_REPRESENTATION_CONTEXT() REPRESENTATION_CONTEXT('2D SPACE',''
  ) );
#7356 = ORIENTED_EDGE('',*,*,#7357,.F.);
#7357 = EDGE_CURVE('',#7358,#7330,#7360,.T.);
#7358 = VERTEX_POINT('',#7359);
#7359 = CARTESIAN_POINT('',(-72.5,-10.995,2.4));
#7360 = SURFACE_CURVE('',#7361,(#7365,#7372),.PCURVE_S1.);
#7361 = LINE('',#7362,#7363);
#7362 = CARTESIAN_POINT('',(0.,-10.995,2.4));
#7363 = VECTOR('',#7364,1.);
#7364 = DIRECTION('',(1.,0.,0.));
#7365 = PCURVE('',#3190,#7366);
#7366 = DEFINITIONAL_REPRESENTATION('',(#7367),#7371);
#7367 = LINE('',#7368,#7369);
#7368 = CARTESIAN_POINT('',(1.793605149074E-15,-10.99499999989));
#7369 = VECTOR('',#7370,1.);
#7370 = DIRECTION('',(1.,0.));
#7371 = ( GEOMETRIC_REPRESENTATION_CONTEXT(2) 
PARAMETRIC_REPRESENTATION_CONTEXT() REPRESENTATION_CONTEXT('2D SPACE',''
  ) );
#7372 = PCURVE('',#7373,#7378);
#7373 = PLANE('',#7374);
#7374 = AXIS2_PLACEMENT_3D('',#7375,#7376,#7377);
#7375 = CARTESIAN_POINT('',(-72.5,-10.995,2.4));
#7376 = DIRECTION('',(0.,1.,0.));
#7377 = DIRECTION('',(1.,0.,0.));
#7378 = DEFINITIONAL_REPRESENTATION('',(#7379),#7383);
#7379 = LINE('',#7380,#7381);
#7380 = CARTESIAN_POINT('',(72.5,0.));
#7381 = VECTOR('',#7382,1.);
#7382 = DIRECTION('',(1.,0.));
#7383 = ( GEOMETRIC_REPRESENTATION_CONTEXT(2) 
PARAMETRIC_REPRESENTATION_CONTEXT() REPRESENTATION_CONTEXT('2D SPACE',''
  ) );
#7384 = ORIENTED_EDGE('',*,*,#7385,.F.);
#7385 = EDGE_CURVE('',#7386,#7358,#7388,.T.);
#7386 = VERTEX_POINT('',#7387);
#7387 = CARTESIAN_POINT('',(-73.5,-9.995,2.4));
#7388 = SURFACE_CURVE('',#7389,(#7394,#7401),.PCURVE_S1.);
#7389 = CIRCLE('',#7390,1.);
#7390 = AXIS2_PLACEMENT_3D('',#7391,#7392,#7393);
#7391 = CARTESIAN_POINT('',(-72.5,-9.995,2.4));
#7392 = DIRECTION('',(0.,0.,1.));
#7393 = DIRECTION('',(1.,0.,0.));
#7394 = PCURVE('',#3190,#7395);
#7395 = DEFINITIONAL_REPRESENTATION('',(#7396),#7400);
#7396 = CIRCLE('',#7397,1.);
#7397 = AXIS2_PLACEMENT_2D('',#7398,#7399);
#7398 = CARTESIAN_POINT('',(-72.5,-9.994999999892));
#7399 = DIRECTION('',(1.,0.));
#7400 = ( GEOMETRIC_REPRESENTATION_CONTEXT(2) 
PARAMETRIC_REPRESENTATION_CONTEXT() REPRESENTATION_CONTEXT('2D SPACE',''
  ) );
#7401 = PCURVE('',#7402,#7407);
#7402 = CYLINDRICAL_SURFACE('',#7403,1.);
#7403 = AXIS2_PLACEMENT_3D('',#7404,#7405,#7406);
#7404 = CARTESIAN_POINT('',(-72.5,-9.995,2.4));
#7405 = DIRECTION('',(-0.,-0.,-1.));
#7406 = DIRECTION('',(1.,0.,0.));
#7407 = DEFINITIONAL_REPRESENTATION('',(#7408),#7412);
#7408 = LINE('',#7409,#7410);
#7409 = CARTESIAN_POINT('',(-0.,0.));
#7410 = VECTOR('',#7411,1.);
#7411 = DIRECTION('',(-1.,0.));
#7412 = ( GEOMETRIC_REPRESENTATION_CONTEXT(2) 
PARAMETRIC_REPRESENTATION_CONTEXT() REPRESENTATION_CONTEXT('2D SPACE',''
  ) );
#7413 = ORIENTED_EDGE('',*,*,#7414,.T.);
#7414 = EDGE_CURVE('',#7386,#7415,#7417,.T.);
#7415 = VERTEX_POINT('',#7416);
#7416 = CARTESIAN_POINT('',(-73.5,9.994999997139,2.4));
#7417 = SURFACE_CURVE('',#7418,(#7422,#7429),.PCURVE_S1.);
#7418 = LINE('',#7419,#7420);
#7419 = CARTESIAN_POINT('',(-73.5,4.645173135032E-13,2.4));
#7420 = VECTOR('',#7421,1.);
#7421 = DIRECTION('',(0.,1.,0.));
#7422 = PCURVE('',#3190,#7423);
#7423 = DEFINITIONAL_REPRESENTATION('',(#7424),#7428);
#7424 = LINE('',#7425,#7426);
#7425 = CARTESIAN_POINT('',(-73.5,1.092650555021E-10));
#7426 = VECTOR('',#7427,1.);
#7427 = DIRECTION('',(0.,1.));
#7428 = ( GEOMETRIC_REPRESENTATION_CONTEXT(2) 
PARAMETRIC_REPRESENTATION_CONTEXT() REPRESENTATION_CONTEXT('2D SPACE',''
  ) );
#7429 = PCURVE('',#7430,#7435);
#7430 = PLANE('',#7431);
#7431 = AXIS2_PLACEMENT_3D('',#7432,#7433,#7434);
#7432 = CARTESIAN_POINT('',(-73.5,-9.995,2.4));
#7433 = DIRECTION('',(-1.,0.,0.));
#7434 = DIRECTION('',(0.,1.,0.));
#7435 = DEFINITIONAL_REPRESENTATION('',(#7436),#7440);
#7436 = LINE('',#7437,#7438);
#7437 = CARTESIAN_POINT('',(9.995000000001,0.));
#7438 = VECTOR('',#7439,1.);
#7439 = DIRECTION('',(1.,0.));
#7440 = ( GEOMETRIC_REPRESENTATION_CONTEXT(2) 
PARAMETRIC_REPRESENTATION_CONTEXT() REPRESENTATION_CONTEXT('2D SPACE',''
  ) );
#7441 = ORIENTED_EDGE('',*,*,#7442,.F.);
#7442 = EDGE_CURVE('',#7443,#7415,#7445,.T.);
#7443 = VERTEX_POINT('',#7444);
#7444 = CARTESIAN_POINT('',(-72.5,10.99499999857,2.4));
#7445 = SURFACE_CURVE('',#7446,(#7451,#7458),.PCURVE_S1.);
#7446 = CIRCLE('',#7447,1.);
#7447 = AXIS2_PLACEMENT_3D('',#7448,#7449,#7450);
#7448 = CARTESIAN_POINT('',(-72.5,9.994999997139,2.4));
#7449 = DIRECTION('',(0.,0.,1.));
#7450 = DIRECTION('',(1.,0.,0.));
#7451 = PCURVE('',#3190,#7452);
#7452 = DEFINITIONAL_REPRESENTATION('',(#7453),#7457);
#7453 = CIRCLE('',#7454,1.);
#7454 = AXIS2_PLACEMENT_2D('',#7455,#7456);
#7455 = CARTESIAN_POINT('',(-72.5,9.994999997247));
#7456 = DIRECTION('',(1.,0.));
#7457 = ( GEOMETRIC_REPRESENTATION_CONTEXT(2) 
PARAMETRIC_REPRESENTATION_CONTEXT() REPRESENTATION_CONTEXT('2D SPACE',''
  ) );
#7458 = PCURVE('',#7459,#7464);
#7459 = CYLINDRICAL_SURFACE('',#7460,1.);
#7460 = AXIS2_PLACEMENT_3D('',#7461,#7462,#7463);
#7461 = CARTESIAN_POINT('',(-72.5,9.994999997139,2.4));
#7462 = DIRECTION('',(-0.,-0.,-1.));
#7463 = DIRECTION('',(1.,0.,0.));
#7464 = DEFINITIONAL_REPRESENTATION('',(#7465),#7469);
#7465 = LINE('',#7466,#7467);
#7466 = CARTESIAN_POINT('',(-0.,0.));
#7467 = VECTOR('',#7468,1.);
#7468 = DIRECTION('',(-1.,0.));
#7469 = ( GEOMETRIC_REPRESENTATION_CONTEXT(2) 
PARAMETRIC_REPRESENTATION_CONTEXT() REPRESENTATION_CONTEXT('2D SPACE',''
  ) );
#7470 = ORIENTED_EDGE('',*,*,#7471,.T.);
#7471 = EDGE_CURVE('',#7443,#7472,#7474,.T.);
#7472 = VERTEX_POINT('',#7473);
#7473 = CARTESIAN_POINT('',(-70.,10.995,2.4));
#7474 = SURFACE_CURVE('',#7475,(#7479,#7486),.PCURVE_S1.);
#7475 = LINE('',#7476,#7477);
#7476 = CARTESIAN_POINT('',(0.,10.995,2.4));
#7477 = VECTOR('',#7478,1.);
#7478 = DIRECTION('',(1.,0.,0.));
#7479 = PCURVE('',#3190,#7480);
#7480 = DEFINITIONAL_REPRESENTATION('',(#7481),#7485);
#7481 = LINE('',#7482,#7483);
#7482 = CARTESIAN_POINT('',(1.793605149074E-15,10.995000000109));
#7483 = VECTOR('',#7484,1.);
#7484 = DIRECTION('',(1.,0.));
#7485 = ( GEOMETRIC_REPRESENTATION_CONTEXT(2) 
PARAMETRIC_REPRESENTATION_CONTEXT() REPRESENTATION_CONTEXT('2D SPACE',''
  ) );
#7486 = PCURVE('',#7487,#7492);
#7487 = PLANE('',#7488);
#7488 = AXIS2_PLACEMENT_3D('',#7489,#7490,#7491);
#7489 = CARTESIAN_POINT('',(-72.5,10.995,2.4));
#7490 = DIRECTION('',(0.,1.,0.));
#7491 = DIRECTION('',(1.,0.,0.));
#7492 = DEFINITIONAL_REPRESENTATION('',(#7493),#7497);
#7493 = LINE('',#7494,#7495);
#7494 = CARTESIAN_POINT('',(72.5,0.));
#7495 = VECTOR('',#7496,1.);
#7496 = DIRECTION('',(1.,0.));
#7497 = ( GEOMETRIC_REPRESENTATION_CONTEXT(2) 
PARAMETRIC_REPRESENTATION_CONTEXT() REPRESENTATION_CONTEXT('2D SPACE',''
  ) );
#7498 = ORIENTED_EDGE('',*,*,#7499,.T.);
#7499 = EDGE_CURVE('',#7472,#7500,#7502,.T.);
#7500 = VERTEX_POINT('',#7501);
#7501 = CARTESIAN_POINT('',(72.5,10.99499999857,2.4));
#7502 = SURFACE_CURVE('',#7503,(#7507,#7514),.PCURVE_S1.);
#7503 = LINE('',#7504,#7505);
#7504 = CARTESIAN_POINT('',(0.,10.995,2.4));
#7505 = VECTOR('',#7506,1.);
#7506 = DIRECTION('',(1.,0.,0.));
#7507 = PCURVE('',#3190,#7508);
#7508 = DEFINITIONAL_REPRESENTATION('',(#7509),#7513);
#7509 = LINE('',#7510,#7511);
#7510 = CARTESIAN_POINT('',(1.793605149074E-15,10.995000000109));
#7511 = VECTOR('',#7512,1.);
#7512 = DIRECTION('',(1.,0.));
#7513 = ( GEOMETRIC_REPRESENTATION_CONTEXT(2) 
PARAMETRIC_REPRESENTATION_CONTEXT() REPRESENTATION_CONTEXT('2D SPACE',''
  ) );
#7514 = PCURVE('',#7515,#7520);
#7515 = PLANE('',#7516);
#7516 = AXIS2_PLACEMENT_3D('',#7517,#7518,#7519);
#7517 = CARTESIAN_POINT('',(-72.5,10.995,2.4));
#7518 = DIRECTION('',(0.,1.,0.));
#7519 = DIRECTION('',(1.,0.,0.));
#7520 = DEFINITIONAL_REPRESENTATION('',(#7521),#7525);
#7521 = LINE('',#7522,#7523);
#7522 = CARTESIAN_POINT('',(72.5,0.));
#7523 = VECTOR('',#7524,1.);
#7524 = DIRECTION('',(1.,0.));
#7525 = ( GEOMETRIC_REPRESENTATION_CONTEXT(2) 
PARAMETRIC_REPRESENTATION_CONTEXT() REPRESENTATION_CONTEXT('2D SPACE',''
  ) );
#7526 = ORIENTED_EDGE('',*,*,#7527,.F.);
#7527 = EDGE_CURVE('',#7528,#7500,#7530,.T.);
#7528 = VERTEX_POINT('',#7529);
#7529 = CARTESIAN_POINT('',(73.5,9.994999997139,2.4));
#7530 = SURFACE_CURVE('',#7531,(#7536,#7543),.PCURVE_S1.);
#7531 = CIRCLE('',#7532,1.);
#7532 = AXIS2_PLACEMENT_3D('',#7533,#7534,#7535);
#7533 = CARTESIAN_POINT('',(72.5,9.994999997139,2.4));
#7534 = DIRECTION('',(0.,0.,1.));
#7535 = DIRECTION('',(1.,0.,0.));
#7536 = PCURVE('',#3190,#7537);
#7537 = DEFINITIONAL_REPRESENTATION('',(#7538),#7542);
#7538 = CIRCLE('',#7539,1.);
#7539 = AXIS2_PLACEMENT_2D('',#7540,#7541);
#7540 = CARTESIAN_POINT('',(72.5,9.994999997247));
#7541 = DIRECTION('',(1.,0.));
#7542 = ( GEOMETRIC_REPRESENTATION_CONTEXT(2) 
PARAMETRIC_REPRESENTATION_CONTEXT() REPRESENTATION_CONTEXT('2D SPACE',''
  ) );
#7543 = PCURVE('',#7544,#7549);
#7544 = CYLINDRICAL_SURFACE('',#7545,1.);
#7545 = AXIS2_PLACEMENT_3D('',#7546,#7547,#7548);
#7546 = CARTESIAN_POINT('',(72.5,9.994999997139,2.4));
#7547 = DIRECTION('',(-0.,-0.,-1.));
#7548 = DIRECTION('',(1.,0.,0.));
#7549 = DEFINITIONAL_REPRESENTATION('',(#7550),#7554);
#7550 = LINE('',#7551,#7552);
#7551 = CARTESIAN_POINT('',(-0.,0.));
#7552 = VECTOR('',#7553,1.);
#7553 = DIRECTION('',(-1.,0.));
#7554 = ( GEOMETRIC_REPRESENTATION_CONTEXT(2) 
PARAMETRIC_REPRESENTATION_CONTEXT() REPRESENTATION_CONTEXT('2D SPACE',''
  ) );
#7555 = ORIENTED_EDGE('',*,*,#7556,.F.);
#7556 = EDGE_CURVE('',#6984,#7528,#7557,.T.);
#7557 = SURFACE_CURVE('',#7558,(#7562,#7569),.PCURVE_S1.);
#7558 = LINE('',#7559,#7560);
#7559 = CARTESIAN_POINT('',(73.5,4.645173135032E-13,2.4));
#7560 = VECTOR('',#7561,1.);
#7561 = DIRECTION('',(0.,1.,0.));
#7562 = PCURVE('',#3190,#7563);
#7563 = DEFINITIONAL_REPRESENTATION('',(#7564),#7568);
#7564 = LINE('',#7565,#7566);
#7565 = CARTESIAN_POINT('',(73.5,1.092650555021E-10));
#7566 = VECTOR('',#7567,1.);
#7567 = DIRECTION('',(0.,1.));
#7568 = ( GEOMETRIC_REPRESENTATION_CONTEXT(2) 
PARAMETRIC_REPRESENTATION_CONTEXT() REPRESENTATION_CONTEXT('2D SPACE',''
  ) );
#7569 = PCURVE('',#6580,#7570);
#7570 = DEFINITIONAL_REPRESENTATION('',(#7571),#7575);
#7571 = LINE('',#7572,#7573);
#7572 = CARTESIAN_POINT('',(9.995000000001,0.));
#7573 = VECTOR('',#7574,1.);
#7574 = DIRECTION('',(1.,0.));
#7575 = ( GEOMETRIC_REPRESENTATION_CONTEXT(2) 
PARAMETRIC_REPRESENTATION_CONTEXT() REPRESENTATION_CONTEXT('2D SPACE',''
  ) );
#7576 = ORIENTED_EDGE('',*,*,#6983,.F.);
#7577 = ORIENTED_EDGE('',*,*,#3174,.F.);
#7578 = ORIENTED_EDGE('',*,*,#3252,.F.);
#7579 = ORIENTED_EDGE('',*,*,#3306,.T.);
#7580 = ADVANCED_FACE('',(#7581),#3606,.F.);
#7581 = FACE_BOUND('',#7582,.F.);
#7582 = EDGE_LOOP('',(#7583,#7584,#7585,#7586,#7607,#7628));
#7583 = ORIENTED_EDGE('',*,*,#3588,.F.);
#7584 = ORIENTED_EDGE('',*,*,#3784,.T.);
#7585 = ORIENTED_EDGE('',*,*,#7085,.T.);
#7586 = ORIENTED_EDGE('',*,*,#7587,.T.);
#7587 = EDGE_CURVE('',#7086,#7588,#7590,.T.);
#7588 = VERTEX_POINT('',#7589);
#7589 = CARTESIAN_POINT('',(73.5,-4.020815986819,2.4));
#7590 = SURFACE_CURVE('',#7591,(#7595,#7601),.PCURVE_S1.);
#7591 = LINE('',#7592,#7593);
#7592 = CARTESIAN_POINT('',(72.5,-4.020815986819,2.4));
#7593 = VECTOR('',#7594,1.);
#7594 = DIRECTION('',(-1.,-0.,-0.));
#7595 = PCURVE('',#3606,#7596);
#7596 = DEFINITIONAL_REPRESENTATION('',(#7597),#7600);
#7597 = B_SPLINE_CURVE_WITH_KNOTS('',1,(#7598,#7599),.UNSPECIFIED.,.F.,
  .F.,(2,2),(-1.7190006,-0.89),.PIECEWISE_BEZIER_KNOTS.);
#7598 = CARTESIAN_POINT('',(74.2190006,-4.02081598671));
#7599 = CARTESIAN_POINT('',(73.39,-4.02081598671));
#7600 = ( GEOMETRIC_REPRESENTATION_CONTEXT(2) 
PARAMETRIC_REPRESENTATION_CONTEXT() REPRESENTATION_CONTEXT('2D SPACE',''
  ) );
#7601 = PCURVE('',#7127,#7602);
#7602 = DEFINITIONAL_REPRESENTATION('',(#7603),#7606);
#7603 = B_SPLINE_CURVE_WITH_KNOTS('',1,(#7604,#7605),.UNSPECIFIED.,.F.,
  .F.,(2,2),(-1.7190006,-0.89),.PIECEWISE_BEZIER_KNOTS.);
#7604 = CARTESIAN_POINT('',(-4.194137926728,-1.7190006));
#7605 = CARTESIAN_POINT('',(-4.194137926728,-0.89));
#7606 = ( GEOMETRIC_REPRESENTATION_CONTEXT(2) 
PARAMETRIC_REPRESENTATION_CONTEXT() REPRESENTATION_CONTEXT('2D SPACE',''
  ) );
#7607 = ORIENTED_EDGE('',*,*,#7608,.F.);
#7608 = EDGE_CURVE('',#6668,#7588,#7609,.T.);
#7609 = SURFACE_CURVE('',#7610,(#7614,#7621),.PCURVE_S1.);
#7610 = LINE('',#7611,#7612);
#7611 = CARTESIAN_POINT('',(73.5,4.645173135032E-13,2.4));
#7612 = VECTOR('',#7613,1.);
#7613 = DIRECTION('',(0.,1.,0.));
#7614 = PCURVE('',#3606,#7615);
#7615 = DEFINITIONAL_REPRESENTATION('',(#7616),#7620);
#7616 = LINE('',#7617,#7618);
#7617 = CARTESIAN_POINT('',(73.5,1.092650555021E-10));
#7618 = VECTOR('',#7619,1.);
#7619 = DIRECTION('',(0.,1.));
#7620 = ( GEOMETRIC_REPRESENTATION_CONTEXT(2) 
PARAMETRIC_REPRESENTATION_CONTEXT() REPRESENTATION_CONTEXT('2D SPACE',''
  ) );
#7621 = PCURVE('',#6580,#7622);
#7622 = DEFINITIONAL_REPRESENTATION('',(#7623),#7627);
#7623 = LINE('',#7624,#7625);
#7624 = CARTESIAN_POINT('',(9.995000000001,0.));
#7625 = VECTOR('',#7626,1.);
#7626 = DIRECTION('',(1.,0.));
#7627 = ( GEOMETRIC_REPRESENTATION_CONTEXT(2) 
PARAMETRIC_REPRESENTATION_CONTEXT() REPRESENTATION_CONTEXT('2D SPACE',''
  ) );
#7628 = ORIENTED_EDGE('',*,*,#6667,.F.);
#7629 = ADVANCED_FACE('',(#7630,#7776,#7807,#7838,#7869,#7900,#7931,
    #7962,#7993,#8024,#8055,#8086,#8096,#8106,#8116,#8126,#8136),#4007,
  .F.);
#7630 = FACE_BOUND('',#7631,.F.);
#7631 = EDGE_LOOP('',(#7632,#7661,#7684,#7708,#7731,#7755));
#7632 = ORIENTED_EDGE('',*,*,#7633,.F.);
#7633 = EDGE_CURVE('',#7634,#7636,#7638,.T.);
#7634 = VERTEX_POINT('',#7635);
#7635 = CARTESIAN_POINT('',(-66.5,-10.995,8.2));
#7636 = VERTEX_POINT('',#7637);
#7637 = CARTESIAN_POINT('',(-66.5,10.995,8.2));
#7638 = SURFACE_CURVE('',#7639,(#7643,#7650),.PCURVE_S1.);
#7639 = LINE('',#7640,#7641);
#7640 = CARTESIAN_POINT('',(-66.5,-11.995,8.2));
#7641 = VECTOR('',#7642,1.);
#7642 = DIRECTION('',(-0.,1.,0.));
#7643 = PCURVE('',#4007,#7644);
#7644 = DEFINITIONAL_REPRESENTATION('',(#7645),#7649);
#7645 = LINE('',#7646,#7647);
#7646 = CARTESIAN_POINT('',(-66.5,-11.9949999998));
#7647 = VECTOR('',#7648,1.);
#7648 = DIRECTION('',(0.,1.));
#7649 = ( GEOMETRIC_REPRESENTATION_CONTEXT(2) 
PARAMETRIC_REPRESENTATION_CONTEXT() REPRESENTATION_CONTEXT('2D SPACE',''
  ) );
#7650 = PCURVE('',#7651,#7656);
#7651 = PLANE('',#7652);
#7652 = AXIS2_PLACEMENT_3D('',#7653,#7654,#7655);
#7653 = CARTESIAN_POINT('',(-66.5,-10.995,5.6));
#7654 = DIRECTION('',(1.,0.,-0.));
#7655 = DIRECTION('',(0.,0.,1.));
#7656 = DEFINITIONAL_REPRESENTATION('',(#7657),#7660);
#7657 = B_SPLINE_CURVE_WITH_KNOTS('',1,(#7658,#7659),.UNSPECIFIED.,.F.,
  .F.,(2,2),(1.,22.99),.PIECEWISE_BEZIER_KNOTS.);
#7658 = CARTESIAN_POINT('',(2.6,0.));
#7659 = CARTESIAN_POINT('',(2.6,-21.99));
#7660 = ( GEOMETRIC_REPRESENTATION_CONTEXT(2) 
PARAMETRIC_REPRESENTATION_CONTEXT() REPRESENTATION_CONTEXT('2D SPACE',''
  ) );
#7661 = ORIENTED_EDGE('',*,*,#7662,.T.);
#7662 = EDGE_CURVE('',#7634,#7663,#7665,.T.);
#7663 = VERTEX_POINT('',#7664);
#7664 = CARTESIAN_POINT('',(72.5,-10.995,8.2));
#7665 = SURFACE_CURVE('',#7666,(#7670,#7677),.PCURVE_S1.);
#7666 = LINE('',#7667,#7668);
#7667 = CARTESIAN_POINT('',(0.,-10.995,8.2));
#7668 = VECTOR('',#7669,1.);
#7669 = DIRECTION('',(1.,0.,0.));
#7670 = PCURVE('',#4007,#7671);
#7671 = DEFINITIONAL_REPRESENTATION('',(#7672),#7676);
#7672 = LINE('',#7673,#7674);
#7673 = CARTESIAN_POINT('',(1.215265353741E-15,-10.9949999998));
#7674 = VECTOR('',#7675,1.);
#7675 = DIRECTION('',(1.,0.));
#7676 = ( GEOMETRIC_REPRESENTATION_CONTEXT(2) 
PARAMETRIC_REPRESENTATION_CONTEXT() REPRESENTATION_CONTEXT('2D SPACE',''
  ) );
#7677 = PCURVE('',#7345,#7678);
#7678 = DEFINITIONAL_REPRESENTATION('',(#7679),#7683);
#7679 = LINE('',#7680,#7681);
#7680 = CARTESIAN_POINT('',(72.5,-5.8));
#7681 = VECTOR('',#7682,1.);
#7682 = DIRECTION('',(1.,0.));
#7683 = ( GEOMETRIC_REPRESENTATION_CONTEXT(2) 
PARAMETRIC_REPRESENTATION_CONTEXT() REPRESENTATION_CONTEXT('2D SPACE',''
  ) );
#7684 = ORIENTED_EDGE('',*,*,#7685,.T.);
#7685 = EDGE_CURVE('',#7663,#7686,#7688,.T.);
#7686 = VERTEX_POINT('',#7687);
#7687 = CARTESIAN_POINT('',(73.5,-9.995,8.2));
#7688 = SURFACE_CURVE('',#7689,(#7694,#7701),.PCURVE_S1.);
#7689 = CIRCLE('',#7690,1.);
#7690 = AXIS2_PLACEMENT_3D('',#7691,#7692,#7693);
#7691 = CARTESIAN_POINT('',(72.5,-9.995,8.2));
#7692 = DIRECTION('',(0.,0.,1.));
#7693 = DIRECTION('',(1.,0.,0.));
#7694 = PCURVE('',#4007,#7695);
#7695 = DEFINITIONAL_REPRESENTATION('',(#7696),#7700);
#7696 = CIRCLE('',#7697,1.);
#7697 = AXIS2_PLACEMENT_2D('',#7698,#7699);
#7698 = CARTESIAN_POINT('',(72.5,-9.994999999804));
#7699 = DIRECTION('',(1.,0.));
#7700 = ( GEOMETRIC_REPRESENTATION_CONTEXT(2) 
PARAMETRIC_REPRESENTATION_CONTEXT() REPRESENTATION_CONTEXT('2D SPACE',''
  ) );
#7701 = PCURVE('',#7317,#7702);
#7702 = DEFINITIONAL_REPRESENTATION('',(#7703),#7707);
#7703 = LINE('',#7704,#7705);
#7704 = CARTESIAN_POINT('',(-0.,-5.8));
#7705 = VECTOR('',#7706,1.);
#7706 = DIRECTION('',(-1.,0.));
#7707 = ( GEOMETRIC_REPRESENTATION_CONTEXT(2) 
PARAMETRIC_REPRESENTATION_CONTEXT() REPRESENTATION_CONTEXT('2D SPACE',''
  ) );
#7708 = ORIENTED_EDGE('',*,*,#7709,.T.);
#7709 = EDGE_CURVE('',#7686,#7710,#7712,.T.);
#7710 = VERTEX_POINT('',#7711);
#7711 = CARTESIAN_POINT('',(73.5,9.994999997139,8.2));
#7712 = SURFACE_CURVE('',#7713,(#7717,#7724),.PCURVE_S1.);
#7713 = LINE('',#7714,#7715);
#7714 = CARTESIAN_POINT('',(73.5,4.645173135032E-13,8.2));
#7715 = VECTOR('',#7716,1.);
#7716 = DIRECTION('',(0.,1.,0.));
#7717 = PCURVE('',#4007,#7718);
#7718 = DEFINITIONAL_REPRESENTATION('',(#7719),#7723);
#7719 = LINE('',#7720,#7721);
#7720 = CARTESIAN_POINT('',(73.5,1.966660976261E-10));
#7721 = VECTOR('',#7722,1.);
#7722 = DIRECTION('',(0.,1.));
#7723 = ( GEOMETRIC_REPRESENTATION_CONTEXT(2) 
PARAMETRIC_REPRESENTATION_CONTEXT() REPRESENTATION_CONTEXT('2D SPACE',''
  ) );
#7724 = PCURVE('',#6580,#7725);
#7725 = DEFINITIONAL_REPRESENTATION('',(#7726),#7730);
#7726 = LINE('',#7727,#7728);
#7727 = CARTESIAN_POINT('',(9.995000000001,-5.8));
#7728 = VECTOR('',#7729,1.);
#7729 = DIRECTION('',(1.,0.));
#7730 = ( GEOMETRIC_REPRESENTATION_CONTEXT(2) 
PARAMETRIC_REPRESENTATION_CONTEXT() REPRESENTATION_CONTEXT('2D SPACE',''
  ) );
#7731 = ORIENTED_EDGE('',*,*,#7732,.T.);
#7732 = EDGE_CURVE('',#7710,#7733,#7735,.T.);
#7733 = VERTEX_POINT('',#7734);
#7734 = CARTESIAN_POINT('',(72.5,10.99499999857,8.2));
#7735 = SURFACE_CURVE('',#7736,(#7741,#7748),.PCURVE_S1.);
#7736 = CIRCLE('',#7737,1.);
#7737 = AXIS2_PLACEMENT_3D('',#7738,#7739,#7740);
#7738 = CARTESIAN_POINT('',(72.5,9.994999997139,8.2));
#7739 = DIRECTION('',(0.,0.,1.));
#7740 = DIRECTION('',(1.,0.,0.));
#7741 = PCURVE('',#4007,#7742);
#7742 = DEFINITIONAL_REPRESENTATION('',(#7743),#7747);
#7743 = CIRCLE('',#7744,1.);
#7744 = AXIS2_PLACEMENT_2D('',#7745,#7746);
#7745 = CARTESIAN_POINT('',(72.5,9.994999997335));
#7746 = DIRECTION('',(1.,0.));
#7747 = ( GEOMETRIC_REPRESENTATION_CONTEXT(2) 
PARAMETRIC_REPRESENTATION_CONTEXT() REPRESENTATION_CONTEXT('2D SPACE',''
  ) );
#7748 = PCURVE('',#7544,#7749);
#7749 = DEFINITIONAL_REPRESENTATION('',(#7750),#7754);
#7750 = LINE('',#7751,#7752);
#7751 = CARTESIAN_POINT('',(-0.,-5.8));
#7752 = VECTOR('',#7753,1.);
#7753 = DIRECTION('',(-1.,0.));
#7754 = ( GEOMETRIC_REPRESENTATION_CONTEXT(2) 
PARAMETRIC_REPRESENTATION_CONTEXT() REPRESENTATION_CONTEXT('2D SPACE',''
  ) );
#7755 = ORIENTED_EDGE('',*,*,#7756,.F.);
#7756 = EDGE_CURVE('',#7636,#7733,#7757,.T.);
#7757 = SURFACE_CURVE('',#7758,(#7762,#7769),.PCURVE_S1.);
#7758 = LINE('',#7759,#7760);
#7759 = CARTESIAN_POINT('',(0.,10.995,8.2));
#7760 = VECTOR('',#7761,1.);
#7761 = DIRECTION('',(1.,0.,0.));
#7762 = PCURVE('',#4007,#7763);
#7763 = DEFINITIONAL_REPRESENTATION('',(#7764),#7768);
#7764 = LINE('',#7765,#7766);
#7765 = CARTESIAN_POINT('',(1.215265353741E-15,10.995000000197));
#7766 = VECTOR('',#7767,1.);
#7767 = DIRECTION('',(1.,0.));
#7768 = ( GEOMETRIC_REPRESENTATION_CONTEXT(2) 
PARAMETRIC_REPRESENTATION_CONTEXT() REPRESENTATION_CONTEXT('2D SPACE',''
  ) );
#7769 = PCURVE('',#7515,#7770);
#7770 = DEFINITIONAL_REPRESENTATION('',(#7771),#7775);
#7771 = LINE('',#7772,#7773);
#7772 = CARTESIAN_POINT('',(72.5,-5.8));
#7773 = VECTOR('',#7774,1.);
#7774 = DIRECTION('',(1.,0.));
#7775 = ( GEOMETRIC_REPRESENTATION_CONTEXT(2) 
PARAMETRIC_REPRESENTATION_CONTEXT() REPRESENTATION_CONTEXT('2D SPACE',''
  ) );
#7776 = FACE_BOUND('',#7777,.F.);
#7777 = EDGE_LOOP('',(#7778));
#7778 = ORIENTED_EDGE('',*,*,#7779,.F.);
#7779 = EDGE_CURVE('',#7780,#7780,#7782,.T.);
#7780 = VERTEX_POINT('',#7781);
#7781 = CARTESIAN_POINT('',(-45.15,-8.295,8.2));
#7782 = SURFACE_CURVE('',#7783,(#7788,#7795),.PCURVE_S1.);
#7783 = CIRCLE('',#7784,2.1);
#7784 = AXIS2_PLACEMENT_3D('',#7785,#7786,#7787);
#7785 = CARTESIAN_POINT('',(-47.25,-8.295,8.2));
#7786 = DIRECTION('',(0.,0.,1.));
#7787 = DIRECTION('',(1.,0.,-0.));
#7788 = PCURVE('',#4007,#7789);
#7789 = DEFINITIONAL_REPRESENTATION('',(#7790),#7794);
#7790 = CIRCLE('',#7791,2.1);
#7791 = AXIS2_PLACEMENT_2D('',#7792,#7793);
#7792 = CARTESIAN_POINT('',(-47.25,-8.294999999804));
#7793 = DIRECTION('',(1.,0.));
#7794 = ( GEOMETRIC_REPRESENTATION_CONTEXT(2) 
PARAMETRIC_REPRESENTATION_CONTEXT() REPRESENTATION_CONTEXT('2D SPACE',''
  ) );
#7795 = PCURVE('',#7796,#7801);
#7796 = CYLINDRICAL_SURFACE('',#7797,2.1);
#7797 = AXIS2_PLACEMENT_3D('',#7798,#7799,#7800);
#7798 = CARTESIAN_POINT('',(-47.25,-8.295,7.5));
#7799 = DIRECTION('',(0.,0.,1.));
#7800 = DIRECTION('',(1.,0.,-0.));
#7801 = DEFINITIONAL_REPRESENTATION('',(#7802),#7806);
#7802 = LINE('',#7803,#7804);
#7803 = CARTESIAN_POINT('',(0.,0.7));
#7804 = VECTOR('',#7805,1.);
#7805 = DIRECTION('',(1.,0.));
#7806 = ( GEOMETRIC_REPRESENTATION_CONTEXT(2) 
PARAMETRIC_REPRESENTATION_CONTEXT() REPRESENTATION_CONTEXT('2D SPACE',''
  ) );
#7807 = FACE_BOUND('',#7808,.F.);
#7808 = EDGE_LOOP('',(#7809));
#7809 = ORIENTED_EDGE('',*,*,#7810,.F.);
#7810 = EDGE_CURVE('',#7811,#7811,#7813,.T.);
#7811 = VERTEX_POINT('',#7812);
#7812 = CARTESIAN_POINT('',(-26.1,-8.295,8.2));
#7813 = SURFACE_CURVE('',#7814,(#7819,#7826),.PCURVE_S1.);
#7814 = CIRCLE('',#7815,2.1);
#7815 = AXIS2_PLACEMENT_3D('',#7816,#7817,#7818);
#7816 = CARTESIAN_POINT('',(-28.2,-8.295,8.2));
#7817 = DIRECTION('',(0.,0.,1.));
#7818 = DIRECTION('',(1.,0.,-0.));
#7819 = PCURVE('',#4007,#7820);
#7820 = DEFINITIONAL_REPRESENTATION('',(#7821),#7825);
#7821 = CIRCLE('',#7822,2.1);
#7822 = AXIS2_PLACEMENT_2D('',#7823,#7824);
#7823 = CARTESIAN_POINT('',(-28.2,-8.294999999804));
#7824 = DIRECTION('',(1.,0.));
#7825 = ( GEOMETRIC_REPRESENTATION_CONTEXT(2) 
PARAMETRIC_REPRESENTATION_CONTEXT() REPRESENTATION_CONTEXT('2D SPACE',''
  ) );
#7826 = PCURVE('',#7827,#7832);
#7827 = CYLINDRICAL_SURFACE('',#7828,2.1);
#7828 = AXIS2_PLACEMENT_3D('',#7829,#7830,#7831);
#7829 = CARTESIAN_POINT('',(-28.2,-8.295,7.5));
#7830 = DIRECTION('',(0.,0.,1.));
#7831 = DIRECTION('',(1.,0.,-0.));
#7832 = DEFINITIONAL_REPRESENTATION('',(#7833),#7837);
#7833 = LINE('',#7834,#7835);
#7834 = CARTESIAN_POINT('',(0.,0.7));
#7835 = VECTOR('',#7836,1.);
#7836 = DIRECTION('',(1.,0.));
#7837 = ( GEOMETRIC_REPRESENTATION_CONTEXT(2) 
PARAMETRIC_REPRESENTATION_CONTEXT() REPRESENTATION_CONTEXT('2D SPACE',''
  ) );
#7838 = FACE_BOUND('',#7839,.F.);
#7839 = EDGE_LOOP('',(#7840));
#7840 = ORIENTED_EDGE('',*,*,#7841,.F.);
#7841 = EDGE_CURVE('',#7842,#7842,#7844,.T.);
#7842 = VERTEX_POINT('',#7843);
#7843 = CARTESIAN_POINT('',(-7.05,-8.295,8.2));
#7844 = SURFACE_CURVE('',#7845,(#7850,#7857),.PCURVE_S1.);
#7845 = CIRCLE('',#7846,2.1);
#7846 = AXIS2_PLACEMENT_3D('',#7847,#7848,#7849);
#7847 = CARTESIAN_POINT('',(-9.15,-8.295,8.2));
#7848 = DIRECTION('',(0.,0.,1.));
#7849 = DIRECTION('',(1.,0.,-0.));
#7850 = PCURVE('',#4007,#7851);
#7851 = DEFINITIONAL_REPRESENTATION('',(#7852),#7856);
#7852 = CIRCLE('',#7853,2.1);
#7853 = AXIS2_PLACEMENT_2D('',#7854,#7855);
#7854 = CARTESIAN_POINT('',(-9.15,-8.294999999804));
#7855 = DIRECTION('',(1.,0.));
#7856 = ( GEOMETRIC_REPRESENTATION_CONTEXT(2) 
PARAMETRIC_REPRESENTATION_CONTEXT() REPRESENTATION_CONTEXT('2D SPACE',''
  ) );
#7857 = PCURVE('',#7858,#7863);
#7858 = CYLINDRICAL_SURFACE('',#7859,2.1);
#7859 = AXIS2_PLACEMENT_3D('',#7860,#7861,#7862);
#7860 = CARTESIAN_POINT('',(-9.15,-8.295,7.5));
#7861 = DIRECTION('',(0.,0.,1.));
#7862 = DIRECTION('',(1.,0.,-0.));
#7863 = DEFINITIONAL_REPRESENTATION('',(#7864),#7868);
#7864 = LINE('',#7865,#7866);
#7865 = CARTESIAN_POINT('',(0.,0.7));
#7866 = VECTOR('',#7867,1.);
#7867 = DIRECTION('',(1.,0.));
#7868 = ( GEOMETRIC_REPRESENTATION_CONTEXT(2) 
PARAMETRIC_REPRESENTATION_CONTEXT() REPRESENTATION_CONTEXT('2D SPACE',''
  ) );
#7869 = FACE_BOUND('',#7870,.F.);
#7870 = EDGE_LOOP('',(#7871));
#7871 = ORIENTED_EDGE('',*,*,#7872,.F.);
#7872 = EDGE_CURVE('',#7873,#7873,#7875,.T.);
#7873 = VERTEX_POINT('',#7874);
#7874 = CARTESIAN_POINT('',(-45.15,-3.295,8.2));
#7875 = SURFACE_CURVE('',#7876,(#7881,#7888),.PCURVE_S1.);
#7876 = CIRCLE('',#7877,2.1);
#7877 = AXIS2_PLACEMENT_3D('',#7878,#7879,#7880);
#7878 = CARTESIAN_POINT('',(-47.25,-3.295,8.2));
#7879 = DIRECTION('',(0.,0.,1.));
#7880 = DIRECTION('',(1.,0.,-0.));
#7881 = PCURVE('',#4007,#7882);
#7882 = DEFINITIONAL_REPRESENTATION('',(#7883),#7887);
#7883 = CIRCLE('',#7884,2.1);
#7884 = AXIS2_PLACEMENT_2D('',#7885,#7886);
#7885 = CARTESIAN_POINT('',(-47.25,-3.294999999804));
#7886 = DIRECTION('',(1.,0.));
#7887 = ( GEOMETRIC_REPRESENTATION_CONTEXT(2) 
PARAMETRIC_REPRESENTATION_CONTEXT() REPRESENTATION_CONTEXT('2D SPACE',''
  ) );
#7888 = PCURVE('',#7889,#7894);
#7889 = CYLINDRICAL_SURFACE('',#7890,2.1);
#7890 = AXIS2_PLACEMENT_3D('',#7891,#7892,#7893);
#7891 = CARTESIAN_POINT('',(-47.25,-3.295,7.5));
#7892 = DIRECTION('',(0.,0.,1.));
#7893 = DIRECTION('',(1.,0.,-0.));
#7894 = DEFINITIONAL_REPRESENTATION('',(#7895),#7899);
#7895 = LINE('',#7896,#7897);
#7896 = CARTESIAN_POINT('',(0.,0.7));
#7897 = VECTOR('',#7898,1.);
#7898 = DIRECTION('',(1.,0.));
#7899 = ( GEOMETRIC_REPRESENTATION_CONTEXT(2) 
PARAMETRIC_REPRESENTATION_CONTEXT() REPRESENTATION_CONTEXT('2D SPACE',''
  ) );
#7900 = FACE_BOUND('',#7901,.F.);
#7901 = EDGE_LOOP('',(#7902));
#7902 = ORIENTED_EDGE('',*,*,#7903,.F.);
#7903 = EDGE_CURVE('',#7904,#7904,#7906,.T.);
#7904 = VERTEX_POINT('',#7905);
#7905 = CARTESIAN_POINT('',(-26.1,-3.295,8.2));
#7906 = SURFACE_CURVE('',#7907,(#7912,#7919),.PCURVE_S1.);
#7907 = CIRCLE('',#7908,2.1);
#7908 = AXIS2_PLACEMENT_3D('',#7909,#7910,#7911);
#7909 = CARTESIAN_POINT('',(-28.2,-3.295,8.2));
#7910 = DIRECTION('',(0.,0.,1.));
#7911 = DIRECTION('',(1.,0.,-0.));
#7912 = PCURVE('',#4007,#7913);
#7913 = DEFINITIONAL_REPRESENTATION('',(#7914),#7918);
#7914 = CIRCLE('',#7915,2.1);
#7915 = AXIS2_PLACEMENT_2D('',#7916,#7917);
#7916 = CARTESIAN_POINT('',(-28.2,-3.294999999804));
#7917 = DIRECTION('',(1.,0.));
#7918 = ( GEOMETRIC_REPRESENTATION_CONTEXT(2) 
PARAMETRIC_REPRESENTATION_CONTEXT() REPRESENTATION_CONTEXT('2D SPACE',''
  ) );
#7919 = PCURVE('',#7920,#7925);
#7920 = CYLINDRICAL_SURFACE('',#7921,2.1);
#7921 = AXIS2_PLACEMENT_3D('',#7922,#7923,#7924);
#7922 = CARTESIAN_POINT('',(-28.2,-3.295,7.5));
#7923 = DIRECTION('',(0.,0.,1.));
#7924 = DIRECTION('',(1.,0.,-0.));
#7925 = DEFINITIONAL_REPRESENTATION('',(#7926),#7930);
#7926 = LINE('',#7927,#7928);
#7927 = CARTESIAN_POINT('',(0.,0.7));
#7928 = VECTOR('',#7929,1.);
#7929 = DIRECTION('',(1.,0.));
#7930 = ( GEOMETRIC_REPRESENTATION_CONTEXT(2) 
PARAMETRIC_REPRESENTATION_CONTEXT() REPRESENTATION_CONTEXT('2D SPACE',''
  ) );
#7931 = FACE_BOUND('',#7932,.F.);
#7932 = EDGE_LOOP('',(#7933));
#7933 = ORIENTED_EDGE('',*,*,#7934,.F.);
#7934 = EDGE_CURVE('',#7935,#7935,#7937,.T.);
#7935 = VERTEX_POINT('',#7936);
#7936 = CARTESIAN_POINT('',(-7.05,-3.295,8.2));
#7937 = SURFACE_CURVE('',#7938,(#7943,#7950),.PCURVE_S1.);
#7938 = CIRCLE('',#7939,2.1);
#7939 = AXIS2_PLACEMENT_3D('',#7940,#7941,#7942);
#7940 = CARTESIAN_POINT('',(-9.15,-3.295,8.2));
#7941 = DIRECTION('',(0.,0.,1.));
#7942 = DIRECTION('',(1.,0.,-0.));
#7943 = PCURVE('',#4007,#7944);
#7944 = DEFINITIONAL_REPRESENTATION('',(#7945),#7949);
#7945 = CIRCLE('',#7946,2.1);
#7946 = AXIS2_PLACEMENT_2D('',#7947,#7948);
#7947 = CARTESIAN_POINT('',(-9.15,-3.294999999804));
#7948 = DIRECTION('',(1.,0.));
#7949 = ( GEOMETRIC_REPRESENTATION_CONTEXT(2) 
PARAMETRIC_REPRESENTATION_CONTEXT() REPRESENTATION_CONTEXT('2D SPACE',''
  ) );
#7950 = PCURVE('',#7951,#7956);
#7951 = CYLINDRICAL_SURFACE('',#7952,2.1);
#7952 = AXIS2_PLACEMENT_3D('',#7953,#7954,#7955);
#7953 = CARTESIAN_POINT('',(-9.15,-3.295,7.5));
#7954 = DIRECTION('',(0.,0.,1.));
#7955 = DIRECTION('',(1.,0.,-0.));
#7956 = DEFINITIONAL_REPRESENTATION('',(#7957),#7961);
#7957 = LINE('',#7958,#7959);
#7958 = CARTESIAN_POINT('',(0.,0.7));
#7959 = VECTOR('',#7960,1.);
#7960 = DIRECTION('',(1.,0.));
#7961 = ( GEOMETRIC_REPRESENTATION_CONTEXT(2) 
PARAMETRIC_REPRESENTATION_CONTEXT() REPRESENTATION_CONTEXT('2D SPACE',''
  ) );
#7962 = FACE_BOUND('',#7963,.F.);
#7963 = EDGE_LOOP('',(#7964));
#7964 = ORIENTED_EDGE('',*,*,#7965,.F.);
#7965 = EDGE_CURVE('',#7966,#7966,#7968,.T.);
#7966 = VERTEX_POINT('',#7967);
#7967 = CARTESIAN_POINT('',(12.,-8.295,8.2));
#7968 = SURFACE_CURVE('',#7969,(#7974,#7981),.PCURVE_S1.);
#7969 = CIRCLE('',#7970,2.1);
#7970 = AXIS2_PLACEMENT_3D('',#7971,#7972,#7973);
#7971 = CARTESIAN_POINT('',(9.9,-8.295,8.2));
#7972 = DIRECTION('',(0.,0.,1.));
#7973 = DIRECTION('',(1.,0.,-0.));
#7974 = PCURVE('',#4007,#7975);
#7975 = DEFINITIONAL_REPRESENTATION('',(#7976),#7980);
#7976 = CIRCLE('',#7977,2.1);
#7977 = AXIS2_PLACEMENT_2D('',#7978,#7979);
#7978 = CARTESIAN_POINT('',(9.9,-8.294999999804));
#7979 = DIRECTION('',(1.,0.));
#7980 = ( GEOMETRIC_REPRESENTATION_CONTEXT(2) 
PARAMETRIC_REPRESENTATION_CONTEXT() REPRESENTATION_CONTEXT('2D SPACE',''
  ) );
#7981 = PCURVE('',#7982,#7987);
#7982 = CYLINDRICAL_SURFACE('',#7983,2.1);
#7983 = AXIS2_PLACEMENT_3D('',#7984,#7985,#7986);
#7984 = CARTESIAN_POINT('',(9.9,-8.295,7.5));
#7985 = DIRECTION('',(0.,0.,1.));
#7986 = DIRECTION('',(1.,0.,-0.));
#7987 = DEFINITIONAL_REPRESENTATION('',(#7988),#7992);
#7988 = LINE('',#7989,#7990);
#7989 = CARTESIAN_POINT('',(0.,0.7));
#7990 = VECTOR('',#7991,1.);
#7991 = DIRECTION('',(1.,0.));
#7992 = ( GEOMETRIC_REPRESENTATION_CONTEXT(2) 
PARAMETRIC_REPRESENTATION_CONTEXT() REPRESENTATION_CONTEXT('2D SPACE',''
  ) );
#7993 = FACE_BOUND('',#7994,.F.);
#7994 = EDGE_LOOP('',(#7995));
#7995 = ORIENTED_EDGE('',*,*,#7996,.F.);
#7996 = EDGE_CURVE('',#7997,#7997,#7999,.T.);
#7997 = VERTEX_POINT('',#7998);
#7998 = CARTESIAN_POINT('',(31.05,-8.295,8.2));
#7999 = SURFACE_CURVE('',#8000,(#8005,#8012),.PCURVE_S1.);
#8000 = CIRCLE('',#8001,2.1);
#8001 = AXIS2_PLACEMENT_3D('',#8002,#8003,#8004);
#8002 = CARTESIAN_POINT('',(28.95,-8.295,8.2));
#8003 = DIRECTION('',(0.,0.,1.));
#8004 = DIRECTION('',(1.,0.,-0.));
#8005 = PCURVE('',#4007,#8006);
#8006 = DEFINITIONAL_REPRESENTATION('',(#8007),#8011);
#8007 = CIRCLE('',#8008,2.1);
#8008 = AXIS2_PLACEMENT_2D('',#8009,#8010);
#8009 = CARTESIAN_POINT('',(28.95,-8.294999999804));
#8010 = DIRECTION('',(1.,0.));
#8011 = ( GEOMETRIC_REPRESENTATION_CONTEXT(2) 
PARAMETRIC_REPRESENTATION_CONTEXT() REPRESENTATION_CONTEXT('2D SPACE',''
  ) );
#8012 = PCURVE('',#8013,#8018);
#8013 = CYLINDRICAL_SURFACE('',#8014,2.1);
#8014 = AXIS2_PLACEMENT_3D('',#8015,#8016,#8017);
#8015 = CARTESIAN_POINT('',(28.95,-8.295,7.5));
#8016 = DIRECTION('',(0.,0.,1.));
#8017 = DIRECTION('',(1.,0.,-0.));
#8018 = DEFINITIONAL_REPRESENTATION('',(#8019),#8023);
#8019 = LINE('',#8020,#8021);
#8020 = CARTESIAN_POINT('',(0.,0.7));
#8021 = VECTOR('',#8022,1.);
#8022 = DIRECTION('',(1.,0.));
#8023 = ( GEOMETRIC_REPRESENTATION_CONTEXT(2) 
PARAMETRIC_REPRESENTATION_CONTEXT() REPRESENTATION_CONTEXT('2D SPACE',''
  ) );
#8024 = FACE_BOUND('',#8025,.F.);
#8025 = EDGE_LOOP('',(#8026));
#8026 = ORIENTED_EDGE('',*,*,#8027,.F.);
#8027 = EDGE_CURVE('',#8028,#8028,#8030,.T.);
#8028 = VERTEX_POINT('',#8029);
#8029 = CARTESIAN_POINT('',(12.,-3.295,8.2));
#8030 = SURFACE_CURVE('',#8031,(#8036,#8043),.PCURVE_S1.);
#8031 = CIRCLE('',#8032,2.1);
#8032 = AXIS2_PLACEMENT_3D('',#8033,#8034,#8035);
#8033 = CARTESIAN_POINT('',(9.9,-3.295,8.2));
#8034 = DIRECTION('',(0.,0.,1.));
#8035 = DIRECTION('',(1.,0.,-0.));
#8036 = PCURVE('',#4007,#8037);
#8037 = DEFINITIONAL_REPRESENTATION('',(#8038),#8042);
#8038 = CIRCLE('',#8039,2.1);
#8039 = AXIS2_PLACEMENT_2D('',#8040,#8041);
#8040 = CARTESIAN_POINT('',(9.9,-3.294999999804));
#8041 = DIRECTION('',(1.,0.));
#8042 = ( GEOMETRIC_REPRESENTATION_CONTEXT(2) 
PARAMETRIC_REPRESENTATION_CONTEXT() REPRESENTATION_CONTEXT('2D SPACE',''
  ) );
#8043 = PCURVE('',#8044,#8049);
#8044 = CYLINDRICAL_SURFACE('',#8045,2.1);
#8045 = AXIS2_PLACEMENT_3D('',#8046,#8047,#8048);
#8046 = CARTESIAN_POINT('',(9.9,-3.295,7.5));
#8047 = DIRECTION('',(0.,0.,1.));
#8048 = DIRECTION('',(1.,0.,-0.));
#8049 = DEFINITIONAL_REPRESENTATION('',(#8050),#8054);
#8050 = LINE('',#8051,#8052);
#8051 = CARTESIAN_POINT('',(0.,0.7));
#8052 = VECTOR('',#8053,1.);
#8053 = DIRECTION('',(1.,0.));
#8054 = ( GEOMETRIC_REPRESENTATION_CONTEXT(2) 
PARAMETRIC_REPRESENTATION_CONTEXT() REPRESENTATION_CONTEXT('2D SPACE',''
  ) );
#8055 = FACE_BOUND('',#8056,.F.);
#8056 = EDGE_LOOP('',(#8057));
#8057 = ORIENTED_EDGE('',*,*,#8058,.F.);
#8058 = EDGE_CURVE('',#8059,#8059,#8061,.T.);
#8059 = VERTEX_POINT('',#8060);
#8060 = CARTESIAN_POINT('',(31.05,-3.295,8.2));
#8061 = SURFACE_CURVE('',#8062,(#8067,#8074),.PCURVE_S1.);
#8062 = CIRCLE('',#8063,2.1);
#8063 = AXIS2_PLACEMENT_3D('',#8064,#8065,#8066);
#8064 = CARTESIAN_POINT('',(28.95,-3.295,8.2));
#8065 = DIRECTION('',(0.,0.,1.));
#8066 = DIRECTION('',(1.,0.,-0.));
#8067 = PCURVE('',#4007,#8068);
#8068 = DEFINITIONAL_REPRESENTATION('',(#8069),#8073);
#8069 = CIRCLE('',#8070,2.1);
#8070 = AXIS2_PLACEMENT_2D('',#8071,#8072);
#8071 = CARTESIAN_POINT('',(28.95,-3.294999999804));
#8072 = DIRECTION('',(1.,0.));
#8073 = ( GEOMETRIC_REPRESENTATION_CONTEXT(2) 
PARAMETRIC_REPRESENTATION_CONTEXT() REPRESENTATION_CONTEXT('2D SPACE',''
  ) );
#8074 = PCURVE('',#8075,#8080);
#8075 = CYLINDRICAL_SURFACE('',#8076,2.1);
#8076 = AXIS2_PLACEMENT_3D('',#8077,#8078,#8079);
#8077 = CARTESIAN_POINT('',(28.95,-3.295,7.5));
#8078 = DIRECTION('',(0.,0.,1.));
#8079 = DIRECTION('',(1.,0.,-0.));
#8080 = DEFINITIONAL_REPRESENTATION('',(#8081),#8085);
#8081 = LINE('',#8082,#8083);
#8082 = CARTESIAN_POINT('',(0.,0.7));
#8083 = VECTOR('',#8084,1.);
#8084 = DIRECTION('',(1.,0.));
#8085 = ( GEOMETRIC_REPRESENTATION_CONTEXT(2) 
PARAMETRIC_REPRESENTATION_CONTEXT() REPRESENTATION_CONTEXT('2D SPACE',''
  ) );
#8086 = FACE_BOUND('',#8087,.F.);
#8087 = EDGE_LOOP('',(#8088,#8089,#8090,#8091,#8092,#8093,#8094,#8095));
#8088 = ORIENTED_EDGE('',*,*,#3990,.F.);
#8089 = ORIENTED_EDGE('',*,*,#4064,.T.);
#8090 = ORIENTED_EDGE('',*,*,#4172,.F.);
#8091 = ORIENTED_EDGE('',*,*,#4266,.T.);
#8092 = ORIENTED_EDGE('',*,*,#4374,.T.);
#8093 = ORIENTED_EDGE('',*,*,#4320,.T.);
#8094 = ORIENTED_EDGE('',*,*,#4219,.T.);
#8095 = ORIENTED_EDGE('',*,*,#4118,.T.);
#8096 = FACE_BOUND('',#8097,.F.);
#8097 = EDGE_LOOP('',(#8098,#8099,#8100,#8101,#8102,#8103,#8104,#8105));
#8098 = ORIENTED_EDGE('',*,*,#4399,.F.);
#8099 = ORIENTED_EDGE('',*,*,#4468,.T.);
#8100 = ORIENTED_EDGE('',*,*,#4576,.F.);
#8101 = ORIENTED_EDGE('',*,*,#4670,.T.);
#8102 = ORIENTED_EDGE('',*,*,#4778,.T.);
#8103 = ORIENTED_EDGE('',*,*,#4724,.T.);
#8104 = ORIENTED_EDGE('',*,*,#4623,.T.);
#8105 = ORIENTED_EDGE('',*,*,#4522,.T.);
#8106 = FACE_BOUND('',#8107,.F.);
#8107 = EDGE_LOOP('',(#8108,#8109,#8110,#8111,#8112,#8113,#8114,#8115));
#8108 = ORIENTED_EDGE('',*,*,#4803,.F.);
#8109 = ORIENTED_EDGE('',*,*,#4872,.T.);
#8110 = ORIENTED_EDGE('',*,*,#4980,.F.);
#8111 = ORIENTED_EDGE('',*,*,#5074,.T.);
#8112 = ORIENTED_EDGE('',*,*,#5182,.T.);
#8113 = ORIENTED_EDGE('',*,*,#5128,.T.);
#8114 = ORIENTED_EDGE('',*,*,#5027,.T.);
#8115 = ORIENTED_EDGE('',*,*,#4926,.T.);
#8116 = FACE_BOUND('',#8117,.F.);
#8117 = EDGE_LOOP('',(#8118,#8119,#8120,#8121,#8122,#8123,#8124,#8125));
#8118 = ORIENTED_EDGE('',*,*,#5207,.F.);
#8119 = ORIENTED_EDGE('',*,*,#5276,.T.);
#8120 = ORIENTED_EDGE('',*,*,#5384,.F.);
#8121 = ORIENTED_EDGE('',*,*,#5478,.T.);
#8122 = ORIENTED_EDGE('',*,*,#5586,.T.);
#8123 = ORIENTED_EDGE('',*,*,#5532,.T.);
#8124 = ORIENTED_EDGE('',*,*,#5431,.T.);
#8125 = ORIENTED_EDGE('',*,*,#5330,.T.);
#8126 = FACE_BOUND('',#8127,.F.);
#8127 = EDGE_LOOP('',(#8128,#8129,#8130,#8131,#8132,#8133,#8134,#8135));
#8128 = ORIENTED_EDGE('',*,*,#5611,.F.);
#8129 = ORIENTED_EDGE('',*,*,#5680,.T.);
#8130 = ORIENTED_EDGE('',*,*,#5788,.F.);
#8131 = ORIENTED_EDGE('',*,*,#5882,.T.);
#8132 = ORIENTED_EDGE('',*,*,#5990,.T.);
#8133 = ORIENTED_EDGE('',*,*,#5936,.T.);
#8134 = ORIENTED_EDGE('',*,*,#5835,.T.);
#8135 = ORIENTED_EDGE('',*,*,#5734,.T.);
#8136 = FACE_BOUND('',#8137,.F.);
#8137 = EDGE_LOOP('',(#8138,#8139,#8140,#8141,#8142,#8143,#8144,#8145));
#8138 = ORIENTED_EDGE('',*,*,#6015,.F.);
#8139 = ORIENTED_EDGE('',*,*,#6387,.T.);
#8140 = ORIENTED_EDGE('',*,*,#6340,.F.);
#8141 = ORIENTED_EDGE('',*,*,#6286,.T.);
#8142 = ORIENTED_EDGE('',*,*,#6239,.T.);
#8143 = ORIENTED_EDGE('',*,*,#6185,.T.);
#8144 = ORIENTED_EDGE('',*,*,#6138,.T.);
#8145 = ORIENTED_EDGE('',*,*,#6084,.T.);
#8146 = ADVANCED_FACE('',(#8147),#6484,.T.);
#8147 = FACE_BOUND('',#8148,.T.);
#8148 = EDGE_LOOP('',(#8149,#8150,#8151,#8152));
#8149 = ORIENTED_EDGE('',*,*,#6734,.F.);
#8150 = ORIENTED_EDGE('',*,*,#6469,.F.);
#8151 = ORIENTED_EDGE('',*,*,#6619,.T.);
#8152 = ORIENTED_EDGE('',*,*,#8153,.T.);
#8153 = EDGE_CURVE('',#6592,#6712,#8154,.T.);
#8154 = SURFACE_CURVE('',#8155,(#8159,#8166),.PCURVE_S1.);
#8155 = LINE('',#8156,#8157);
#8156 = CARTESIAN_POINT('',(74.6,-9.6,5.));
#8157 = VECTOR('',#8158,1.);
#8158 = DIRECTION('',(-0.,1.,0.));
#8159 = PCURVE('',#6484,#8160);
#8160 = DEFINITIONAL_REPRESENTATION('',(#8161),#8165);
#8161 = LINE('',#8162,#8163);
#8162 = CARTESIAN_POINT('',(0.495,-3.9));
#8163 = VECTOR('',#8164,1.);
#8164 = DIRECTION('',(1.,0.));
#8165 = ( GEOMETRIC_REPRESENTATION_CONTEXT(2) 
PARAMETRIC_REPRESENTATION_CONTEXT() REPRESENTATION_CONTEXT('2D SPACE',''
  ) );
#8166 = PCURVE('',#6607,#8167);
#8167 = DEFINITIONAL_REPRESENTATION('',(#8168),#8172);
#8168 = LINE('',#8169,#8170);
#8169 = CARTESIAN_POINT('',(1.2,0.));
#8170 = VECTOR('',#8171,1.);
#8171 = DIRECTION('',(0.,1.));
#8172 = ( GEOMETRIC_REPRESENTATION_CONTEXT(2) 
PARAMETRIC_REPRESENTATION_CONTEXT() REPRESENTATION_CONTEXT('2D SPACE',''
  ) );
#8173 = ADVANCED_FACE('',(#8174),#6580,.T.);
#8174 = FACE_BOUND('',#8175,.T.);
#8175 = EDGE_LOOP('',(#8176,#8177,#8198,#8199,#8220,#8221,#8222,#8241,
    #8242,#8243,#8267,#8288,#8310,#8311,#8312,#8331));
#8176 = ORIENTED_EDGE('',*,*,#7277,.F.);
#8177 = ORIENTED_EDGE('',*,*,#8178,.T.);
#8178 = EDGE_CURVE('',#7278,#7686,#8179,.T.);
#8179 = SURFACE_CURVE('',#8180,(#8184,#8191),.PCURVE_S1.);
#8180 = LINE('',#8181,#8182);
#8181 = CARTESIAN_POINT('',(73.5,-9.995,2.4));
#8182 = VECTOR('',#8183,1.);
#8183 = DIRECTION('',(0.,0.,1.));
#8184 = PCURVE('',#6580,#8185);
#8185 = DEFINITIONAL_REPRESENTATION('',(#8186),#8190);
#8186 = LINE('',#8187,#8188);
#8187 = CARTESIAN_POINT('',(0.,0.));
#8188 = VECTOR('',#8189,1.);
#8189 = DIRECTION('',(0.,-1.));
#8190 = ( GEOMETRIC_REPRESENTATION_CONTEXT(2) 
PARAMETRIC_REPRESENTATION_CONTEXT() REPRESENTATION_CONTEXT('2D SPACE',''
  ) );
#8191 = PCURVE('',#7317,#8192);
#8192 = DEFINITIONAL_REPRESENTATION('',(#8193),#8197);
#8193 = LINE('',#8194,#8195);
#8194 = CARTESIAN_POINT('',(-6.28318530718,0.));
#8195 = VECTOR('',#8196,1.);
#8196 = DIRECTION('',(-0.,-1.));
#8197 = ( GEOMETRIC_REPRESENTATION_CONTEXT(2) 
PARAMETRIC_REPRESENTATION_CONTEXT() REPRESENTATION_CONTEXT('2D SPACE',''
  ) );
#8198 = ORIENTED_EDGE('',*,*,#7709,.T.);
#8199 = ORIENTED_EDGE('',*,*,#8200,.F.);
#8200 = EDGE_CURVE('',#7528,#7710,#8201,.T.);
#8201 = SURFACE_CURVE('',#8202,(#8206,#8213),.PCURVE_S1.);
#8202 = LINE('',#8203,#8204);
#8203 = CARTESIAN_POINT('',(73.5,9.994999997139,2.4));
#8204 = VECTOR('',#8205,1.);
#8205 = DIRECTION('',(0.,0.,1.));
#8206 = PCURVE('',#6580,#8207);
#8207 = DEFINITIONAL_REPRESENTATION('',(#8208),#8212);
#8208 = LINE('',#8209,#8210);
#8209 = CARTESIAN_POINT('',(19.989999997139,0.));
#8210 = VECTOR('',#8211,1.);
#8211 = DIRECTION('',(0.,-1.));
#8212 = ( GEOMETRIC_REPRESENTATION_CONTEXT(2) 
PARAMETRIC_REPRESENTATION_CONTEXT() REPRESENTATION_CONTEXT('2D SPACE',''
  ) );
#8213 = PCURVE('',#7544,#8214);
#8214 = DEFINITIONAL_REPRESENTATION('',(#8215),#8219);
#8215 = LINE('',#8216,#8217);
#8216 = CARTESIAN_POINT('',(-0.,0.));
#8217 = VECTOR('',#8218,1.);
#8218 = DIRECTION('',(-0.,-1.));
#8219 = ( GEOMETRIC_REPRESENTATION_CONTEXT(2) 
PARAMETRIC_REPRESENTATION_CONTEXT() REPRESENTATION_CONTEXT('2D SPACE',''
  ) );
#8220 = ORIENTED_EDGE('',*,*,#7556,.F.);
#8221 = ORIENTED_EDGE('',*,*,#7005,.F.);
#8222 = ORIENTED_EDGE('',*,*,#8223,.F.);
#8223 = EDGE_CURVE('',#6886,#7006,#8224,.T.);
#8224 = SURFACE_CURVE('',#8225,(#8229,#8235),.PCURVE_S1.);
#8225 = LINE('',#8226,#8227);
#8226 = CARTESIAN_POINT('',(73.5,-1.7975,5.));
#8227 = VECTOR('',#8228,1.);
#8228 = DIRECTION('',(0.,1.,-0.));
#8229 = PCURVE('',#6580,#8230);
#8230 = DEFINITIONAL_REPRESENTATION('',(#8231),#8234);
#8231 = B_SPLINE_CURVE_WITH_KNOTS('',1,(#8232,#8233),.UNSPECIFIED.,.F.,
  .F.,(2,2),(8.1975,11.3975),.PIECEWISE_BEZIER_KNOTS.);
#8232 = CARTESIAN_POINT('',(16.395,-2.6));
#8233 = CARTESIAN_POINT('',(19.595,-2.6));
#8234 = ( GEOMETRIC_REPRESENTATION_CONTEXT(2) 
PARAMETRIC_REPRESENTATION_CONTEXT() REPRESENTATION_CONTEXT('2D SPACE',''
  ) );
#8235 = PCURVE('',#6923,#8236);
#8236 = DEFINITIONAL_REPRESENTATION('',(#8237),#8240);
#8237 = B_SPLINE_CURVE_WITH_KNOTS('',1,(#8238,#8239),.UNSPECIFIED.,.F.,
  .F.,(2,2),(8.1975,11.3975),.PIECEWISE_BEZIER_KNOTS.);
#8238 = CARTESIAN_POINT('',(9.999999999999E-02,0.));
#8239 = CARTESIAN_POINT('',(9.999999999999E-02,3.2));
#8240 = ( GEOMETRIC_REPRESENTATION_CONTEXT(2) 
PARAMETRIC_REPRESENTATION_CONTEXT() REPRESENTATION_CONTEXT('2D SPACE',''
  ) );
#8241 = ORIENTED_EDGE('',*,*,#6885,.T.);
#8242 = ORIENTED_EDGE('',*,*,#7223,.F.);
#8243 = ORIENTED_EDGE('',*,*,#8244,.F.);
#8244 = EDGE_CURVE('',#8245,#7224,#8247,.T.);
#8245 = VERTEX_POINT('',#8246);
#8246 = CARTESIAN_POINT('',(73.5,3.04,6.1));
#8247 = SURFACE_CURVE('',#8248,(#8253,#8260),.PCURVE_S1.);
#8248 = CIRCLE('',#8249,1.98);
#8249 = AXIS2_PLACEMENT_3D('',#8250,#8251,#8252);
#8250 = CARTESIAN_POINT('',(73.5,3.04,4.12));
#8251 = DIRECTION('',(-1.,0.,-0.));
#8252 = DIRECTION('',(0.,0.,-1.));
#8253 = PCURVE('',#6580,#8254);
#8254 = DEFINITIONAL_REPRESENTATION('',(#8255),#8259);
#8255 = CIRCLE('',#8256,1.98);
#8256 = AXIS2_PLACEMENT_2D('',#8257,#8258);
#8257 = CARTESIAN_POINT('',(13.035,-1.72));
#8258 = DIRECTION('',(0.,1.));
#8259 = ( GEOMETRIC_REPRESENTATION_CONTEXT(2) 
PARAMETRIC_REPRESENTATION_CONTEXT() REPRESENTATION_CONTEXT('2D SPACE',''
  ) );
#8260 = PCURVE('',#7186,#8261);
#8261 = DEFINITIONAL_REPRESENTATION('',(#8262),#8266);
#8262 = LINE('',#8263,#8264);
#8263 = CARTESIAN_POINT('',(-6.28318530718,-1.));
#8264 = VECTOR('',#8265,1.);
#8265 = DIRECTION('',(1.,-0.));
#8266 = ( GEOMETRIC_REPRESENTATION_CONTEXT(2) 
PARAMETRIC_REPRESENTATION_CONTEXT() REPRESENTATION_CONTEXT('2D SPACE',''
  ) );
#8267 = ORIENTED_EDGE('',*,*,#8268,.F.);
#8268 = EDGE_CURVE('',#8269,#8245,#8271,.T.);
#8269 = VERTEX_POINT('',#8270);
#8270 = CARTESIAN_POINT('',(73.5,-3.04,6.1));
#8271 = SURFACE_CURVE('',#8272,(#8276,#8282),.PCURVE_S1.);
#8272 = LINE('',#8273,#8274);
#8273 = CARTESIAN_POINT('',(73.5,-6.5175,6.1));
#8274 = VECTOR('',#8275,1.);
#8275 = DIRECTION('',(0.,1.,-0.));
#8276 = PCURVE('',#6580,#8277);
#8277 = DEFINITIONAL_REPRESENTATION('',(#8278),#8281);
#8278 = B_SPLINE_CURVE_WITH_KNOTS('',1,(#8279,#8280),.UNSPECIFIED.,.F.,
  .F.,(2,2),(3.4775,9.5575),.PIECEWISE_BEZIER_KNOTS.);
#8279 = CARTESIAN_POINT('',(6.955,-3.7));
#8280 = CARTESIAN_POINT('',(13.035,-3.7));
#8281 = ( GEOMETRIC_REPRESENTATION_CONTEXT(2) 
PARAMETRIC_REPRESENTATION_CONTEXT() REPRESENTATION_CONTEXT('2D SPACE',''
  ) );
#8282 = PCURVE('',#7154,#8283);
#8283 = DEFINITIONAL_REPRESENTATION('',(#8284),#8287);
#8284 = B_SPLINE_CURVE_WITH_KNOTS('',1,(#8285,#8286),.UNSPECIFIED.,.F.,
  .F.,(2,2),(3.4775,9.5575),.PIECEWISE_BEZIER_KNOTS.);
#8285 = CARTESIAN_POINT('',(0.,-1.));
#8286 = CARTESIAN_POINT('',(6.08,-1.));
#8287 = ( GEOMETRIC_REPRESENTATION_CONTEXT(2) 
PARAMETRIC_REPRESENTATION_CONTEXT() REPRESENTATION_CONTEXT('2D SPACE',''
  ) );
#8288 = ORIENTED_EDGE('',*,*,#8289,.F.);
#8289 = EDGE_CURVE('',#7588,#8269,#8290,.T.);
#8290 = SURFACE_CURVE('',#8291,(#8296,#8303),.PCURVE_S1.);
#8291 = CIRCLE('',#8292,1.98);
#8292 = AXIS2_PLACEMENT_3D('',#8293,#8294,#8295);
#8293 = CARTESIAN_POINT('',(73.5,-3.04,4.12));
#8294 = DIRECTION('',(-1.,0.,0.));
#8295 = DIRECTION('',(0.,1.,0.));
#8296 = PCURVE('',#6580,#8297);
#8297 = DEFINITIONAL_REPRESENTATION('',(#8298),#8302);
#8298 = CIRCLE('',#8299,1.98);
#8299 = AXIS2_PLACEMENT_2D('',#8300,#8301);
#8300 = CARTESIAN_POINT('',(6.955,-1.72));
#8301 = DIRECTION('',(1.,0.));
#8302 = ( GEOMETRIC_REPRESENTATION_CONTEXT(2) 
PARAMETRIC_REPRESENTATION_CONTEXT() REPRESENTATION_CONTEXT('2D SPACE',''
  ) );
#8303 = PCURVE('',#7127,#8304);
#8304 = DEFINITIONAL_REPRESENTATION('',(#8305),#8309);
#8305 = LINE('',#8306,#8307);
#8306 = CARTESIAN_POINT('',(-6.28318530718,-1.));
#8307 = VECTOR('',#8308,1.);
#8308 = DIRECTION('',(1.,-0.));
#8309 = ( GEOMETRIC_REPRESENTATION_CONTEXT(2) 
PARAMETRIC_REPRESENTATION_CONTEXT() REPRESENTATION_CONTEXT('2D SPACE',''
  ) );
#8310 = ORIENTED_EDGE('',*,*,#7608,.F.);
#8311 = ORIENTED_EDGE('',*,*,#6689,.F.);
#8312 = ORIENTED_EDGE('',*,*,#8313,.F.);
#8313 = EDGE_CURVE('',#6565,#6690,#8314,.T.);
#8314 = SURFACE_CURVE('',#8315,(#8319,#8325),.PCURVE_S1.);
#8315 = LINE('',#8316,#8317);
#8316 = CARTESIAN_POINT('',(73.5,-9.7975,5.));
#8317 = VECTOR('',#8318,1.);
#8318 = DIRECTION('',(0.,1.,-0.));
#8319 = PCURVE('',#6580,#8320);
#8320 = DEFINITIONAL_REPRESENTATION('',(#8321),#8324);
#8321 = B_SPLINE_CURVE_WITH_KNOTS('',1,(#8322,#8323),.UNSPECIFIED.,.F.,
  .F.,(2,2),(0.1975,3.3975),.PIECEWISE_BEZIER_KNOTS.);
#8322 = CARTESIAN_POINT('',(0.395,-2.6));
#8323 = CARTESIAN_POINT('',(3.595,-2.6));
#8324 = ( GEOMETRIC_REPRESENTATION_CONTEXT(2) 
PARAMETRIC_REPRESENTATION_CONTEXT() REPRESENTATION_CONTEXT('2D SPACE',''
  ) );
#8325 = PCURVE('',#6607,#8326);
#8326 = DEFINITIONAL_REPRESENTATION('',(#8327),#8330);
#8327 = B_SPLINE_CURVE_WITH_KNOTS('',1,(#8328,#8329),.UNSPECIFIED.,.F.,
  .F.,(2,2),(0.1975,3.3975),.PIECEWISE_BEZIER_KNOTS.);
#8328 = CARTESIAN_POINT('',(9.999999999999E-02,0.));
#8329 = CARTESIAN_POINT('',(9.999999999999E-02,3.2));
#8330 = ( GEOMETRIC_REPRESENTATION_CONTEXT(2) 
PARAMETRIC_REPRESENTATION_CONTEXT() REPRESENTATION_CONTEXT('2D SPACE',''
  ) );
#8331 = ORIENTED_EDGE('',*,*,#6564,.T.);
#8332 = ADVANCED_FACE('',(#8333),#6607,.F.);
#8333 = FACE_BOUND('',#8334,.F.);
#8334 = EDGE_LOOP('',(#8335,#8336,#8337,#8338));
#8335 = ORIENTED_EDGE('',*,*,#6711,.F.);
#8336 = ORIENTED_EDGE('',*,*,#8313,.F.);
#8337 = ORIENTED_EDGE('',*,*,#6591,.T.);
#8338 = ORIENTED_EDGE('',*,*,#8153,.T.);
#8339 = ADVANCED_FACE('',(#8340),#6805,.T.);
#8340 = FACE_BOUND('',#8341,.T.);
#8341 = EDGE_LOOP('',(#8342,#8343,#8344,#8365));
#8342 = ORIENTED_EDGE('',*,*,#6790,.F.);
#8343 = ORIENTED_EDGE('',*,*,#6935,.T.);
#8344 = ORIENTED_EDGE('',*,*,#8345,.T.);
#8345 = EDGE_CURVE('',#6908,#7028,#8346,.T.);
#8346 = SURFACE_CURVE('',#8347,(#8351,#8358),.PCURVE_S1.);
#8347 = LINE('',#8348,#8349);
#8348 = CARTESIAN_POINT('',(74.6,6.4,5.));
#8349 = VECTOR('',#8350,1.);
#8350 = DIRECTION('',(-0.,1.,0.));
#8351 = PCURVE('',#6805,#8352);
#8352 = DEFINITIONAL_REPRESENTATION('',(#8353),#8357);
#8353 = LINE('',#8354,#8355);
#8354 = CARTESIAN_POINT('',(16.495,-3.9));
#8355 = VECTOR('',#8356,1.);
#8356 = DIRECTION('',(1.,0.));
#8357 = ( GEOMETRIC_REPRESENTATION_CONTEXT(2) 
PARAMETRIC_REPRESENTATION_CONTEXT() REPRESENTATION_CONTEXT('2D SPACE',''
  ) );
#8358 = PCURVE('',#6923,#8359);
#8359 = DEFINITIONAL_REPRESENTATION('',(#8360),#8364);
#8360 = LINE('',#8361,#8362);
#8361 = CARTESIAN_POINT('',(1.2,0.));
#8362 = VECTOR('',#8363,1.);
#8363 = DIRECTION('',(0.,1.));
#8364 = ( GEOMETRIC_REPRESENTATION_CONTEXT(2) 
PARAMETRIC_REPRESENTATION_CONTEXT() REPRESENTATION_CONTEXT('2D SPACE',''
  ) );
#8365 = ORIENTED_EDGE('',*,*,#7050,.F.);
#8366 = ADVANCED_FACE('',(#8367),#6923,.F.);
#8367 = FACE_BOUND('',#8368,.F.);
#8368 = EDGE_LOOP('',(#8369,#8370,#8371,#8372));
#8369 = ORIENTED_EDGE('',*,*,#7027,.F.);
#8370 = ORIENTED_EDGE('',*,*,#8223,.F.);
#8371 = ORIENTED_EDGE('',*,*,#6907,.T.);
#8372 = ORIENTED_EDGE('',*,*,#8345,.T.);
#8373 = ADVANCED_FACE('',(#8374),#7186,.F.);
#8374 = FACE_BOUND('',#8375,.T.);
#8375 = EDGE_LOOP('',(#8376,#8397,#8398,#8399));
#8376 = ORIENTED_EDGE('',*,*,#8377,.F.);
#8377 = EDGE_CURVE('',#8245,#7140,#8378,.T.);
#8378 = SURFACE_CURVE('',#8379,(#8383,#8390),.PCURVE_S1.);
#8379 = LINE('',#8380,#8381);
#8380 = CARTESIAN_POINT('',(72.5,3.04,6.1));
#8381 = VECTOR('',#8382,1.);
#8382 = DIRECTION('',(1.,0.,0.));
#8383 = PCURVE('',#7186,#8384);
#8384 = DEFINITIONAL_REPRESENTATION('',(#8385),#8389);
#8385 = LINE('',#8386,#8387);
#8386 = CARTESIAN_POINT('',(-3.14159265359,0.));
#8387 = VECTOR('',#8388,1.);
#8388 = DIRECTION('',(-0.,-1.));
#8389 = ( GEOMETRIC_REPRESENTATION_CONTEXT(2) 
PARAMETRIC_REPRESENTATION_CONTEXT() REPRESENTATION_CONTEXT('2D SPACE',''
  ) );
#8390 = PCURVE('',#7154,#8391);
#8391 = DEFINITIONAL_REPRESENTATION('',(#8392),#8396);
#8392 = LINE('',#8393,#8394);
#8393 = CARTESIAN_POINT('',(6.08,0.));
#8394 = VECTOR('',#8395,1.);
#8395 = DIRECTION('',(0.,-1.));
#8396 = ( GEOMETRIC_REPRESENTATION_CONTEXT(2) 
PARAMETRIC_REPRESENTATION_CONTEXT() REPRESENTATION_CONTEXT('2D SPACE',''
  ) );
#8397 = ORIENTED_EDGE('',*,*,#8244,.T.);
#8398 = ORIENTED_EDGE('',*,*,#7246,.F.);
#8399 = ORIENTED_EDGE('',*,*,#7165,.F.);
#8400 = ADVANCED_FACE('',(#8401),#7154,.F.);
#8401 = FACE_BOUND('',#8402,.F.);
#8402 = EDGE_LOOP('',(#8403,#8404,#8425,#8426));
#8403 = ORIENTED_EDGE('',*,*,#8268,.F.);
#8404 = ORIENTED_EDGE('',*,*,#8405,.T.);
#8405 = EDGE_CURVE('',#8269,#7107,#8406,.T.);
#8406 = SURFACE_CURVE('',#8407,(#8411,#8418),.PCURVE_S1.);
#8407 = LINE('',#8408,#8409);
#8408 = CARTESIAN_POINT('',(72.5,-3.04,6.1));
#8409 = VECTOR('',#8410,1.);
#8410 = DIRECTION('',(1.,0.,0.));
#8411 = PCURVE('',#7154,#8412);
#8412 = DEFINITIONAL_REPRESENTATION('',(#8413),#8417);
#8413 = LINE('',#8414,#8415);
#8414 = CARTESIAN_POINT('',(0.,0.));
#8415 = VECTOR('',#8416,1.);
#8416 = DIRECTION('',(0.,-1.));
#8417 = ( GEOMETRIC_REPRESENTATION_CONTEXT(2) 
PARAMETRIC_REPRESENTATION_CONTEXT() REPRESENTATION_CONTEXT('2D SPACE',''
  ) );
#8418 = PCURVE('',#7127,#8419);
#8419 = DEFINITIONAL_REPRESENTATION('',(#8420),#8424);
#8420 = LINE('',#8421,#8422);
#8421 = CARTESIAN_POINT('',(-1.570796326795,0.));
#8422 = VECTOR('',#8423,1.);
#8423 = DIRECTION('',(-0.,-1.));
#8424 = ( GEOMETRIC_REPRESENTATION_CONTEXT(2) 
PARAMETRIC_REPRESENTATION_CONTEXT() REPRESENTATION_CONTEXT('2D SPACE',''
  ) );
#8425 = ORIENTED_EDGE('',*,*,#7139,.T.);
#8426 = ORIENTED_EDGE('',*,*,#8377,.F.);
#8427 = ADVANCED_FACE('',(#8428),#7127,.F.);
#8428 = FACE_BOUND('',#8429,.T.);
#8429 = EDGE_LOOP('',(#8430,#8431,#8432,#8433));
#8430 = ORIENTED_EDGE('',*,*,#8289,.T.);
#8431 = ORIENTED_EDGE('',*,*,#8405,.T.);
#8432 = ORIENTED_EDGE('',*,*,#7106,.F.);
#8433 = ORIENTED_EDGE('',*,*,#7587,.T.);
#8434 = ADVANCED_FACE('',(#8435),#7544,.F.);
#8435 = FACE_BOUND('',#8436,.T.);
#8436 = EDGE_LOOP('',(#8437,#8438,#8439,#8460));
#8437 = ORIENTED_EDGE('',*,*,#8200,.T.);
#8438 = ORIENTED_EDGE('',*,*,#7732,.T.);
#8439 = ORIENTED_EDGE('',*,*,#8440,.F.);
#8440 = EDGE_CURVE('',#7500,#7733,#8441,.T.);
#8441 = SURFACE_CURVE('',#8442,(#8446,#8453),.PCURVE_S1.);
#8442 = LINE('',#8443,#8444);
#8443 = CARTESIAN_POINT('',(72.5,10.99499999857,2.4));
#8444 = VECTOR('',#8445,1.);
#8445 = DIRECTION('',(0.,0.,1.));
#8446 = PCURVE('',#7544,#8447);
#8447 = DEFINITIONAL_REPRESENTATION('',(#8448),#8452);
#8448 = LINE('',#8449,#8450);
#8449 = CARTESIAN_POINT('',(-1.570796326795,0.));
#8450 = VECTOR('',#8451,1.);
#8451 = DIRECTION('',(-0.,-1.));
#8452 = ( GEOMETRIC_REPRESENTATION_CONTEXT(2) 
PARAMETRIC_REPRESENTATION_CONTEXT() REPRESENTATION_CONTEXT('2D SPACE',''
  ) );
#8453 = PCURVE('',#7515,#8454);
#8454 = DEFINITIONAL_REPRESENTATION('',(#8455),#8459);
#8455 = LINE('',#8456,#8457);
#8456 = CARTESIAN_POINT('',(145.,0.));
#8457 = VECTOR('',#8458,1.);
#8458 = DIRECTION('',(0.,-1.));
#8459 = ( GEOMETRIC_REPRESENTATION_CONTEXT(2) 
PARAMETRIC_REPRESENTATION_CONTEXT() REPRESENTATION_CONTEXT('2D SPACE',''
  ) );
#8460 = ORIENTED_EDGE('',*,*,#7527,.F.);
#8461 = ADVANCED_FACE('',(#8462),#7487,.F.);
#8462 = FACE_BOUND('',#8463,.F.);
#8463 = EDGE_LOOP('',(#8464,#8465,#8488,#8516));
#8464 = ORIENTED_EDGE('',*,*,#7471,.F.);
#8465 = ORIENTED_EDGE('',*,*,#8466,.T.);
#8466 = EDGE_CURVE('',#7443,#8467,#8469,.T.);
#8467 = VERTEX_POINT('',#8468);
#8468 = CARTESIAN_POINT('',(-72.5,10.99499999857,8.2));
#8469 = SURFACE_CURVE('',#8470,(#8474,#8481),.PCURVE_S1.);
#8470 = LINE('',#8471,#8472);
#8471 = CARTESIAN_POINT('',(-72.5,10.99499999857,2.4));
#8472 = VECTOR('',#8473,1.);
#8473 = DIRECTION('',(0.,0.,1.));
#8474 = PCURVE('',#7487,#8475);
#8475 = DEFINITIONAL_REPRESENTATION('',(#8476),#8480);
#8476 = LINE('',#8477,#8478);
#8477 = CARTESIAN_POINT('',(0.,0.));
#8478 = VECTOR('',#8479,1.);
#8479 = DIRECTION('',(0.,-1.));
#8480 = ( GEOMETRIC_REPRESENTATION_CONTEXT(2) 
PARAMETRIC_REPRESENTATION_CONTEXT() REPRESENTATION_CONTEXT('2D SPACE',''
  ) );
#8481 = PCURVE('',#7459,#8482);
#8482 = DEFINITIONAL_REPRESENTATION('',(#8483),#8487);
#8483 = LINE('',#8484,#8485);
#8484 = CARTESIAN_POINT('',(-1.570796326795,0.));
#8485 = VECTOR('',#8486,1.);
#8486 = DIRECTION('',(-0.,-1.));
#8487 = ( GEOMETRIC_REPRESENTATION_CONTEXT(2) 
PARAMETRIC_REPRESENTATION_CONTEXT() REPRESENTATION_CONTEXT('2D SPACE',''
  ) );
#8488 = ORIENTED_EDGE('',*,*,#8489,.T.);
#8489 = EDGE_CURVE('',#8467,#8490,#8492,.T.);
#8490 = VERTEX_POINT('',#8491);
#8491 = CARTESIAN_POINT('',(-70.,10.995,8.2));
#8492 = SURFACE_CURVE('',#8493,(#8497,#8504),.PCURVE_S1.);
#8493 = LINE('',#8494,#8495);
#8494 = CARTESIAN_POINT('',(0.,10.995,8.2));
#8495 = VECTOR('',#8496,1.);
#8496 = DIRECTION('',(1.,0.,0.));
#8497 = PCURVE('',#7487,#8498);
#8498 = DEFINITIONAL_REPRESENTATION('',(#8499),#8503);
#8499 = LINE('',#8500,#8501);
#8500 = CARTESIAN_POINT('',(72.5,-5.8));
#8501 = VECTOR('',#8502,1.);
#8502 = DIRECTION('',(1.,0.));
#8503 = ( GEOMETRIC_REPRESENTATION_CONTEXT(2) 
PARAMETRIC_REPRESENTATION_CONTEXT() REPRESENTATION_CONTEXT('2D SPACE',''
  ) );
#8504 = PCURVE('',#8505,#8510);
#8505 = PLANE('',#8506);
#8506 = AXIS2_PLACEMENT_3D('',#8507,#8508,#8509);
#8507 = CARTESIAN_POINT('',(-1.215265353741E-15,-1.962015803126E-10,8.2)
  );
#8508 = DIRECTION('',(0.,0.,1.));
#8509 = DIRECTION('',(1.,0.,-0.));
#8510 = DEFINITIONAL_REPRESENTATION('',(#8511),#8515);
#8511 = LINE('',#8512,#8513);
#8512 = CARTESIAN_POINT('',(1.215265353741E-15,10.995000000197));
#8513 = VECTOR('',#8514,1.);
#8514 = DIRECTION('',(1.,0.));
#8515 = ( GEOMETRIC_REPRESENTATION_CONTEXT(2) 
PARAMETRIC_REPRESENTATION_CONTEXT() REPRESENTATION_CONTEXT('2D SPACE',''
  ) );
#8516 = ORIENTED_EDGE('',*,*,#8517,.F.);
#8517 = EDGE_CURVE('',#7472,#8490,#8518,.T.);
#8518 = SURFACE_CURVE('',#8519,(#8523,#8529),.PCURVE_S1.);
#8519 = LINE('',#8520,#8521);
#8520 = CARTESIAN_POINT('',(-70.,10.995,2.4));
#8521 = VECTOR('',#8522,1.);
#8522 = DIRECTION('',(0.,0.,1.));
#8523 = PCURVE('',#7487,#8524);
#8524 = DEFINITIONAL_REPRESENTATION('',(#8525),#8528);
#8525 = B_SPLINE_CURVE_WITH_KNOTS('',1,(#8526,#8527),.UNSPECIFIED.,.F.,
  .F.,(2,2),(-2.400000000069E-06,5.8000024),.PIECEWISE_BEZIER_KNOTS.);
#8526 = CARTESIAN_POINT('',(2.5,2.399999999625E-06));
#8527 = CARTESIAN_POINT('',(2.5,-5.8000024));
#8528 = ( GEOMETRIC_REPRESENTATION_CONTEXT(2) 
PARAMETRIC_REPRESENTATION_CONTEXT() REPRESENTATION_CONTEXT('2D SPACE',''
  ) );
#8529 = PCURVE('',#7515,#8530);
#8530 = DEFINITIONAL_REPRESENTATION('',(#8531),#8535);
#8531 = LINE('',#8532,#8533);
#8532 = CARTESIAN_POINT('',(2.5,-4.440892098501E-16));
#8533 = VECTOR('',#8534,1.);
#8534 = DIRECTION('',(0.,-1.));
#8535 = ( GEOMETRIC_REPRESENTATION_CONTEXT(2) 
PARAMETRIC_REPRESENTATION_CONTEXT() REPRESENTATION_CONTEXT('2D SPACE',''
  ) );
#8536 = ADVANCED_FACE('',(#8537),#7515,.F.);
#8537 = FACE_BOUND('',#8538,.F.);
#8538 = EDGE_LOOP('',(#8539,#8540,#8541,#8542,#8570,#8597,#8624,#8645));
#8539 = ORIENTED_EDGE('',*,*,#8440,.F.);
#8540 = ORIENTED_EDGE('',*,*,#7499,.F.);
#8541 = ORIENTED_EDGE('',*,*,#8517,.T.);
#8542 = ORIENTED_EDGE('',*,*,#8543,.T.);
#8543 = EDGE_CURVE('',#8490,#8544,#8546,.T.);
#8544 = VERTEX_POINT('',#8545);
#8545 = CARTESIAN_POINT('',(-68.5,10.995,8.2));
#8546 = SURFACE_CURVE('',#8547,(#8551,#8558),.PCURVE_S1.);
#8547 = LINE('',#8548,#8549);
#8548 = CARTESIAN_POINT('',(0.,10.995,8.2));
#8549 = VECTOR('',#8550,1.);
#8550 = DIRECTION('',(1.,0.,0.));
#8551 = PCURVE('',#7515,#8552);
#8552 = DEFINITIONAL_REPRESENTATION('',(#8553),#8557);
#8553 = LINE('',#8554,#8555);
#8554 = CARTESIAN_POINT('',(72.5,-5.8));
#8555 = VECTOR('',#8556,1.);
#8556 = DIRECTION('',(1.,0.));
#8557 = ( GEOMETRIC_REPRESENTATION_CONTEXT(2) 
PARAMETRIC_REPRESENTATION_CONTEXT() REPRESENTATION_CONTEXT('2D SPACE',''
  ) );
#8558 = PCURVE('',#8559,#8564);
#8559 = PLANE('',#8560);
#8560 = AXIS2_PLACEMENT_3D('',#8561,#8562,#8563);
#8561 = CARTESIAN_POINT('',(-1.215265353741E-15,-1.962015803126E-10,8.2)
  );
#8562 = DIRECTION('',(0.,0.,1.));
#8563 = DIRECTION('',(1.,0.,-0.));
#8564 = DEFINITIONAL_REPRESENTATION('',(#8565),#8569);
#8565 = LINE('',#8566,#8567);
#8566 = CARTESIAN_POINT('',(1.215265353741E-15,10.995000000197));
#8567 = VECTOR('',#8568,1.);
#8568 = DIRECTION('',(1.,0.));
#8569 = ( GEOMETRIC_REPRESENTATION_CONTEXT(2) 
PARAMETRIC_REPRESENTATION_CONTEXT() REPRESENTATION_CONTEXT('2D SPACE',''
  ) );
#8570 = ORIENTED_EDGE('',*,*,#8571,.T.);
#8571 = EDGE_CURVE('',#8544,#8572,#8574,.T.);
#8572 = VERTEX_POINT('',#8573);
#8573 = CARTESIAN_POINT('',(-68.5,10.995,5.7));
#8574 = SURFACE_CURVE('',#8575,(#8579,#8586),.PCURVE_S1.);
#8575 = LINE('',#8576,#8577);
#8576 = CARTESIAN_POINT('',(-68.5,10.995,4.05));
#8577 = VECTOR('',#8578,1.);
#8578 = DIRECTION('',(-0.,0.,-1.));
#8579 = PCURVE('',#7515,#8580);
#8580 = DEFINITIONAL_REPRESENTATION('',(#8581),#8585);
#8581 = LINE('',#8582,#8583);
#8582 = CARTESIAN_POINT('',(4.,-1.65));
#8583 = VECTOR('',#8584,1.);
#8584 = DIRECTION('',(0.,1.));
#8585 = ( GEOMETRIC_REPRESENTATION_CONTEXT(2) 
PARAMETRIC_REPRESENTATION_CONTEXT() REPRESENTATION_CONTEXT('2D SPACE',''
  ) );
#8586 = PCURVE('',#8587,#8592);
#8587 = PLANE('',#8588);
#8588 = AXIS2_PLACEMENT_3D('',#8589,#8590,#8591);
#8589 = CARTESIAN_POINT('',(-68.5,-12.995,5.7));
#8590 = DIRECTION('',(1.,0.,-0.));
#8591 = DIRECTION('',(0.,0.,1.));
#8592 = DEFINITIONAL_REPRESENTATION('',(#8593),#8596);
#8593 = B_SPLINE_CURVE_WITH_KNOTS('',1,(#8594,#8595),.UNSPECIFIED.,.F.,
  .F.,(2,2),(-4.15,-1.65),.PIECEWISE_BEZIER_KNOTS.);
#8594 = CARTESIAN_POINT('',(2.5,-23.99));
#8595 = CARTESIAN_POINT('',(0.,-23.99));
#8596 = ( GEOMETRIC_REPRESENTATION_CONTEXT(2) 
PARAMETRIC_REPRESENTATION_CONTEXT() REPRESENTATION_CONTEXT('2D SPACE',''
  ) );
#8597 = ORIENTED_EDGE('',*,*,#8598,.T.);
#8598 = EDGE_CURVE('',#8572,#8599,#8601,.T.);
#8599 = VERTEX_POINT('',#8600);
#8600 = CARTESIAN_POINT('',(-66.5,10.995,5.7));
#8601 = SURFACE_CURVE('',#8602,(#8606,#8613),.PCURVE_S1.);
#8602 = LINE('',#8603,#8604);
#8603 = CARTESIAN_POINT('',(-70.5,10.995,5.7));
#8604 = VECTOR('',#8605,1.);
#8605 = DIRECTION('',(1.,0.,0.));
#8606 = PCURVE('',#7515,#8607);
#8607 = DEFINITIONAL_REPRESENTATION('',(#8608),#8612);
#8608 = LINE('',#8609,#8610);
#8609 = CARTESIAN_POINT('',(2.,-3.3));
#8610 = VECTOR('',#8611,1.);
#8611 = DIRECTION('',(1.,0.));
#8612 = ( GEOMETRIC_REPRESENTATION_CONTEXT(2) 
PARAMETRIC_REPRESENTATION_CONTEXT() REPRESENTATION_CONTEXT('2D SPACE',''
  ) );
#8613 = PCURVE('',#8614,#8619);
#8614 = PLANE('',#8615);
#8615 = AXIS2_PLACEMENT_3D('',#8616,#8617,#8618);
#8616 = CARTESIAN_POINT('',(-68.5,-12.995,5.7));
#8617 = DIRECTION('',(0.,0.,1.));
#8618 = DIRECTION('',(1.,0.,-0.));
#8619 = DEFINITIONAL_REPRESENTATION('',(#8620),#8623);
#8620 = B_SPLINE_CURVE_WITH_KNOTS('',1,(#8621,#8622),.UNSPECIFIED.,.F.,
  .F.,(2,2),(2.,143.),.PIECEWISE_BEZIER_KNOTS.);
#8621 = CARTESIAN_POINT('',(0.,23.99));
#8622 = CARTESIAN_POINT('',(141.,23.99));
#8623 = ( GEOMETRIC_REPRESENTATION_CONTEXT(2) 
PARAMETRIC_REPRESENTATION_CONTEXT() REPRESENTATION_CONTEXT('2D SPACE',''
  ) );
#8624 = ORIENTED_EDGE('',*,*,#8625,.T.);
#8625 = EDGE_CURVE('',#8599,#7636,#8626,.T.);
#8626 = SURFACE_CURVE('',#8627,(#8631,#8638),.PCURVE_S1.);
#8627 = LINE('',#8628,#8629);
#8628 = CARTESIAN_POINT('',(-66.5,10.995,5.6));
#8629 = VECTOR('',#8630,1.);
#8630 = DIRECTION('',(0.,0.,1.));
#8631 = PCURVE('',#7515,#8632);
#8632 = DEFINITIONAL_REPRESENTATION('',(#8633),#8637);
#8633 = LINE('',#8634,#8635);
#8634 = CARTESIAN_POINT('',(6.,-3.2));
#8635 = VECTOR('',#8636,1.);
#8636 = DIRECTION('',(0.,-1.));
#8637 = ( GEOMETRIC_REPRESENTATION_CONTEXT(2) 
PARAMETRIC_REPRESENTATION_CONTEXT() REPRESENTATION_CONTEXT('2D SPACE',''
  ) );
#8638 = PCURVE('',#7651,#8639);
#8639 = DEFINITIONAL_REPRESENTATION('',(#8640),#8644);
#8640 = LINE('',#8641,#8642);
#8641 = CARTESIAN_POINT('',(0.,-21.99));
#8642 = VECTOR('',#8643,1.);
#8643 = DIRECTION('',(1.,0.));
#8644 = ( GEOMETRIC_REPRESENTATION_CONTEXT(2) 
PARAMETRIC_REPRESENTATION_CONTEXT() REPRESENTATION_CONTEXT('2D SPACE',''
  ) );
#8645 = ORIENTED_EDGE('',*,*,#7756,.T.);
#8646 = ADVANCED_FACE('',(#8647),#7459,.F.);
#8647 = FACE_BOUND('',#8648,.T.);
#8648 = EDGE_LOOP('',(#8649,#8650,#8674,#8695));
#8649 = ORIENTED_EDGE('',*,*,#8466,.T.);
#8650 = ORIENTED_EDGE('',*,*,#8651,.T.);
#8651 = EDGE_CURVE('',#8467,#8652,#8654,.T.);
#8652 = VERTEX_POINT('',#8653);
#8653 = CARTESIAN_POINT('',(-73.5,9.994999997139,8.2));
#8654 = SURFACE_CURVE('',#8655,(#8660,#8667),.PCURVE_S1.);
#8655 = CIRCLE('',#8656,1.);
#8656 = AXIS2_PLACEMENT_3D('',#8657,#8658,#8659);
#8657 = CARTESIAN_POINT('',(-72.5,9.994999997139,8.2));
#8658 = DIRECTION('',(0.,0.,1.));
#8659 = DIRECTION('',(1.,0.,0.));
#8660 = PCURVE('',#7459,#8661);
#8661 = DEFINITIONAL_REPRESENTATION('',(#8662),#8666);
#8662 = LINE('',#8663,#8664);
#8663 = CARTESIAN_POINT('',(-0.,-5.8));
#8664 = VECTOR('',#8665,1.);
#8665 = DIRECTION('',(-1.,0.));
#8666 = ( GEOMETRIC_REPRESENTATION_CONTEXT(2) 
PARAMETRIC_REPRESENTATION_CONTEXT() REPRESENTATION_CONTEXT('2D SPACE',''
  ) );
#8667 = PCURVE('',#8505,#8668);
#8668 = DEFINITIONAL_REPRESENTATION('',(#8669),#8673);
#8669 = CIRCLE('',#8670,1.);
#8670 = AXIS2_PLACEMENT_2D('',#8671,#8672);
#8671 = CARTESIAN_POINT('',(-72.5,9.994999997335));
#8672 = DIRECTION('',(1.,0.));
#8673 = ( GEOMETRIC_REPRESENTATION_CONTEXT(2) 
PARAMETRIC_REPRESENTATION_CONTEXT() REPRESENTATION_CONTEXT('2D SPACE',''
  ) );
#8674 = ORIENTED_EDGE('',*,*,#8675,.F.);
#8675 = EDGE_CURVE('',#7415,#8652,#8676,.T.);
#8676 = SURFACE_CURVE('',#8677,(#8681,#8688),.PCURVE_S1.);
#8677 = LINE('',#8678,#8679);
#8678 = CARTESIAN_POINT('',(-73.5,9.994999997139,2.4));
#8679 = VECTOR('',#8680,1.);
#8680 = DIRECTION('',(0.,0.,1.));
#8681 = PCURVE('',#7459,#8682);
#8682 = DEFINITIONAL_REPRESENTATION('',(#8683),#8687);
#8683 = LINE('',#8684,#8685);
#8684 = CARTESIAN_POINT('',(-3.14159265359,0.));
#8685 = VECTOR('',#8686,1.);
#8686 = DIRECTION('',(-0.,-1.));
#8687 = ( GEOMETRIC_REPRESENTATION_CONTEXT(2) 
PARAMETRIC_REPRESENTATION_CONTEXT() REPRESENTATION_CONTEXT('2D SPACE',''
  ) );
#8688 = PCURVE('',#7430,#8689);
#8689 = DEFINITIONAL_REPRESENTATION('',(#8690),#8694);
#8690 = LINE('',#8691,#8692);
#8691 = CARTESIAN_POINT('',(19.989999997139,0.));
#8692 = VECTOR('',#8693,1.);
#8693 = DIRECTION('',(0.,-1.));
#8694 = ( GEOMETRIC_REPRESENTATION_CONTEXT(2) 
PARAMETRIC_REPRESENTATION_CONTEXT() REPRESENTATION_CONTEXT('2D SPACE',''
  ) );
#8695 = ORIENTED_EDGE('',*,*,#7442,.F.);
#8696 = ADVANCED_FACE('',(#8697),#7430,.F.);
#8697 = FACE_BOUND('',#8698,.F.);
#8698 = EDGE_LOOP('',(#8699,#8722,#8743,#8744));
#8699 = ORIENTED_EDGE('',*,*,#8700,.T.);
#8700 = EDGE_CURVE('',#7386,#8701,#8703,.T.);
#8701 = VERTEX_POINT('',#8702);
#8702 = CARTESIAN_POINT('',(-73.5,-9.995,8.2));
#8703 = SURFACE_CURVE('',#8704,(#8708,#8715),.PCURVE_S1.);
#8704 = LINE('',#8705,#8706);
#8705 = CARTESIAN_POINT('',(-73.5,-9.995,2.4));
#8706 = VECTOR('',#8707,1.);
#8707 = DIRECTION('',(0.,0.,1.));
#8708 = PCURVE('',#7430,#8709);
#8709 = DEFINITIONAL_REPRESENTATION('',(#8710),#8714);
#8710 = LINE('',#8711,#8712);
#8711 = CARTESIAN_POINT('',(0.,0.));
#8712 = VECTOR('',#8713,1.);
#8713 = DIRECTION('',(0.,-1.));
#8714 = ( GEOMETRIC_REPRESENTATION_CONTEXT(2) 
PARAMETRIC_REPRESENTATION_CONTEXT() REPRESENTATION_CONTEXT('2D SPACE',''
  ) );
#8715 = PCURVE('',#7402,#8716);
#8716 = DEFINITIONAL_REPRESENTATION('',(#8717),#8721);
#8717 = LINE('',#8718,#8719);
#8718 = CARTESIAN_POINT('',(-3.14159265359,0.));
#8719 = VECTOR('',#8720,1.);
#8720 = DIRECTION('',(-0.,-1.));
#8721 = ( GEOMETRIC_REPRESENTATION_CONTEXT(2) 
PARAMETRIC_REPRESENTATION_CONTEXT() REPRESENTATION_CONTEXT('2D SPACE',''
  ) );
#8722 = ORIENTED_EDGE('',*,*,#8723,.T.);
#8723 = EDGE_CURVE('',#8701,#8652,#8724,.T.);
#8724 = SURFACE_CURVE('',#8725,(#8729,#8736),.PCURVE_S1.);
#8725 = LINE('',#8726,#8727);
#8726 = CARTESIAN_POINT('',(-73.5,4.645173135032E-13,8.2));
#8727 = VECTOR('',#8728,1.);
#8728 = DIRECTION('',(0.,1.,0.));
#8729 = PCURVE('',#7430,#8730);
#8730 = DEFINITIONAL_REPRESENTATION('',(#8731),#8735);
#8731 = LINE('',#8732,#8733);
#8732 = CARTESIAN_POINT('',(9.995000000001,-5.8));
#8733 = VECTOR('',#8734,1.);
#8734 = DIRECTION('',(1.,0.));
#8735 = ( GEOMETRIC_REPRESENTATION_CONTEXT(2) 
PARAMETRIC_REPRESENTATION_CONTEXT() REPRESENTATION_CONTEXT('2D SPACE',''
  ) );
#8736 = PCURVE('',#8505,#8737);
#8737 = DEFINITIONAL_REPRESENTATION('',(#8738),#8742);
#8738 = LINE('',#8739,#8740);
#8739 = CARTESIAN_POINT('',(-73.5,1.966660976261E-10));
#8740 = VECTOR('',#8741,1.);
#8741 = DIRECTION('',(0.,1.));
#8742 = ( GEOMETRIC_REPRESENTATION_CONTEXT(2) 
PARAMETRIC_REPRESENTATION_CONTEXT() REPRESENTATION_CONTEXT('2D SPACE',''
  ) );
#8743 = ORIENTED_EDGE('',*,*,#8675,.F.);
#8744 = ORIENTED_EDGE('',*,*,#7414,.F.);
#8745 = ADVANCED_FACE('',(#8746),#7402,.F.);
#8746 = FACE_BOUND('',#8747,.T.);
#8747 = EDGE_LOOP('',(#8748,#8749,#8773,#8794));
#8748 = ORIENTED_EDGE('',*,*,#8700,.T.);
#8749 = ORIENTED_EDGE('',*,*,#8750,.T.);
#8750 = EDGE_CURVE('',#8701,#8751,#8753,.T.);
#8751 = VERTEX_POINT('',#8752);
#8752 = CARTESIAN_POINT('',(-72.5,-10.995,8.2));
#8753 = SURFACE_CURVE('',#8754,(#8759,#8766),.PCURVE_S1.);
#8754 = CIRCLE('',#8755,1.);
#8755 = AXIS2_PLACEMENT_3D('',#8756,#8757,#8758);
#8756 = CARTESIAN_POINT('',(-72.5,-9.995,8.2));
#8757 = DIRECTION('',(0.,0.,1.));
#8758 = DIRECTION('',(1.,0.,0.));
#8759 = PCURVE('',#7402,#8760);
#8760 = DEFINITIONAL_REPRESENTATION('',(#8761),#8765);
#8761 = LINE('',#8762,#8763);
#8762 = CARTESIAN_POINT('',(-0.,-5.8));
#8763 = VECTOR('',#8764,1.);
#8764 = DIRECTION('',(-1.,0.));
#8765 = ( GEOMETRIC_REPRESENTATION_CONTEXT(2) 
PARAMETRIC_REPRESENTATION_CONTEXT() REPRESENTATION_CONTEXT('2D SPACE',''
  ) );
#8766 = PCURVE('',#8505,#8767);
#8767 = DEFINITIONAL_REPRESENTATION('',(#8768),#8772);
#8768 = CIRCLE('',#8769,1.);
#8769 = AXIS2_PLACEMENT_2D('',#8770,#8771);
#8770 = CARTESIAN_POINT('',(-72.5,-9.994999999804));
#8771 = DIRECTION('',(1.,0.));
#8772 = ( GEOMETRIC_REPRESENTATION_CONTEXT(2) 
PARAMETRIC_REPRESENTATION_CONTEXT() REPRESENTATION_CONTEXT('2D SPACE',''
  ) );
#8773 = ORIENTED_EDGE('',*,*,#8774,.F.);
#8774 = EDGE_CURVE('',#7358,#8751,#8775,.T.);
#8775 = SURFACE_CURVE('',#8776,(#8780,#8787),.PCURVE_S1.);
#8776 = LINE('',#8777,#8778);
#8777 = CARTESIAN_POINT('',(-72.5,-10.995,2.4));
#8778 = VECTOR('',#8779,1.);
#8779 = DIRECTION('',(0.,0.,1.));
#8780 = PCURVE('',#7402,#8781);
#8781 = DEFINITIONAL_REPRESENTATION('',(#8782),#8786);
#8782 = LINE('',#8783,#8784);
#8783 = CARTESIAN_POINT('',(-4.712388980385,0.));
#8784 = VECTOR('',#8785,1.);
#8785 = DIRECTION('',(-0.,-1.));
#8786 = ( GEOMETRIC_REPRESENTATION_CONTEXT(2) 
PARAMETRIC_REPRESENTATION_CONTEXT() REPRESENTATION_CONTEXT('2D SPACE',''
  ) );
#8787 = PCURVE('',#7373,#8788);
#8788 = DEFINITIONAL_REPRESENTATION('',(#8789),#8793);
#8789 = LINE('',#8790,#8791);
#8790 = CARTESIAN_POINT('',(0.,0.));
#8791 = VECTOR('',#8792,1.);
#8792 = DIRECTION('',(0.,-1.));
#8793 = ( GEOMETRIC_REPRESENTATION_CONTEXT(2) 
PARAMETRIC_REPRESENTATION_CONTEXT() REPRESENTATION_CONTEXT('2D SPACE',''
  ) );
#8794 = ORIENTED_EDGE('',*,*,#7385,.F.);
#8795 = ADVANCED_FACE('',(#8796),#7373,.T.);
#8796 = FACE_BOUND('',#8797,.T.);
#8797 = EDGE_LOOP('',(#8798,#8799,#8800,#8823));
#8798 = ORIENTED_EDGE('',*,*,#7357,.F.);
#8799 = ORIENTED_EDGE('',*,*,#8774,.T.);
#8800 = ORIENTED_EDGE('',*,*,#8801,.T.);
#8801 = EDGE_CURVE('',#8751,#8802,#8804,.T.);
#8802 = VERTEX_POINT('',#8803);
#8803 = CARTESIAN_POINT('',(-70.,-10.995,8.2));
#8804 = SURFACE_CURVE('',#8805,(#8809,#8816),.PCURVE_S1.);
#8805 = LINE('',#8806,#8807);
#8806 = CARTESIAN_POINT('',(0.,-10.995,8.2));
#8807 = VECTOR('',#8808,1.);
#8808 = DIRECTION('',(1.,0.,0.));
#8809 = PCURVE('',#7373,#8810);
#8810 = DEFINITIONAL_REPRESENTATION('',(#8811),#8815);
#8811 = LINE('',#8812,#8813);
#8812 = CARTESIAN_POINT('',(72.5,-5.8));
#8813 = VECTOR('',#8814,1.);
#8814 = DIRECTION('',(1.,0.));
#8815 = ( GEOMETRIC_REPRESENTATION_CONTEXT(2) 
PARAMETRIC_REPRESENTATION_CONTEXT() REPRESENTATION_CONTEXT('2D SPACE',''
  ) );
#8816 = PCURVE('',#8505,#8817);
#8817 = DEFINITIONAL_REPRESENTATION('',(#8818),#8822);
#8818 = LINE('',#8819,#8820);
#8819 = CARTESIAN_POINT('',(1.215265353741E-15,-10.9949999998));
#8820 = VECTOR('',#8821,1.);
#8821 = DIRECTION('',(1.,0.));
#8822 = ( GEOMETRIC_REPRESENTATION_CONTEXT(2) 
PARAMETRIC_REPRESENTATION_CONTEXT() REPRESENTATION_CONTEXT('2D SPACE',''
  ) );
#8823 = ORIENTED_EDGE('',*,*,#8824,.F.);
#8824 = EDGE_CURVE('',#7330,#8802,#8825,.T.);
#8825 = SURFACE_CURVE('',#8826,(#8830,#8836),.PCURVE_S1.);
#8826 = LINE('',#8827,#8828);
#8827 = CARTESIAN_POINT('',(-70.,-10.995,2.4));
#8828 = VECTOR('',#8829,1.);
#8829 = DIRECTION('',(0.,0.,1.));
#8830 = PCURVE('',#7373,#8831);
#8831 = DEFINITIONAL_REPRESENTATION('',(#8832),#8835);
#8832 = B_SPLINE_CURVE_WITH_KNOTS('',1,(#8833,#8834),.UNSPECIFIED.,.F.,
  .F.,(2,2),(-2.400000000069E-06,5.8000024),.PIECEWISE_BEZIER_KNOTS.);
#8833 = CARTESIAN_POINT('',(2.5,2.399999999625E-06));
#8834 = CARTESIAN_POINT('',(2.5,-5.8000024));
#8835 = ( GEOMETRIC_REPRESENTATION_CONTEXT(2) 
PARAMETRIC_REPRESENTATION_CONTEXT() REPRESENTATION_CONTEXT('2D SPACE',''
  ) );
#8836 = PCURVE('',#7345,#8837);
#8837 = DEFINITIONAL_REPRESENTATION('',(#8838),#8842);
#8838 = LINE('',#8839,#8840);
#8839 = CARTESIAN_POINT('',(2.5,-4.440892098501E-16));
#8840 = VECTOR('',#8841,1.);
#8841 = DIRECTION('',(0.,-1.));
#8842 = ( GEOMETRIC_REPRESENTATION_CONTEXT(2) 
PARAMETRIC_REPRESENTATION_CONTEXT() REPRESENTATION_CONTEXT('2D SPACE',''
  ) );
#8843 = ADVANCED_FACE('',(#8844),#7345,.T.);
#8844 = FACE_BOUND('',#8845,.T.);
#8845 = EDGE_LOOP('',(#8846,#8867,#8868,#8869,#8897,#8924,#8946,#8967));
#8846 = ORIENTED_EDGE('',*,*,#8847,.F.);
#8847 = EDGE_CURVE('',#7301,#7663,#8848,.T.);
#8848 = SURFACE_CURVE('',#8849,(#8853,#8860),.PCURVE_S1.);
#8849 = LINE('',#8850,#8851);
#8850 = CARTESIAN_POINT('',(72.5,-10.995,2.4));
#8851 = VECTOR('',#8852,1.);
#8852 = DIRECTION('',(0.,0.,1.));
#8853 = PCURVE('',#7345,#8854);
#8854 = DEFINITIONAL_REPRESENTATION('',(#8855),#8859);
#8855 = LINE('',#8856,#8857);
#8856 = CARTESIAN_POINT('',(145.,0.));
#8857 = VECTOR('',#8858,1.);
#8858 = DIRECTION('',(0.,-1.));
#8859 = ( GEOMETRIC_REPRESENTATION_CONTEXT(2) 
PARAMETRIC_REPRESENTATION_CONTEXT() REPRESENTATION_CONTEXT('2D SPACE',''
  ) );
#8860 = PCURVE('',#7317,#8861);
#8861 = DEFINITIONAL_REPRESENTATION('',(#8862),#8866);
#8862 = LINE('',#8863,#8864);
#8863 = CARTESIAN_POINT('',(-4.712388980385,0.));
#8864 = VECTOR('',#8865,1.);
#8865 = DIRECTION('',(-0.,-1.));
#8866 = ( GEOMETRIC_REPRESENTATION_CONTEXT(2) 
PARAMETRIC_REPRESENTATION_CONTEXT() REPRESENTATION_CONTEXT('2D SPACE',''
  ) );
#8867 = ORIENTED_EDGE('',*,*,#7329,.F.);
#8868 = ORIENTED_EDGE('',*,*,#8824,.T.);
#8869 = ORIENTED_EDGE('',*,*,#8870,.T.);
#8870 = EDGE_CURVE('',#8802,#8871,#8873,.T.);
#8871 = VERTEX_POINT('',#8872);
#8872 = CARTESIAN_POINT('',(-68.5,-10.995,8.2));
#8873 = SURFACE_CURVE('',#8874,(#8878,#8885),.PCURVE_S1.);
#8874 = LINE('',#8875,#8876);
#8875 = CARTESIAN_POINT('',(0.,-10.995,8.2));
#8876 = VECTOR('',#8877,1.);
#8877 = DIRECTION('',(1.,0.,0.));
#8878 = PCURVE('',#7345,#8879);
#8879 = DEFINITIONAL_REPRESENTATION('',(#8880),#8884);
#8880 = LINE('',#8881,#8882);
#8881 = CARTESIAN_POINT('',(72.5,-5.8));
#8882 = VECTOR('',#8883,1.);
#8883 = DIRECTION('',(1.,0.));
#8884 = ( GEOMETRIC_REPRESENTATION_CONTEXT(2) 
PARAMETRIC_REPRESENTATION_CONTEXT() REPRESENTATION_CONTEXT('2D SPACE',''
  ) );
#8885 = PCURVE('',#8886,#8891);
#8886 = PLANE('',#8887);
#8887 = AXIS2_PLACEMENT_3D('',#8888,#8889,#8890);
#8888 = CARTESIAN_POINT('',(-1.215265353741E-15,-1.962015803126E-10,8.2)
  );
#8889 = DIRECTION('',(0.,0.,1.));
#8890 = DIRECTION('',(1.,0.,-0.));
#8891 = DEFINITIONAL_REPRESENTATION('',(#8892),#8896);
#8892 = LINE('',#8893,#8894);
#8893 = CARTESIAN_POINT('',(1.215265353741E-15,-10.9949999998));
#8894 = VECTOR('',#8895,1.);
#8895 = DIRECTION('',(1.,0.));
#8896 = ( GEOMETRIC_REPRESENTATION_CONTEXT(2) 
PARAMETRIC_REPRESENTATION_CONTEXT() REPRESENTATION_CONTEXT('2D SPACE',''
  ) );
#8897 = ORIENTED_EDGE('',*,*,#8898,.T.);
#8898 = EDGE_CURVE('',#8871,#8899,#8901,.T.);
#8899 = VERTEX_POINT('',#8900);
#8900 = CARTESIAN_POINT('',(-68.5,-10.995,5.7));
#8901 = SURFACE_CURVE('',#8902,(#8906,#8913),.PCURVE_S1.);
#8902 = LINE('',#8903,#8904);
#8903 = CARTESIAN_POINT('',(-68.5,-10.995,4.05));
#8904 = VECTOR('',#8905,1.);
#8905 = DIRECTION('',(-0.,0.,-1.));
#8906 = PCURVE('',#7345,#8907);
#8907 = DEFINITIONAL_REPRESENTATION('',(#8908),#8912);
#8908 = LINE('',#8909,#8910);
#8909 = CARTESIAN_POINT('',(4.,-1.65));
#8910 = VECTOR('',#8911,1.);
#8911 = DIRECTION('',(0.,1.));
#8912 = ( GEOMETRIC_REPRESENTATION_CONTEXT(2) 
PARAMETRIC_REPRESENTATION_CONTEXT() REPRESENTATION_CONTEXT('2D SPACE',''
  ) );
#8913 = PCURVE('',#8914,#8919);
#8914 = PLANE('',#8915);
#8915 = AXIS2_PLACEMENT_3D('',#8916,#8917,#8918);
#8916 = CARTESIAN_POINT('',(-68.5,-12.995,5.7));
#8917 = DIRECTION('',(1.,0.,-0.));
#8918 = DIRECTION('',(0.,0.,1.));
#8919 = DEFINITIONAL_REPRESENTATION('',(#8920),#8923);
#8920 = B_SPLINE_CURVE_WITH_KNOTS('',1,(#8921,#8922),.UNSPECIFIED.,.F.,
  .F.,(2,2),(-4.15,-1.65),.PIECEWISE_BEZIER_KNOTS.);
#8921 = CARTESIAN_POINT('',(2.5,-2.));
#8922 = CARTESIAN_POINT('',(0.,-2.));
#8923 = ( GEOMETRIC_REPRESENTATION_CONTEXT(2) 
PARAMETRIC_REPRESENTATION_CONTEXT() REPRESENTATION_CONTEXT('2D SPACE',''
  ) );
#8924 = ORIENTED_EDGE('',*,*,#8925,.T.);
#8925 = EDGE_CURVE('',#8899,#8926,#8928,.T.);
#8926 = VERTEX_POINT('',#8927);
#8927 = CARTESIAN_POINT('',(-66.5,-10.995,5.7));
#8928 = SURFACE_CURVE('',#8929,(#8933,#8940),.PCURVE_S1.);
#8929 = LINE('',#8930,#8931);
#8930 = CARTESIAN_POINT('',(-70.5,-10.995,5.7));
#8931 = VECTOR('',#8932,1.);
#8932 = DIRECTION('',(1.,0.,0.));
#8933 = PCURVE('',#7345,#8934);
#8934 = DEFINITIONAL_REPRESENTATION('',(#8935),#8939);
#8935 = LINE('',#8936,#8937);
#8936 = CARTESIAN_POINT('',(2.,-3.3));
#8937 = VECTOR('',#8938,1.);
#8938 = DIRECTION('',(1.,0.));
#8939 = ( GEOMETRIC_REPRESENTATION_CONTEXT(2) 
PARAMETRIC_REPRESENTATION_CONTEXT() REPRESENTATION_CONTEXT('2D SPACE',''
  ) );
#8940 = PCURVE('',#8614,#8941);
#8941 = DEFINITIONAL_REPRESENTATION('',(#8942),#8945);
#8942 = B_SPLINE_CURVE_WITH_KNOTS('',1,(#8943,#8944),.UNSPECIFIED.,.F.,
  .F.,(2,2),(2.,143.),.PIECEWISE_BEZIER_KNOTS.);
#8943 = CARTESIAN_POINT('',(0.,2.));
#8944 = CARTESIAN_POINT('',(141.,2.));
#8945 = ( GEOMETRIC_REPRESENTATION_CONTEXT(2) 
PARAMETRIC_REPRESENTATION_CONTEXT() REPRESENTATION_CONTEXT('2D SPACE',''
  ) );
#8946 = ORIENTED_EDGE('',*,*,#8947,.T.);
#8947 = EDGE_CURVE('',#8926,#7634,#8948,.T.);
#8948 = SURFACE_CURVE('',#8949,(#8953,#8960),.PCURVE_S1.);
#8949 = LINE('',#8950,#8951);
#8950 = CARTESIAN_POINT('',(-66.5,-10.995,5.6));
#8951 = VECTOR('',#8952,1.);
#8952 = DIRECTION('',(0.,0.,1.));
#8953 = PCURVE('',#7345,#8954);
#8954 = DEFINITIONAL_REPRESENTATION('',(#8955),#8959);
#8955 = LINE('',#8956,#8957);
#8956 = CARTESIAN_POINT('',(6.,-3.2));
#8957 = VECTOR('',#8958,1.);
#8958 = DIRECTION('',(0.,-1.));
#8959 = ( GEOMETRIC_REPRESENTATION_CONTEXT(2) 
PARAMETRIC_REPRESENTATION_CONTEXT() REPRESENTATION_CONTEXT('2D SPACE',''
  ) );
#8960 = PCURVE('',#7651,#8961);
#8961 = DEFINITIONAL_REPRESENTATION('',(#8962),#8966);
#8962 = LINE('',#8963,#8964);
#8963 = CARTESIAN_POINT('',(0.,0.));
#8964 = VECTOR('',#8965,1.);
#8965 = DIRECTION('',(1.,0.));
#8966 = ( GEOMETRIC_REPRESENTATION_CONTEXT(2) 
PARAMETRIC_REPRESENTATION_CONTEXT() REPRESENTATION_CONTEXT('2D SPACE',''
  ) );
#8967 = ORIENTED_EDGE('',*,*,#7662,.T.);
#8968 = ADVANCED_FACE('',(#8969),#7317,.F.);
#8969 = FACE_BOUND('',#8970,.T.);
#8970 = EDGE_LOOP('',(#8971,#8972,#8973,#8974));
#8971 = ORIENTED_EDGE('',*,*,#8847,.T.);
#8972 = ORIENTED_EDGE('',*,*,#7685,.T.);
#8973 = ORIENTED_EDGE('',*,*,#8178,.F.);
#8974 = ORIENTED_EDGE('',*,*,#7300,.F.);
#8975 = ADVANCED_FACE('',(#8976),#7651,.T.);
#8976 = FACE_BOUND('',#8977,.T.);
#8977 = EDGE_LOOP('',(#8978,#8979,#8998,#8999));
#8978 = ORIENTED_EDGE('',*,*,#8947,.F.);
#8979 = ORIENTED_EDGE('',*,*,#8980,.T.);
#8980 = EDGE_CURVE('',#8926,#8599,#8981,.T.);
#8981 = SURFACE_CURVE('',#8982,(#8986,#8992),.PCURVE_S1.);
#8982 = LINE('',#8983,#8984);
#8983 = CARTESIAN_POINT('',(-66.5,-11.995,5.7));
#8984 = VECTOR('',#8985,1.);
#8985 = DIRECTION('',(-0.,1.,0.));
#8986 = PCURVE('',#7651,#8987);
#8987 = DEFINITIONAL_REPRESENTATION('',(#8988),#8991);
#8988 = B_SPLINE_CURVE_WITH_KNOTS('',1,(#8989,#8990),.UNSPECIFIED.,.F.,
  .F.,(2,2),(1.,22.99),.PIECEWISE_BEZIER_KNOTS.);
#8989 = CARTESIAN_POINT('',(1.E-01,0.));
#8990 = CARTESIAN_POINT('',(1.E-01,-21.99));
#8991 = ( GEOMETRIC_REPRESENTATION_CONTEXT(2) 
PARAMETRIC_REPRESENTATION_CONTEXT() REPRESENTATION_CONTEXT('2D SPACE',''
  ) );
#8992 = PCURVE('',#8614,#8993);
#8993 = DEFINITIONAL_REPRESENTATION('',(#8994),#8997);
#8994 = B_SPLINE_CURVE_WITH_KNOTS('',1,(#8995,#8996),.UNSPECIFIED.,.F.,
  .F.,(2,2),(1.,22.99),.PIECEWISE_BEZIER_KNOTS.);
#8995 = CARTESIAN_POINT('',(2.,2.));
#8996 = CARTESIAN_POINT('',(2.,23.99));
#8997 = ( GEOMETRIC_REPRESENTATION_CONTEXT(2) 
PARAMETRIC_REPRESENTATION_CONTEXT() REPRESENTATION_CONTEXT('2D SPACE',''
  ) );
#8998 = ORIENTED_EDGE('',*,*,#8625,.T.);
#8999 = ORIENTED_EDGE('',*,*,#7633,.F.);
#9000 = ADVANCED_FACE('',(#9001),#7796,.T.);
#9001 = FACE_BOUND('',#9002,.T.);
#9002 = EDGE_LOOP('',(#9003,#9004,#9027,#9054));
#9003 = ORIENTED_EDGE('',*,*,#7779,.F.);
#9004 = ORIENTED_EDGE('',*,*,#9005,.F.);
#9005 = EDGE_CURVE('',#9006,#7780,#9008,.T.);
#9006 = VERTEX_POINT('',#9007);
#9007 = CARTESIAN_POINT('',(-45.15,-8.295,7.5));
#9008 = SEAM_CURVE('',#9009,(#9013,#9020),.PCURVE_S1.);
#9009 = LINE('',#9010,#9011);
#9010 = CARTESIAN_POINT('',(-45.15,-8.295,7.5));
#9011 = VECTOR('',#9012,1.);
#9012 = DIRECTION('',(0.,0.,1.));
#9013 = PCURVE('',#7796,#9014);
#9014 = DEFINITIONAL_REPRESENTATION('',(#9015),#9019);
#9015 = LINE('',#9016,#9017);
#9016 = CARTESIAN_POINT('',(6.28318530718,-0.));
#9017 = VECTOR('',#9018,1.);
#9018 = DIRECTION('',(0.,1.));
#9019 = ( GEOMETRIC_REPRESENTATION_CONTEXT(2) 
PARAMETRIC_REPRESENTATION_CONTEXT() REPRESENTATION_CONTEXT('2D SPACE',''
  ) );
#9020 = PCURVE('',#7796,#9021);
#9021 = DEFINITIONAL_REPRESENTATION('',(#9022),#9026);
#9022 = LINE('',#9023,#9024);
#9023 = CARTESIAN_POINT('',(0.,-0.));
#9024 = VECTOR('',#9025,1.);
#9025 = DIRECTION('',(0.,1.));
#9026 = ( GEOMETRIC_REPRESENTATION_CONTEXT(2) 
PARAMETRIC_REPRESENTATION_CONTEXT() REPRESENTATION_CONTEXT('2D SPACE',''
  ) );
#9027 = ORIENTED_EDGE('',*,*,#9028,.T.);
#9028 = EDGE_CURVE('',#9006,#9006,#9029,.T.);
#9029 = SURFACE_CURVE('',#9030,(#9035,#9042),.PCURVE_S1.);
#9030 = CIRCLE('',#9031,2.1);
#9031 = AXIS2_PLACEMENT_3D('',#9032,#9033,#9034);
#9032 = CARTESIAN_POINT('',(-47.25,-8.295,7.5));
#9033 = DIRECTION('',(0.,0.,1.));
#9034 = DIRECTION('',(1.,0.,-0.));
#9035 = PCURVE('',#7796,#9036);
#9036 = DEFINITIONAL_REPRESENTATION('',(#9037),#9041);
#9037 = LINE('',#9038,#9039);
#9038 = CARTESIAN_POINT('',(0.,0.));
#9039 = VECTOR('',#9040,1.);
#9040 = DIRECTION('',(1.,0.));
#9041 = ( GEOMETRIC_REPRESENTATION_CONTEXT(2) 
PARAMETRIC_REPRESENTATION_CONTEXT() REPRESENTATION_CONTEXT('2D SPACE',''
  ) );
#9042 = PCURVE('',#9043,#9048);
#9043 = PLANE('',#9044);
#9044 = AXIS2_PLACEMENT_3D('',#9045,#9046,#9047);
#9045 = CARTESIAN_POINT('',(-47.25,-8.295,7.5));
#9046 = DIRECTION('',(0.,0.,1.));
#9047 = DIRECTION('',(1.,0.,-0.));
#9048 = DEFINITIONAL_REPRESENTATION('',(#9049),#9053);
#9049 = CIRCLE('',#9050,2.1);
#9050 = AXIS2_PLACEMENT_2D('',#9051,#9052);
#9051 = CARTESIAN_POINT('',(0.,0.));
#9052 = DIRECTION('',(1.,0.));
#9053 = ( GEOMETRIC_REPRESENTATION_CONTEXT(2) 
PARAMETRIC_REPRESENTATION_CONTEXT() REPRESENTATION_CONTEXT('2D SPACE',''
  ) );
#9054 = ORIENTED_EDGE('',*,*,#9005,.T.);
#9055 = ADVANCED_FACE('',(#9056),#7827,.T.);
#9056 = FACE_BOUND('',#9057,.T.);
#9057 = EDGE_LOOP('',(#9058,#9059,#9082,#9109));
#9058 = ORIENTED_EDGE('',*,*,#7810,.F.);
#9059 = ORIENTED_EDGE('',*,*,#9060,.F.);
#9060 = EDGE_CURVE('',#9061,#7811,#9063,.T.);
#9061 = VERTEX_POINT('',#9062);
#9062 = CARTESIAN_POINT('',(-26.1,-8.295,7.5));
#9063 = SEAM_CURVE('',#9064,(#9068,#9075),.PCURVE_S1.);
#9064 = LINE('',#9065,#9066);
#9065 = CARTESIAN_POINT('',(-26.1,-8.295,7.5));
#9066 = VECTOR('',#9067,1.);
#9067 = DIRECTION('',(0.,0.,1.));
#9068 = PCURVE('',#7827,#9069);
#9069 = DEFINITIONAL_REPRESENTATION('',(#9070),#9074);
#9070 = LINE('',#9071,#9072);
#9071 = CARTESIAN_POINT('',(6.28318530718,-0.));
#9072 = VECTOR('',#9073,1.);
#9073 = DIRECTION('',(0.,1.));
#9074 = ( GEOMETRIC_REPRESENTATION_CONTEXT(2) 
PARAMETRIC_REPRESENTATION_CONTEXT() REPRESENTATION_CONTEXT('2D SPACE',''
  ) );
#9075 = PCURVE('',#7827,#9076);
#9076 = DEFINITIONAL_REPRESENTATION('',(#9077),#9081);
#9077 = LINE('',#9078,#9079);
#9078 = CARTESIAN_POINT('',(0.,-0.));
#9079 = VECTOR('',#9080,1.);
#9080 = DIRECTION('',(0.,1.));
#9081 = ( GEOMETRIC_REPRESENTATION_CONTEXT(2) 
PARAMETRIC_REPRESENTATION_CONTEXT() REPRESENTATION_CONTEXT('2D SPACE',''
  ) );
#9082 = ORIENTED_EDGE('',*,*,#9083,.T.);
#9083 = EDGE_CURVE('',#9061,#9061,#9084,.T.);
#9084 = SURFACE_CURVE('',#9085,(#9090,#9097),.PCURVE_S1.);
#9085 = CIRCLE('',#9086,2.1);
#9086 = AXIS2_PLACEMENT_3D('',#9087,#9088,#9089);
#9087 = CARTESIAN_POINT('',(-28.2,-8.295,7.5));
#9088 = DIRECTION('',(0.,0.,1.));
#9089 = DIRECTION('',(1.,0.,-0.));
#9090 = PCURVE('',#7827,#9091);
#9091 = DEFINITIONAL_REPRESENTATION('',(#9092),#9096);
#9092 = LINE('',#9093,#9094);
#9093 = CARTESIAN_POINT('',(0.,0.));
#9094 = VECTOR('',#9095,1.);
#9095 = DIRECTION('',(1.,0.));
#9096 = ( GEOMETRIC_REPRESENTATION_CONTEXT(2) 
PARAMETRIC_REPRESENTATION_CONTEXT() REPRESENTATION_CONTEXT('2D SPACE',''
  ) );
#9097 = PCURVE('',#9098,#9103);
#9098 = PLANE('',#9099);
#9099 = AXIS2_PLACEMENT_3D('',#9100,#9101,#9102);
#9100 = CARTESIAN_POINT('',(-28.2,-8.295,7.5));
#9101 = DIRECTION('',(0.,0.,1.));
#9102 = DIRECTION('',(1.,0.,-0.));
#9103 = DEFINITIONAL_REPRESENTATION('',(#9104),#9108);
#9104 = CIRCLE('',#9105,2.1);
#9105 = AXIS2_PLACEMENT_2D('',#9106,#9107);
#9106 = CARTESIAN_POINT('',(0.,0.));
#9107 = DIRECTION('',(1.,0.));
#9108 = ( GEOMETRIC_REPRESENTATION_CONTEXT(2) 
PARAMETRIC_REPRESENTATION_CONTEXT() REPRESENTATION_CONTEXT('2D SPACE',''
  ) );
#9109 = ORIENTED_EDGE('',*,*,#9060,.T.);
#9110 = ADVANCED_FACE('',(#9111),#7858,.T.);
#9111 = FACE_BOUND('',#9112,.T.);
#9112 = EDGE_LOOP('',(#9113,#9114,#9137,#9164));
#9113 = ORIENTED_EDGE('',*,*,#7841,.F.);
#9114 = ORIENTED_EDGE('',*,*,#9115,.F.);
#9115 = EDGE_CURVE('',#9116,#7842,#9118,.T.);
#9116 = VERTEX_POINT('',#9117);
#9117 = CARTESIAN_POINT('',(-7.05,-8.295,7.5));
#9118 = SEAM_CURVE('',#9119,(#9123,#9130),.PCURVE_S1.);
#9119 = LINE('',#9120,#9121);
#9120 = CARTESIAN_POINT('',(-7.05,-8.295,7.5));
#9121 = VECTOR('',#9122,1.);
#9122 = DIRECTION('',(0.,0.,1.));
#9123 = PCURVE('',#7858,#9124);
#9124 = DEFINITIONAL_REPRESENTATION('',(#9125),#9129);
#9125 = LINE('',#9126,#9127);
#9126 = CARTESIAN_POINT('',(6.28318530718,-0.));
#9127 = VECTOR('',#9128,1.);
#9128 = DIRECTION('',(0.,1.));
#9129 = ( GEOMETRIC_REPRESENTATION_CONTEXT(2) 
PARAMETRIC_REPRESENTATION_CONTEXT() REPRESENTATION_CONTEXT('2D SPACE',''
  ) );
#9130 = PCURVE('',#7858,#9131);
#9131 = DEFINITIONAL_REPRESENTATION('',(#9132),#9136);
#9132 = LINE('',#9133,#9134);
#9133 = CARTESIAN_POINT('',(0.,-0.));
#9134 = VECTOR('',#9135,1.);
#9135 = DIRECTION('',(0.,1.));
#9136 = ( GEOMETRIC_REPRESENTATION_CONTEXT(2) 
PARAMETRIC_REPRESENTATION_CONTEXT() REPRESENTATION_CONTEXT('2D SPACE',''
  ) );
#9137 = ORIENTED_EDGE('',*,*,#9138,.T.);
#9138 = EDGE_CURVE('',#9116,#9116,#9139,.T.);
#9139 = SURFACE_CURVE('',#9140,(#9145,#9152),.PCURVE_S1.);
#9140 = CIRCLE('',#9141,2.1);
#9141 = AXIS2_PLACEMENT_3D('',#9142,#9143,#9144);
#9142 = CARTESIAN_POINT('',(-9.15,-8.295,7.5));
#9143 = DIRECTION('',(0.,0.,1.));
#9144 = DIRECTION('',(1.,0.,-0.));
#9145 = PCURVE('',#7858,#9146);
#9146 = DEFINITIONAL_REPRESENTATION('',(#9147),#9151);
#9147 = LINE('',#9148,#9149);
#9148 = CARTESIAN_POINT('',(0.,0.));
#9149 = VECTOR('',#9150,1.);
#9150 = DIRECTION('',(1.,0.));
#9151 = ( GEOMETRIC_REPRESENTATION_CONTEXT(2) 
PARAMETRIC_REPRESENTATION_CONTEXT() REPRESENTATION_CONTEXT('2D SPACE',''
  ) );
#9152 = PCURVE('',#9153,#9158);
#9153 = PLANE('',#9154);
#9154 = AXIS2_PLACEMENT_3D('',#9155,#9156,#9157);
#9155 = CARTESIAN_POINT('',(-9.15,-8.295,7.5));
#9156 = DIRECTION('',(0.,0.,1.));
#9157 = DIRECTION('',(1.,0.,-0.));
#9158 = DEFINITIONAL_REPRESENTATION('',(#9159),#9163);
#9159 = CIRCLE('',#9160,2.1);
#9160 = AXIS2_PLACEMENT_2D('',#9161,#9162);
#9161 = CARTESIAN_POINT('',(0.,0.));
#9162 = DIRECTION('',(1.,0.));
#9163 = ( GEOMETRIC_REPRESENTATION_CONTEXT(2) 
PARAMETRIC_REPRESENTATION_CONTEXT() REPRESENTATION_CONTEXT('2D SPACE',''
  ) );
#9164 = ORIENTED_EDGE('',*,*,#9115,.T.);
#9165 = ADVANCED_FACE('',(#9166),#7889,.T.);
#9166 = FACE_BOUND('',#9167,.T.);
#9167 = EDGE_LOOP('',(#9168,#9169,#9192,#9219));
#9168 = ORIENTED_EDGE('',*,*,#7872,.F.);
#9169 = ORIENTED_EDGE('',*,*,#9170,.F.);
#9170 = EDGE_CURVE('',#9171,#7873,#9173,.T.);
#9171 = VERTEX_POINT('',#9172);
#9172 = CARTESIAN_POINT('',(-45.15,-3.295,7.5));
#9173 = SEAM_CURVE('',#9174,(#9178,#9185),.PCURVE_S1.);
#9174 = LINE('',#9175,#9176);
#9175 = CARTESIAN_POINT('',(-45.15,-3.295,7.5));
#9176 = VECTOR('',#9177,1.);
#9177 = DIRECTION('',(0.,0.,1.));
#9178 = PCURVE('',#7889,#9179);
#9179 = DEFINITIONAL_REPRESENTATION('',(#9180),#9184);
#9180 = LINE('',#9181,#9182);
#9181 = CARTESIAN_POINT('',(6.28318530718,-0.));
#9182 = VECTOR('',#9183,1.);
#9183 = DIRECTION('',(0.,1.));
#9184 = ( GEOMETRIC_REPRESENTATION_CONTEXT(2) 
PARAMETRIC_REPRESENTATION_CONTEXT() REPRESENTATION_CONTEXT('2D SPACE',''
  ) );
#9185 = PCURVE('',#7889,#9186);
#9186 = DEFINITIONAL_REPRESENTATION('',(#9187),#9191);
#9187 = LINE('',#9188,#9189);
#9188 = CARTESIAN_POINT('',(0.,-0.));
#9189 = VECTOR('',#9190,1.);
#9190 = DIRECTION('',(0.,1.));
#9191 = ( GEOMETRIC_REPRESENTATION_CONTEXT(2) 
PARAMETRIC_REPRESENTATION_CONTEXT() REPRESENTATION_CONTEXT('2D SPACE',''
  ) );
#9192 = ORIENTED_EDGE('',*,*,#9193,.T.);
#9193 = EDGE_CURVE('',#9171,#9171,#9194,.T.);
#9194 = SURFACE_CURVE('',#9195,(#9200,#9207),.PCURVE_S1.);
#9195 = CIRCLE('',#9196,2.1);
#9196 = AXIS2_PLACEMENT_3D('',#9197,#9198,#9199);
#9197 = CARTESIAN_POINT('',(-47.25,-3.295,7.5));
#9198 = DIRECTION('',(0.,0.,1.));
#9199 = DIRECTION('',(1.,0.,-0.));
#9200 = PCURVE('',#7889,#9201);
#9201 = DEFINITIONAL_REPRESENTATION('',(#9202),#9206);
#9202 = LINE('',#9203,#9204);
#9203 = CARTESIAN_POINT('',(0.,0.));
#9204 = VECTOR('',#9205,1.);
#9205 = DIRECTION('',(1.,0.));
#9206 = ( GEOMETRIC_REPRESENTATION_CONTEXT(2) 
PARAMETRIC_REPRESENTATION_CONTEXT() REPRESENTATION_CONTEXT('2D SPACE',''
  ) );
#9207 = PCURVE('',#9208,#9213);
#9208 = PLANE('',#9209);
#9209 = AXIS2_PLACEMENT_3D('',#9210,#9211,#9212);
#9210 = CARTESIAN_POINT('',(-47.25,-3.295,7.5));
#9211 = DIRECTION('',(0.,0.,1.));
#9212 = DIRECTION('',(1.,0.,-0.));
#9213 = DEFINITIONAL_REPRESENTATION('',(#9214),#9218);
#9214 = CIRCLE('',#9215,2.1);
#9215 = AXIS2_PLACEMENT_2D('',#9216,#9217);
#9216 = CARTESIAN_POINT('',(0.,0.));
#9217 = DIRECTION('',(1.,0.));
#9218 = ( GEOMETRIC_REPRESENTATION_CONTEXT(2) 
PARAMETRIC_REPRESENTATION_CONTEXT() REPRESENTATION_CONTEXT('2D SPACE',''
  ) );
#9219 = ORIENTED_EDGE('',*,*,#9170,.T.);
#9220 = ADVANCED_FACE('',(#9221),#7920,.T.);
#9221 = FACE_BOUND('',#9222,.T.);
#9222 = EDGE_LOOP('',(#9223,#9224,#9247,#9274));
#9223 = ORIENTED_EDGE('',*,*,#7903,.F.);
#9224 = ORIENTED_EDGE('',*,*,#9225,.F.);
#9225 = EDGE_CURVE('',#9226,#7904,#9228,.T.);
#9226 = VERTEX_POINT('',#9227);
#9227 = CARTESIAN_POINT('',(-26.1,-3.295,7.5));
#9228 = SEAM_CURVE('',#9229,(#9233,#9240),.PCURVE_S1.);
#9229 = LINE('',#9230,#9231);
#9230 = CARTESIAN_POINT('',(-26.1,-3.295,7.5));
#9231 = VECTOR('',#9232,1.);
#9232 = DIRECTION('',(0.,0.,1.));
#9233 = PCURVE('',#7920,#9234);
#9234 = DEFINITIONAL_REPRESENTATION('',(#9235),#9239);
#9235 = LINE('',#9236,#9237);
#9236 = CARTESIAN_POINT('',(6.28318530718,-0.));
#9237 = VECTOR('',#9238,1.);
#9238 = DIRECTION('',(0.,1.));
#9239 = ( GEOMETRIC_REPRESENTATION_CONTEXT(2) 
PARAMETRIC_REPRESENTATION_CONTEXT() REPRESENTATION_CONTEXT('2D SPACE',''
  ) );
#9240 = PCURVE('',#7920,#9241);
#9241 = DEFINITIONAL_REPRESENTATION('',(#9242),#9246);
#9242 = LINE('',#9243,#9244);
#9243 = CARTESIAN_POINT('',(0.,-0.));
#9244 = VECTOR('',#9245,1.);
#9245 = DIRECTION('',(0.,1.));
#9246 = ( GEOMETRIC_REPRESENTATION_CONTEXT(2) 
PARAMETRIC_REPRESENTATION_CONTEXT() REPRESENTATION_CONTEXT('2D SPACE',''
  ) );
#9247 = ORIENTED_EDGE('',*,*,#9248,.T.);
#9248 = EDGE_CURVE('',#9226,#9226,#9249,.T.);
#9249 = SURFACE_CURVE('',#9250,(#9255,#9262),.PCURVE_S1.);
#9250 = CIRCLE('',#9251,2.1);
#9251 = AXIS2_PLACEMENT_3D('',#9252,#9253,#9254);
#9252 = CARTESIAN_POINT('',(-28.2,-3.295,7.5));
#9253 = DIRECTION('',(0.,0.,1.));
#9254 = DIRECTION('',(1.,0.,-0.));
#9255 = PCURVE('',#7920,#9256);
#9256 = DEFINITIONAL_REPRESENTATION('',(#9257),#9261);
#9257 = LINE('',#9258,#9259);
#9258 = CARTESIAN_POINT('',(0.,0.));
#9259 = VECTOR('',#9260,1.);
#9260 = DIRECTION('',(1.,0.));
#9261 = ( GEOMETRIC_REPRESENTATION_CONTEXT(2) 
PARAMETRIC_REPRESENTATION_CONTEXT() REPRESENTATION_CONTEXT('2D SPACE',''
  ) );
#9262 = PCURVE('',#9263,#9268);
#9263 = PLANE('',#9264);
#9264 = AXIS2_PLACEMENT_3D('',#9265,#9266,#9267);
#9265 = CARTESIAN_POINT('',(-28.2,-3.295,7.5));
#9266 = DIRECTION('',(0.,0.,1.));
#9267 = DIRECTION('',(1.,0.,-0.));
#9268 = DEFINITIONAL_REPRESENTATION('',(#9269),#9273);
#9269 = CIRCLE('',#9270,2.1);
#9270 = AXIS2_PLACEMENT_2D('',#9271,#9272);
#9271 = CARTESIAN_POINT('',(0.,0.));
#9272 = DIRECTION('',(1.,0.));
#9273 = ( GEOMETRIC_REPRESENTATION_CONTEXT(2) 
PARAMETRIC_REPRESENTATION_CONTEXT() REPRESENTATION_CONTEXT('2D SPACE',''
  ) );
#9274 = ORIENTED_EDGE('',*,*,#9225,.T.);
#9275 = ADVANCED_FACE('',(#9276),#7951,.T.);
#9276 = FACE_BOUND('',#9277,.T.);
#9277 = EDGE_LOOP('',(#9278,#9279,#9302,#9329));
#9278 = ORIENTED_EDGE('',*,*,#7934,.F.);
#9279 = ORIENTED_EDGE('',*,*,#9280,.F.);
#9280 = EDGE_CURVE('',#9281,#7935,#9283,.T.);
#9281 = VERTEX_POINT('',#9282);
#9282 = CARTESIAN_POINT('',(-7.05,-3.295,7.5));
#9283 = SEAM_CURVE('',#9284,(#9288,#9295),.PCURVE_S1.);
#9284 = LINE('',#9285,#9286);
#9285 = CARTESIAN_POINT('',(-7.05,-3.295,7.5));
#9286 = VECTOR('',#9287,1.);
#9287 = DIRECTION('',(0.,0.,1.));
#9288 = PCURVE('',#7951,#9289);
#9289 = DEFINITIONAL_REPRESENTATION('',(#9290),#9294);
#9290 = LINE('',#9291,#9292);
#9291 = CARTESIAN_POINT('',(6.28318530718,-0.));
#9292 = VECTOR('',#9293,1.);
#9293 = DIRECTION('',(0.,1.));
#9294 = ( GEOMETRIC_REPRESENTATION_CONTEXT(2) 
PARAMETRIC_REPRESENTATION_CONTEXT() REPRESENTATION_CONTEXT('2D SPACE',''
  ) );
#9295 = PCURVE('',#7951,#9296);
#9296 = DEFINITIONAL_REPRESENTATION('',(#9297),#9301);
#9297 = LINE('',#9298,#9299);
#9298 = CARTESIAN_POINT('',(0.,-0.));
#9299 = VECTOR('',#9300,1.);
#9300 = DIRECTION('',(0.,1.));
#9301 = ( GEOMETRIC_REPRESENTATION_CONTEXT(2) 
PARAMETRIC_REPRESENTATION_CONTEXT() REPRESENTATION_CONTEXT('2D SPACE',''
  ) );
#9302 = ORIENTED_EDGE('',*,*,#9303,.T.);
#9303 = EDGE_CURVE('',#9281,#9281,#9304,.T.);
#9304 = SURFACE_CURVE('',#9305,(#9310,#9317),.PCURVE_S1.);
#9305 = CIRCLE('',#9306,2.1);
#9306 = AXIS2_PLACEMENT_3D('',#9307,#9308,#9309);
#9307 = CARTESIAN_POINT('',(-9.15,-3.295,7.5));
#9308 = DIRECTION('',(0.,0.,1.));
#9309 = DIRECTION('',(1.,0.,-0.));
#9310 = PCURVE('',#7951,#9311);
#9311 = DEFINITIONAL_REPRESENTATION('',(#9312),#9316);
#9312 = LINE('',#9313,#9314);
#9313 = CARTESIAN_POINT('',(0.,0.));
#9314 = VECTOR('',#9315,1.);
#9315 = DIRECTION('',(1.,0.));
#9316 = ( GEOMETRIC_REPRESENTATION_CONTEXT(2) 
PARAMETRIC_REPRESENTATION_CONTEXT() REPRESENTATION_CONTEXT('2D SPACE',''
  ) );
#9317 = PCURVE('',#9318,#9323);
#9318 = PLANE('',#9319);
#9319 = AXIS2_PLACEMENT_3D('',#9320,#9321,#9322);
#9320 = CARTESIAN_POINT('',(-9.15,-3.295,7.5));
#9321 = DIRECTION('',(0.,0.,1.));
#9322 = DIRECTION('',(1.,0.,-0.));
#9323 = DEFINITIONAL_REPRESENTATION('',(#9324),#9328);
#9324 = CIRCLE('',#9325,2.1);
#9325 = AXIS2_PLACEMENT_2D('',#9326,#9327);
#9326 = CARTESIAN_POINT('',(0.,0.));
#9327 = DIRECTION('',(1.,0.));
#9328 = ( GEOMETRIC_REPRESENTATION_CONTEXT(2) 
PARAMETRIC_REPRESENTATION_CONTEXT() REPRESENTATION_CONTEXT('2D SPACE',''
  ) );
#9329 = ORIENTED_EDGE('',*,*,#9280,.T.);
#9330 = ADVANCED_FACE('',(#9331),#7982,.T.);
#9331 = FACE_BOUND('',#9332,.T.);
#9332 = EDGE_LOOP('',(#9333,#9334,#9357,#9384));
#9333 = ORIENTED_EDGE('',*,*,#7965,.F.);
#9334 = ORIENTED_EDGE('',*,*,#9335,.F.);
#9335 = EDGE_CURVE('',#9336,#7966,#9338,.T.);
#9336 = VERTEX_POINT('',#9337);
#9337 = CARTESIAN_POINT('',(12.,-8.295,7.5));
#9338 = SEAM_CURVE('',#9339,(#9343,#9350),.PCURVE_S1.);
#9339 = LINE('',#9340,#9341);
#9340 = CARTESIAN_POINT('',(12.,-8.295,7.5));
#9341 = VECTOR('',#9342,1.);
#9342 = DIRECTION('',(0.,0.,1.));
#9343 = PCURVE('',#7982,#9344);
#9344 = DEFINITIONAL_REPRESENTATION('',(#9345),#9349);
#9345 = LINE('',#9346,#9347);
#9346 = CARTESIAN_POINT('',(6.28318530718,-0.));
#9347 = VECTOR('',#9348,1.);
#9348 = DIRECTION('',(0.,1.));
#9349 = ( GEOMETRIC_REPRESENTATION_CONTEXT(2) 
PARAMETRIC_REPRESENTATION_CONTEXT() REPRESENTATION_CONTEXT('2D SPACE',''
  ) );
#9350 = PCURVE('',#7982,#9351);
#9351 = DEFINITIONAL_REPRESENTATION('',(#9352),#9356);
#9352 = LINE('',#9353,#9354);
#9353 = CARTESIAN_POINT('',(0.,-0.));
#9354 = VECTOR('',#9355,1.);
#9355 = DIRECTION('',(0.,1.));
#9356 = ( GEOMETRIC_REPRESENTATION_CONTEXT(2) 
PARAMETRIC_REPRESENTATION_CONTEXT() REPRESENTATION_CONTEXT('2D SPACE',''
  ) );
#9357 = ORIENTED_EDGE('',*,*,#9358,.T.);
#9358 = EDGE_CURVE('',#9336,#9336,#9359,.T.);
#9359 = SURFACE_CURVE('',#9360,(#9365,#9372),.PCURVE_S1.);
#9360 = CIRCLE('',#9361,2.1);
#9361 = AXIS2_PLACEMENT_3D('',#9362,#9363,#9364);
#9362 = CARTESIAN_POINT('',(9.9,-8.295,7.5));
#9363 = DIRECTION('',(0.,0.,1.));
#9364 = DIRECTION('',(1.,0.,-0.));
#9365 = PCURVE('',#7982,#9366);
#9366 = DEFINITIONAL_REPRESENTATION('',(#9367),#9371);
#9367 = LINE('',#9368,#9369);
#9368 = CARTESIAN_POINT('',(0.,0.));
#9369 = VECTOR('',#9370,1.);
#9370 = DIRECTION('',(1.,0.));
#9371 = ( GEOMETRIC_REPRESENTATION_CONTEXT(2) 
PARAMETRIC_REPRESENTATION_CONTEXT() REPRESENTATION_CONTEXT('2D SPACE',''
  ) );
#9372 = PCURVE('',#9373,#9378);
#9373 = PLANE('',#9374);
#9374 = AXIS2_PLACEMENT_3D('',#9375,#9376,#9377);
#9375 = CARTESIAN_POINT('',(9.9,-8.295,7.5));
#9376 = DIRECTION('',(0.,0.,1.));
#9377 = DIRECTION('',(1.,0.,-0.));
#9378 = DEFINITIONAL_REPRESENTATION('',(#9379),#9383);
#9379 = CIRCLE('',#9380,2.1);
#9380 = AXIS2_PLACEMENT_2D('',#9381,#9382);
#9381 = CARTESIAN_POINT('',(0.,0.));
#9382 = DIRECTION('',(1.,0.));
#9383 = ( GEOMETRIC_REPRESENTATION_CONTEXT(2) 
PARAMETRIC_REPRESENTATION_CONTEXT() REPRESENTATION_CONTEXT('2D SPACE',''
  ) );
#9384 = ORIENTED_EDGE('',*,*,#9335,.T.);
#9385 = ADVANCED_FACE('',(#9386),#8013,.T.);
#9386 = FACE_BOUND('',#9387,.T.);
#9387 = EDGE_LOOP('',(#9388,#9389,#9412,#9439));
#9388 = ORIENTED_EDGE('',*,*,#7996,.F.);
#9389 = ORIENTED_EDGE('',*,*,#9390,.F.);
#9390 = EDGE_CURVE('',#9391,#7997,#9393,.T.);
#9391 = VERTEX_POINT('',#9392);
#9392 = CARTESIAN_POINT('',(31.05,-8.295,7.5));
#9393 = SEAM_CURVE('',#9394,(#9398,#9405),.PCURVE_S1.);
#9394 = LINE('',#9395,#9396);
#9395 = CARTESIAN_POINT('',(31.05,-8.295,7.5));
#9396 = VECTOR('',#9397,1.);
#9397 = DIRECTION('',(0.,0.,1.));
#9398 = PCURVE('',#8013,#9399);
#9399 = DEFINITIONAL_REPRESENTATION('',(#9400),#9404);
#9400 = LINE('',#9401,#9402);
#9401 = CARTESIAN_POINT('',(6.28318530718,-0.));
#9402 = VECTOR('',#9403,1.);
#9403 = DIRECTION('',(0.,1.));
#9404 = ( GEOMETRIC_REPRESENTATION_CONTEXT(2) 
PARAMETRIC_REPRESENTATION_CONTEXT() REPRESENTATION_CONTEXT('2D SPACE',''
  ) );
#9405 = PCURVE('',#8013,#9406);
#9406 = DEFINITIONAL_REPRESENTATION('',(#9407),#9411);
#9407 = LINE('',#9408,#9409);
#9408 = CARTESIAN_POINT('',(0.,-0.));
#9409 = VECTOR('',#9410,1.);
#9410 = DIRECTION('',(0.,1.));
#9411 = ( GEOMETRIC_REPRESENTATION_CONTEXT(2) 
PARAMETRIC_REPRESENTATION_CONTEXT() REPRESENTATION_CONTEXT('2D SPACE',''
  ) );
#9412 = ORIENTED_EDGE('',*,*,#9413,.T.);
#9413 = EDGE_CURVE('',#9391,#9391,#9414,.T.);
#9414 = SURFACE_CURVE('',#9415,(#9420,#9427),.PCURVE_S1.);
#9415 = CIRCLE('',#9416,2.1);
#9416 = AXIS2_PLACEMENT_3D('',#9417,#9418,#9419);
#9417 = CARTESIAN_POINT('',(28.95,-8.295,7.5));
#9418 = DIRECTION('',(0.,0.,1.));
#9419 = DIRECTION('',(1.,0.,-0.));
#9420 = PCURVE('',#8013,#9421);
#9421 = DEFINITIONAL_REPRESENTATION('',(#9422),#9426);
#9422 = LINE('',#9423,#9424);
#9423 = CARTESIAN_POINT('',(0.,0.));
#9424 = VECTOR('',#9425,1.);
#9425 = DIRECTION('',(1.,0.));
#9426 = ( GEOMETRIC_REPRESENTATION_CONTEXT(2) 
PARAMETRIC_REPRESENTATION_CONTEXT() REPRESENTATION_CONTEXT('2D SPACE',''
  ) );
#9427 = PCURVE('',#9428,#9433);
#9428 = PLANE('',#9429);
#9429 = AXIS2_PLACEMENT_3D('',#9430,#9431,#9432);
#9430 = CARTESIAN_POINT('',(28.95,-8.295,7.5));
#9431 = DIRECTION('',(0.,0.,1.));
#9432 = DIRECTION('',(1.,0.,-0.));
#9433 = DEFINITIONAL_REPRESENTATION('',(#9434),#9438);
#9434 = CIRCLE('',#9435,2.1);
#9435 = AXIS2_PLACEMENT_2D('',#9436,#9437);
#9436 = CARTESIAN_POINT('',(0.,0.));
#9437 = DIRECTION('',(1.,0.));
#9438 = ( GEOMETRIC_REPRESENTATION_CONTEXT(2) 
PARAMETRIC_REPRESENTATION_CONTEXT() REPRESENTATION_CONTEXT('2D SPACE',''
  ) );
#9439 = ORIENTED_EDGE('',*,*,#9390,.T.);
#9440 = ADVANCED_FACE('',(#9441),#8044,.T.);
#9441 = FACE_BOUND('',#9442,.T.);
#9442 = EDGE_LOOP('',(#9443,#9444,#9467,#9494));
#9443 = ORIENTED_EDGE('',*,*,#8027,.F.);
#9444 = ORIENTED_EDGE('',*,*,#9445,.F.);
#9445 = EDGE_CURVE('',#9446,#8028,#9448,.T.);
#9446 = VERTEX_POINT('',#9447);
#9447 = CARTESIAN_POINT('',(12.,-3.295,7.5));
#9448 = SEAM_CURVE('',#9449,(#9453,#9460),.PCURVE_S1.);
#9449 = LINE('',#9450,#9451);
#9450 = CARTESIAN_POINT('',(12.,-3.295,7.5));
#9451 = VECTOR('',#9452,1.);
#9452 = DIRECTION('',(0.,0.,1.));
#9453 = PCURVE('',#8044,#9454);
#9454 = DEFINITIONAL_REPRESENTATION('',(#9455),#9459);
#9455 = LINE('',#9456,#9457);
#9456 = CARTESIAN_POINT('',(6.28318530718,-0.));
#9457 = VECTOR('',#9458,1.);
#9458 = DIRECTION('',(0.,1.));
#9459 = ( GEOMETRIC_REPRESENTATION_CONTEXT(2) 
PARAMETRIC_REPRESENTATION_CONTEXT() REPRESENTATION_CONTEXT('2D SPACE',''
  ) );
#9460 = PCURVE('',#8044,#9461);
#9461 = DEFINITIONAL_REPRESENTATION('',(#9462),#9466);
#9462 = LINE('',#9463,#9464);
#9463 = CARTESIAN_POINT('',(0.,-0.));
#9464 = VECTOR('',#9465,1.);
#9465 = DIRECTION('',(0.,1.));
#9466 = ( GEOMETRIC_REPRESENTATION_CONTEXT(2) 
PARAMETRIC_REPRESENTATION_CONTEXT() REPRESENTATION_CONTEXT('2D SPACE',''
  ) );
#9467 = ORIENTED_EDGE('',*,*,#9468,.T.);
#9468 = EDGE_CURVE('',#9446,#9446,#9469,.T.);
#9469 = SURFACE_CURVE('',#9470,(#9475,#9482),.PCURVE_S1.);
#9470 = CIRCLE('',#9471,2.1);
#9471 = AXIS2_PLACEMENT_3D('',#9472,#9473,#9474);
#9472 = CARTESIAN_POINT('',(9.9,-3.295,7.5));
#9473 = DIRECTION('',(0.,0.,1.));
#9474 = DIRECTION('',(1.,0.,-0.));
#9475 = PCURVE('',#8044,#9476);
#9476 = DEFINITIONAL_REPRESENTATION('',(#9477),#9481);
#9477 = LINE('',#9478,#9479);
#9478 = CARTESIAN_POINT('',(0.,0.));
#9479 = VECTOR('',#9480,1.);
#9480 = DIRECTION('',(1.,0.));
#9481 = ( GEOMETRIC_REPRESENTATION_CONTEXT(2) 
PARAMETRIC_REPRESENTATION_CONTEXT() REPRESENTATION_CONTEXT('2D SPACE',''
  ) );
#9482 = PCURVE('',#9483,#9488);
#9483 = PLANE('',#9484);
#9484 = AXIS2_PLACEMENT_3D('',#9485,#9486,#9487);
#9485 = CARTESIAN_POINT('',(9.9,-3.295,7.5));
#9486 = DIRECTION('',(0.,0.,1.));
#9487 = DIRECTION('',(1.,0.,-0.));
#9488 = DEFINITIONAL_REPRESENTATION('',(#9489),#9493);
#9489 = CIRCLE('',#9490,2.1);
#9490 = AXIS2_PLACEMENT_2D('',#9491,#9492);
#9491 = CARTESIAN_POINT('',(0.,0.));
#9492 = DIRECTION('',(1.,0.));
#9493 = ( GEOMETRIC_REPRESENTATION_CONTEXT(2) 
PARAMETRIC_REPRESENTATION_CONTEXT() REPRESENTATION_CONTEXT('2D SPACE',''
  ) );
#9494 = ORIENTED_EDGE('',*,*,#9445,.T.);
#9495 = ADVANCED_FACE('',(#9496),#8075,.T.);
#9496 = FACE_BOUND('',#9497,.T.);
#9497 = EDGE_LOOP('',(#9498,#9499,#9522,#9549));
#9498 = ORIENTED_EDGE('',*,*,#8058,.F.);
#9499 = ORIENTED_EDGE('',*,*,#9500,.F.);
#9500 = EDGE_CURVE('',#9501,#8059,#9503,.T.);
#9501 = VERTEX_POINT('',#9502);
#9502 = CARTESIAN_POINT('',(31.05,-3.295,7.5));
#9503 = SEAM_CURVE('',#9504,(#9508,#9515),.PCURVE_S1.);
#9504 = LINE('',#9505,#9506);
#9505 = CARTESIAN_POINT('',(31.05,-3.295,7.5));
#9506 = VECTOR('',#9507,1.);
#9507 = DIRECTION('',(0.,0.,1.));
#9508 = PCURVE('',#8075,#9509);
#9509 = DEFINITIONAL_REPRESENTATION('',(#9510),#9514);
#9510 = LINE('',#9511,#9512);
#9511 = CARTESIAN_POINT('',(6.28318530718,-0.));
#9512 = VECTOR('',#9513,1.);
#9513 = DIRECTION('',(0.,1.));
#9514 = ( GEOMETRIC_REPRESENTATION_CONTEXT(2) 
PARAMETRIC_REPRESENTATION_CONTEXT() REPRESENTATION_CONTEXT('2D SPACE',''
  ) );
#9515 = PCURVE('',#8075,#9516);
#9516 = DEFINITIONAL_REPRESENTATION('',(#9517),#9521);
#9517 = LINE('',#9518,#9519);
#9518 = CARTESIAN_POINT('',(0.,-0.));
#9519 = VECTOR('',#9520,1.);
#9520 = DIRECTION('',(0.,1.));
#9521 = ( GEOMETRIC_REPRESENTATION_CONTEXT(2) 
PARAMETRIC_REPRESENTATION_CONTEXT() REPRESENTATION_CONTEXT('2D SPACE',''
  ) );
#9522 = ORIENTED_EDGE('',*,*,#9523,.T.);
#9523 = EDGE_CURVE('',#9501,#9501,#9524,.T.);
#9524 = SURFACE_CURVE('',#9525,(#9530,#9537),.PCURVE_S1.);
#9525 = CIRCLE('',#9526,2.1);
#9526 = AXIS2_PLACEMENT_3D('',#9527,#9528,#9529);
#9527 = CARTESIAN_POINT('',(28.95,-3.295,7.5));
#9528 = DIRECTION('',(0.,0.,1.));
#9529 = DIRECTION('',(1.,0.,-0.));
#9530 = PCURVE('',#8075,#9531);
#9531 = DEFINITIONAL_REPRESENTATION('',(#9532),#9536);
#9532 = LINE('',#9533,#9534);
#9533 = CARTESIAN_POINT('',(0.,0.));
#9534 = VECTOR('',#9535,1.);
#9535 = DIRECTION('',(1.,0.));
#9536 = ( GEOMETRIC_REPRESENTATION_CONTEXT(2) 
PARAMETRIC_REPRESENTATION_CONTEXT() REPRESENTATION_CONTEXT('2D SPACE',''
  ) );
#9537 = PCURVE('',#9538,#9543);
#9538 = PLANE('',#9539);
#9539 = AXIS2_PLACEMENT_3D('',#9540,#9541,#9542);
#9540 = CARTESIAN_POINT('',(28.95,-3.295,7.5));
#9541 = DIRECTION('',(0.,0.,1.));
#9542 = DIRECTION('',(1.,0.,-0.));
#9543 = DEFINITIONAL_REPRESENTATION('',(#9544),#9548);
#9544 = CIRCLE('',#9545,2.1);
#9545 = AXIS2_PLACEMENT_2D('',#9546,#9547);
#9546 = CARTESIAN_POINT('',(0.,0.));
#9547 = DIRECTION('',(1.,0.));
#9548 = ( GEOMETRIC_REPRESENTATION_CONTEXT(2) 
PARAMETRIC_REPRESENTATION_CONTEXT() REPRESENTATION_CONTEXT('2D SPACE',''
  ) );
#9549 = ORIENTED_EDGE('',*,*,#9500,.T.);
#9550 = ADVANCED_FACE('',(#9551),#9564,.T.);
#9551 = FACE_BOUND('',#9552,.T.);
#9552 = EDGE_LOOP('',(#9553,#9582,#9603,#9627,#9655,#9682));
#9553 = ORIENTED_EDGE('',*,*,#9554,.F.);
#9554 = EDGE_CURVE('',#9555,#8490,#9557,.T.);
#9555 = VERTEX_POINT('',#9556);
#9556 = CARTESIAN_POINT('',(-68.5,10.559318083507,8.2));
#9557 = SURFACE_CURVE('',#9558,(#9563,#9575),.PCURVE_S1.);
#9558 = CIRCLE('',#9559,2.8);
#9559 = AXIS2_PLACEMENT_3D('',#9560,#9561,#9562);
#9560 = CARTESIAN_POINT('',(-70.,8.195,8.2));
#9561 = DIRECTION('',(0.,0.,1.));
#9562 = DIRECTION('',(1.,0.,-0.));
#9563 = PCURVE('',#9564,#9569);
#9564 = CYLINDRICAL_SURFACE('',#9565,2.8);
#9565 = AXIS2_PLACEMENT_3D('',#9566,#9567,#9568);
#9566 = CARTESIAN_POINT('',(-70.,8.195,2.4));
#9567 = DIRECTION('',(0.,0.,1.));
#9568 = DIRECTION('',(1.,0.,-0.));
#9569 = DEFINITIONAL_REPRESENTATION('',(#9570),#9574);
#9570 = LINE('',#9571,#9572);
#9571 = CARTESIAN_POINT('',(0.,5.8));
#9572 = VECTOR('',#9573,1.);
#9573 = DIRECTION('',(1.,0.));
#9574 = ( GEOMETRIC_REPRESENTATION_CONTEXT(2) 
PARAMETRIC_REPRESENTATION_CONTEXT() REPRESENTATION_CONTEXT('2D SPACE',''
  ) );
#9575 = PCURVE('',#8559,#9576);
#9576 = DEFINITIONAL_REPRESENTATION('',(#9577),#9581);
#9577 = CIRCLE('',#9578,2.8);
#9578 = AXIS2_PLACEMENT_2D('',#9579,#9580);
#9579 = CARTESIAN_POINT('',(-70.,8.195000000196));
#9580 = DIRECTION('',(1.,0.));
#9581 = ( GEOMETRIC_REPRESENTATION_CONTEXT(2) 
PARAMETRIC_REPRESENTATION_CONTEXT() REPRESENTATION_CONTEXT('2D SPACE',''
  ) );
#9582 = ORIENTED_EDGE('',*,*,#9583,.F.);
#9583 = EDGE_CURVE('',#9584,#9555,#9586,.T.);
#9584 = VERTEX_POINT('',#9585);
#9585 = CARTESIAN_POINT('',(-68.5,10.559318083507,5.7));
#9586 = SURFACE_CURVE('',#9587,(#9591,#9597),.PCURVE_S1.);
#9587 = LINE('',#9588,#9589);
#9588 = CARTESIAN_POINT('',(-68.5,10.559318083507,2.4));
#9589 = VECTOR('',#9590,1.);
#9590 = DIRECTION('',(0.,0.,1.));
#9591 = PCURVE('',#9564,#9592);
#9592 = DEFINITIONAL_REPRESENTATION('',(#9593),#9596);
#9593 = B_SPLINE_CURVE_WITH_KNOTS('',1,(#9594,#9595),.UNSPECIFIED.,.F.,
  .F.,(2,2),(3.05,5.8000024),.PIECEWISE_BEZIER_KNOTS.);
#9594 = CARTESIAN_POINT('',(1.005442896558,3.05));
#9595 = CARTESIAN_POINT('',(1.005442896558,5.8000024));
#9596 = ( GEOMETRIC_REPRESENTATION_CONTEXT(2) 
PARAMETRIC_REPRESENTATION_CONTEXT() REPRESENTATION_CONTEXT('2D SPACE',''
  ) );
#9597 = PCURVE('',#8587,#9598);
#9598 = DEFINITIONAL_REPRESENTATION('',(#9599),#9602);
#9599 = B_SPLINE_CURVE_WITH_KNOTS('',1,(#9600,#9601),.UNSPECIFIED.,.F.,
  .F.,(2,2),(3.05,5.8000024),.PIECEWISE_BEZIER_KNOTS.);
#9600 = CARTESIAN_POINT('',(-0.25,-23.5543180835));
#9601 = CARTESIAN_POINT('',(2.5000024,-23.5543180835));
#9602 = ( GEOMETRIC_REPRESENTATION_CONTEXT(2) 
PARAMETRIC_REPRESENTATION_CONTEXT() REPRESENTATION_CONTEXT('2D SPACE',''
  ) );
#9603 = ORIENTED_EDGE('',*,*,#9604,.F.);
#9604 = EDGE_CURVE('',#9605,#9584,#9607,.T.);
#9605 = VERTEX_POINT('',#9606);
#9606 = CARTESIAN_POINT('',(-67.2,8.195,5.7));
#9607 = SURFACE_CURVE('',#9608,(#9613,#9620),.PCURVE_S1.);
#9608 = CIRCLE('',#9609,2.8);
#9609 = AXIS2_PLACEMENT_3D('',#9610,#9611,#9612);
#9610 = CARTESIAN_POINT('',(-70.,8.195,5.7));
#9611 = DIRECTION('',(0.,0.,1.));
#9612 = DIRECTION('',(1.,0.,-0.));
#9613 = PCURVE('',#9564,#9614);
#9614 = DEFINITIONAL_REPRESENTATION('',(#9615),#9619);
#9615 = LINE('',#9616,#9617);
#9616 = CARTESIAN_POINT('',(0.,3.3));
#9617 = VECTOR('',#9618,1.);
#9618 = DIRECTION('',(1.,0.));
#9619 = ( GEOMETRIC_REPRESENTATION_CONTEXT(2) 
PARAMETRIC_REPRESENTATION_CONTEXT() REPRESENTATION_CONTEXT('2D SPACE',''
  ) );
#9620 = PCURVE('',#8614,#9621);
#9621 = DEFINITIONAL_REPRESENTATION('',(#9622),#9626);
#9622 = CIRCLE('',#9623,2.8);
#9623 = AXIS2_PLACEMENT_2D('',#9624,#9625);
#9624 = CARTESIAN_POINT('',(-1.5,21.19));
#9625 = DIRECTION('',(1.,0.));
#9626 = ( GEOMETRIC_REPRESENTATION_CONTEXT(2) 
PARAMETRIC_REPRESENTATION_CONTEXT() REPRESENTATION_CONTEXT('2D SPACE',''
  ) );
#9627 = ORIENTED_EDGE('',*,*,#9628,.F.);
#9628 = EDGE_CURVE('',#9629,#9605,#9631,.T.);
#9629 = VERTEX_POINT('',#9630);
#9630 = CARTESIAN_POINT('',(-67.2,8.195,2.4));
#9631 = SURFACE_CURVE('',#9632,(#9636,#9643),.PCURVE_S1.);
#9632 = LINE('',#9633,#9634);
#9633 = CARTESIAN_POINT('',(-67.2,8.195,2.4));
#9634 = VECTOR('',#9635,1.);
#9635 = DIRECTION('',(0.,0.,1.));
#9636 = PCURVE('',#9564,#9637);
#9637 = DEFINITIONAL_REPRESENTATION('',(#9638),#9642);
#9638 = LINE('',#9639,#9640);
#9639 = CARTESIAN_POINT('',(0.,-0.));
#9640 = VECTOR('',#9641,1.);
#9641 = DIRECTION('',(0.,1.));
#9642 = ( GEOMETRIC_REPRESENTATION_CONTEXT(2) 
PARAMETRIC_REPRESENTATION_CONTEXT() REPRESENTATION_CONTEXT('2D SPACE',''
  ) );
#9643 = PCURVE('',#9644,#9649);
#9644 = CYLINDRICAL_SURFACE('',#9645,2.8);
#9645 = AXIS2_PLACEMENT_3D('',#9646,#9647,#9648);
#9646 = CARTESIAN_POINT('',(-70.,8.195,2.4));
#9647 = DIRECTION('',(0.,0.,1.));
#9648 = DIRECTION('',(1.,0.,-0.));
#9649 = DEFINITIONAL_REPRESENTATION('',(#9650),#9654);
#9650 = LINE('',#9651,#9652);
#9651 = CARTESIAN_POINT('',(6.28318530718,-0.));
#9652 = VECTOR('',#9653,1.);
#9653 = DIRECTION('',(0.,1.));
#9654 = ( GEOMETRIC_REPRESENTATION_CONTEXT(2) 
PARAMETRIC_REPRESENTATION_CONTEXT() REPRESENTATION_CONTEXT('2D SPACE',''
  ) );
#9655 = ORIENTED_EDGE('',*,*,#9656,.T.);
#9656 = EDGE_CURVE('',#9629,#7472,#9657,.T.);
#9657 = SURFACE_CURVE('',#9658,(#9663,#9670),.PCURVE_S1.);
#9658 = CIRCLE('',#9659,2.8);
#9659 = AXIS2_PLACEMENT_3D('',#9660,#9661,#9662);
#9660 = CARTESIAN_POINT('',(-70.,8.195,2.4));
#9661 = DIRECTION('',(0.,0.,1.));
#9662 = DIRECTION('',(1.,0.,-0.));
#9663 = PCURVE('',#9564,#9664);
#9664 = DEFINITIONAL_REPRESENTATION('',(#9665),#9669);
#9665 = LINE('',#9666,#9667);
#9666 = CARTESIAN_POINT('',(0.,0.));
#9667 = VECTOR('',#9668,1.);
#9668 = DIRECTION('',(1.,0.));
#9669 = ( GEOMETRIC_REPRESENTATION_CONTEXT(2) 
PARAMETRIC_REPRESENTATION_CONTEXT() REPRESENTATION_CONTEXT('2D SPACE',''
  ) );
#9670 = PCURVE('',#9671,#9676);
#9671 = PLANE('',#9672);
#9672 = AXIS2_PLACEMENT_3D('',#9673,#9674,#9675);
#9673 = CARTESIAN_POINT('',(-70.,8.195,2.4));
#9674 = DIRECTION('',(0.,0.,1.));
#9675 = DIRECTION('',(1.,0.,-0.));
#9676 = DEFINITIONAL_REPRESENTATION('',(#9677),#9681);
#9677 = CIRCLE('',#9678,2.8);
#9678 = AXIS2_PLACEMENT_2D('',#9679,#9680);
#9679 = CARTESIAN_POINT('',(0.,0.));
#9680 = DIRECTION('',(1.,0.));
#9681 = ( GEOMETRIC_REPRESENTATION_CONTEXT(2) 
PARAMETRIC_REPRESENTATION_CONTEXT() REPRESENTATION_CONTEXT('2D SPACE',''
  ) );
#9682 = ORIENTED_EDGE('',*,*,#8517,.T.);
#9683 = ADVANCED_FACE('',(#9684),#9644,.T.);
#9684 = FACE_BOUND('',#9685,.T.);
#9685 = EDGE_LOOP('',(#9686,#9708,#9709,#9733,#9759,#9781));
#9686 = ORIENTED_EDGE('',*,*,#9687,.T.);
#9687 = EDGE_CURVE('',#7472,#9629,#9688,.T.);
#9688 = SURFACE_CURVE('',#9689,(#9694,#9701),.PCURVE_S1.);
#9689 = CIRCLE('',#9690,2.8);
#9690 = AXIS2_PLACEMENT_3D('',#9691,#9692,#9693);
#9691 = CARTESIAN_POINT('',(-70.,8.195,2.4));
#9692 = DIRECTION('',(0.,0.,1.));
#9693 = DIRECTION('',(1.,0.,-0.));
#9694 = PCURVE('',#9644,#9695);
#9695 = DEFINITIONAL_REPRESENTATION('',(#9696),#9700);
#9696 = LINE('',#9697,#9698);
#9697 = CARTESIAN_POINT('',(0.,0.));
#9698 = VECTOR('',#9699,1.);
#9699 = DIRECTION('',(1.,0.));
#9700 = ( GEOMETRIC_REPRESENTATION_CONTEXT(2) 
PARAMETRIC_REPRESENTATION_CONTEXT() REPRESENTATION_CONTEXT('2D SPACE',''
  ) );
#9701 = PCURVE('',#9671,#9702);
#9702 = DEFINITIONAL_REPRESENTATION('',(#9703),#9707);
#9703 = CIRCLE('',#9704,2.8);
#9704 = AXIS2_PLACEMENT_2D('',#9705,#9706);
#9705 = CARTESIAN_POINT('',(0.,0.));
#9706 = DIRECTION('',(1.,0.));
#9707 = ( GEOMETRIC_REPRESENTATION_CONTEXT(2) 
PARAMETRIC_REPRESENTATION_CONTEXT() REPRESENTATION_CONTEXT('2D SPACE',''
  ) );
#9708 = ORIENTED_EDGE('',*,*,#9628,.T.);
#9709 = ORIENTED_EDGE('',*,*,#9710,.F.);
#9710 = EDGE_CURVE('',#9711,#9605,#9713,.T.);
#9711 = VERTEX_POINT('',#9712);
#9712 = CARTESIAN_POINT('',(-68.5,5.830681916493,5.7));
#9713 = SURFACE_CURVE('',#9714,(#9719,#9726),.PCURVE_S1.);
#9714 = CIRCLE('',#9715,2.8);
#9715 = AXIS2_PLACEMENT_3D('',#9716,#9717,#9718);
#9716 = CARTESIAN_POINT('',(-70.,8.195,5.7));
#9717 = DIRECTION('',(0.,0.,1.));
#9718 = DIRECTION('',(1.,0.,-0.));
#9719 = PCURVE('',#9644,#9720);
#9720 = DEFINITIONAL_REPRESENTATION('',(#9721),#9725);
#9721 = LINE('',#9722,#9723);
#9722 = CARTESIAN_POINT('',(0.,3.3));
#9723 = VECTOR('',#9724,1.);
#9724 = DIRECTION('',(1.,0.));
#9725 = ( GEOMETRIC_REPRESENTATION_CONTEXT(2) 
PARAMETRIC_REPRESENTATION_CONTEXT() REPRESENTATION_CONTEXT('2D SPACE',''
  ) );
#9726 = PCURVE('',#8614,#9727);
#9727 = DEFINITIONAL_REPRESENTATION('',(#9728),#9732);
#9728 = CIRCLE('',#9729,2.8);
#9729 = AXIS2_PLACEMENT_2D('',#9730,#9731);
#9730 = CARTESIAN_POINT('',(-1.5,21.19));
#9731 = DIRECTION('',(1.,0.));
#9732 = ( GEOMETRIC_REPRESENTATION_CONTEXT(2) 
PARAMETRIC_REPRESENTATION_CONTEXT() REPRESENTATION_CONTEXT('2D SPACE',''
  ) );
#9733 = ORIENTED_EDGE('',*,*,#9734,.T.);
#9734 = EDGE_CURVE('',#9711,#9735,#9737,.T.);
#9735 = VERTEX_POINT('',#9736);
#9736 = CARTESIAN_POINT('',(-68.5,5.830681916493,8.2));
#9737 = SURFACE_CURVE('',#9738,(#9742,#9748),.PCURVE_S1.);
#9738 = LINE('',#9739,#9740);
#9739 = CARTESIAN_POINT('',(-68.5,5.830681916493,2.4));
#9740 = VECTOR('',#9741,1.);
#9741 = DIRECTION('',(0.,0.,1.));
#9742 = PCURVE('',#9644,#9743);
#9743 = DEFINITIONAL_REPRESENTATION('',(#9744),#9747);
#9744 = B_SPLINE_CURVE_WITH_KNOTS('',1,(#9745,#9746),.UNSPECIFIED.,.F.,
  .F.,(2,2),(3.05,5.8000024),.PIECEWISE_BEZIER_KNOTS.);
#9745 = CARTESIAN_POINT('',(5.277742410622,3.05));
#9746 = CARTESIAN_POINT('',(5.277742410622,5.8000024));
#9747 = ( GEOMETRIC_REPRESENTATION_CONTEXT(2) 
PARAMETRIC_REPRESENTATION_CONTEXT() REPRESENTATION_CONTEXT('2D SPACE',''
  ) );
#9748 = PCURVE('',#9749,#9754);
#9749 = PLANE('',#9750);
#9750 = AXIS2_PLACEMENT_3D('',#9751,#9752,#9753);
#9751 = CARTESIAN_POINT('',(-68.5,-12.995,5.7));
#9752 = DIRECTION('',(1.,0.,-0.));
#9753 = DIRECTION('',(0.,0.,1.));
#9754 = DEFINITIONAL_REPRESENTATION('',(#9755),#9758);
#9755 = B_SPLINE_CURVE_WITH_KNOTS('',1,(#9756,#9757),.UNSPECIFIED.,.F.,
  .F.,(2,2),(3.05,5.8000024),.PIECEWISE_BEZIER_KNOTS.);
#9756 = CARTESIAN_POINT('',(-0.25,-18.82568191649));
#9757 = CARTESIAN_POINT('',(2.5000024,-18.82568191649));
#9758 = ( GEOMETRIC_REPRESENTATION_CONTEXT(2) 
PARAMETRIC_REPRESENTATION_CONTEXT() REPRESENTATION_CONTEXT('2D SPACE',''
  ) );
#9759 = ORIENTED_EDGE('',*,*,#9760,.F.);
#9760 = EDGE_CURVE('',#8490,#9735,#9761,.T.);
#9761 = SURFACE_CURVE('',#9762,(#9767,#9774),.PCURVE_S1.);
#9762 = CIRCLE('',#9763,2.8);
#9763 = AXIS2_PLACEMENT_3D('',#9764,#9765,#9766);
#9764 = CARTESIAN_POINT('',(-70.,8.195,8.2));
#9765 = DIRECTION('',(0.,0.,1.));
#9766 = DIRECTION('',(1.,0.,-0.));
#9767 = PCURVE('',#9644,#9768);
#9768 = DEFINITIONAL_REPRESENTATION('',(#9769),#9773);
#9769 = LINE('',#9770,#9771);
#9770 = CARTESIAN_POINT('',(0.,5.8));
#9771 = VECTOR('',#9772,1.);
#9772 = DIRECTION('',(1.,0.));
#9773 = ( GEOMETRIC_REPRESENTATION_CONTEXT(2) 
PARAMETRIC_REPRESENTATION_CONTEXT() REPRESENTATION_CONTEXT('2D SPACE',''
  ) );
#9774 = PCURVE('',#8505,#9775);
#9775 = DEFINITIONAL_REPRESENTATION('',(#9776),#9780);
#9776 = CIRCLE('',#9777,2.8);
#9777 = AXIS2_PLACEMENT_2D('',#9778,#9779);
#9778 = CARTESIAN_POINT('',(-70.,8.195000000196));
#9779 = DIRECTION('',(1.,0.));
#9780 = ( GEOMETRIC_REPRESENTATION_CONTEXT(2) 
PARAMETRIC_REPRESENTATION_CONTEXT() REPRESENTATION_CONTEXT('2D SPACE',''
  ) );
#9781 = ORIENTED_EDGE('',*,*,#8517,.F.);
#9782 = ADVANCED_FACE('',(#9783),#8505,.F.);
#9783 = FACE_BOUND('',#9784,.F.);
#9784 = EDGE_LOOP('',(#9785,#9786,#9787,#9788,#9817,#9838,#9839,#9840));
#9785 = ORIENTED_EDGE('',*,*,#8723,.F.);
#9786 = ORIENTED_EDGE('',*,*,#8750,.T.);
#9787 = ORIENTED_EDGE('',*,*,#8801,.T.);
#9788 = ORIENTED_EDGE('',*,*,#9789,.F.);
#9789 = EDGE_CURVE('',#9790,#8802,#9792,.T.);
#9790 = VERTEX_POINT('',#9791);
#9791 = CARTESIAN_POINT('',(-68.5,-5.830681916493,8.2));
#9792 = SURFACE_CURVE('',#9793,(#9798,#9805),.PCURVE_S1.);
#9793 = CIRCLE('',#9794,2.8);
#9794 = AXIS2_PLACEMENT_3D('',#9795,#9796,#9797);
#9795 = CARTESIAN_POINT('',(-70.,-8.195,8.2));
#9796 = DIRECTION('',(0.,0.,1.));
#9797 = DIRECTION('',(1.,0.,-0.));
#9798 = PCURVE('',#8505,#9799);
#9799 = DEFINITIONAL_REPRESENTATION('',(#9800),#9804);
#9800 = CIRCLE('',#9801,2.8);
#9801 = AXIS2_PLACEMENT_2D('',#9802,#9803);
#9802 = CARTESIAN_POINT('',(-70.,-8.194999999804));
#9803 = DIRECTION('',(1.,0.));
#9804 = ( GEOMETRIC_REPRESENTATION_CONTEXT(2) 
PARAMETRIC_REPRESENTATION_CONTEXT() REPRESENTATION_CONTEXT('2D SPACE',''
  ) );
#9805 = PCURVE('',#9806,#9811);
#9806 = CYLINDRICAL_SURFACE('',#9807,2.8);
#9807 = AXIS2_PLACEMENT_3D('',#9808,#9809,#9810);
#9808 = CARTESIAN_POINT('',(-70.,-8.195,2.4));
#9809 = DIRECTION('',(0.,0.,1.));
#9810 = DIRECTION('',(1.,0.,-0.));
#9811 = DEFINITIONAL_REPRESENTATION('',(#9812),#9816);
#9812 = LINE('',#9813,#9814);
#9813 = CARTESIAN_POINT('',(0.,5.8));
#9814 = VECTOR('',#9815,1.);
#9815 = DIRECTION('',(1.,0.));
#9816 = ( GEOMETRIC_REPRESENTATION_CONTEXT(2) 
PARAMETRIC_REPRESENTATION_CONTEXT() REPRESENTATION_CONTEXT('2D SPACE',''
  ) );
#9817 = ORIENTED_EDGE('',*,*,#9818,.T.);
#9818 = EDGE_CURVE('',#9790,#9735,#9819,.T.);
#9819 = SURFACE_CURVE('',#9820,(#9824,#9831),.PCURVE_S1.);
#9820 = LINE('',#9821,#9822);
#9821 = CARTESIAN_POINT('',(-68.5,-12.995,8.2));
#9822 = VECTOR('',#9823,1.);
#9823 = DIRECTION('',(-0.,1.,0.));
#9824 = PCURVE('',#8505,#9825);
#9825 = DEFINITIONAL_REPRESENTATION('',(#9826),#9830);
#9826 = LINE('',#9827,#9828);
#9827 = CARTESIAN_POINT('',(-68.5,-12.9949999998));
#9828 = VECTOR('',#9829,1.);
#9829 = DIRECTION('',(0.,1.));
#9830 = ( GEOMETRIC_REPRESENTATION_CONTEXT(2) 
PARAMETRIC_REPRESENTATION_CONTEXT() REPRESENTATION_CONTEXT('2D SPACE',''
  ) );
#9831 = PCURVE('',#9749,#9832);
#9832 = DEFINITIONAL_REPRESENTATION('',(#9833),#9837);
#9833 = LINE('',#9834,#9835);
#9834 = CARTESIAN_POINT('',(2.5,0.));
#9835 = VECTOR('',#9836,1.);
#9836 = DIRECTION('',(0.,-1.));
#9837 = ( GEOMETRIC_REPRESENTATION_CONTEXT(2) 
PARAMETRIC_REPRESENTATION_CONTEXT() REPRESENTATION_CONTEXT('2D SPACE',''
  ) );
#9838 = ORIENTED_EDGE('',*,*,#9760,.F.);
#9839 = ORIENTED_EDGE('',*,*,#8489,.F.);
#9840 = ORIENTED_EDGE('',*,*,#8651,.T.);
#9841 = ADVANCED_FACE('',(#9842),#8559,.F.);
#9842 = FACE_BOUND('',#9843,.F.);
#9843 = EDGE_LOOP('',(#9844,#9845,#9846));
#9844 = ORIENTED_EDGE('',*,*,#8543,.F.);
#9845 = ORIENTED_EDGE('',*,*,#9554,.F.);
#9846 = ORIENTED_EDGE('',*,*,#9847,.T.);
#9847 = EDGE_CURVE('',#9555,#8544,#9848,.T.);
#9848 = SURFACE_CURVE('',#9849,(#9853,#9860),.PCURVE_S1.);
#9849 = LINE('',#9850,#9851);
#9850 = CARTESIAN_POINT('',(-68.5,-12.995,8.2));
#9851 = VECTOR('',#9852,1.);
#9852 = DIRECTION('',(-0.,1.,0.));
#9853 = PCURVE('',#8559,#9854);
#9854 = DEFINITIONAL_REPRESENTATION('',(#9855),#9859);
#9855 = LINE('',#9856,#9857);
#9856 = CARTESIAN_POINT('',(-68.5,-12.9949999998));
#9857 = VECTOR('',#9858,1.);
#9858 = DIRECTION('',(0.,1.));
#9859 = ( GEOMETRIC_REPRESENTATION_CONTEXT(2) 
PARAMETRIC_REPRESENTATION_CONTEXT() REPRESENTATION_CONTEXT('2D SPACE',''
  ) );
#9860 = PCURVE('',#8587,#9861);
#9861 = DEFINITIONAL_REPRESENTATION('',(#9862),#9866);
#9862 = LINE('',#9863,#9864);
#9863 = CARTESIAN_POINT('',(2.5,0.));
#9864 = VECTOR('',#9865,1.);
#9865 = DIRECTION('',(0.,-1.));
#9866 = ( GEOMETRIC_REPRESENTATION_CONTEXT(2) 
PARAMETRIC_REPRESENTATION_CONTEXT() REPRESENTATION_CONTEXT('2D SPACE',''
  ) );
#9867 = ADVANCED_FACE('',(#9868),#8587,.F.);
#9868 = FACE_BOUND('',#9869,.F.);
#9869 = EDGE_LOOP('',(#9870,#9871,#9872,#9893));
#9870 = ORIENTED_EDGE('',*,*,#9847,.F.);
#9871 = ORIENTED_EDGE('',*,*,#9583,.F.);
#9872 = ORIENTED_EDGE('',*,*,#9873,.T.);
#9873 = EDGE_CURVE('',#9584,#8572,#9874,.T.);
#9874 = SURFACE_CURVE('',#9875,(#9879,#9886),.PCURVE_S1.);
#9875 = LINE('',#9876,#9877);
#9876 = CARTESIAN_POINT('',(-68.5,-12.995,5.7));
#9877 = VECTOR('',#9878,1.);
#9878 = DIRECTION('',(-0.,1.,0.));
#9879 = PCURVE('',#8587,#9880);
#9880 = DEFINITIONAL_REPRESENTATION('',(#9881),#9885);
#9881 = LINE('',#9882,#9883);
#9882 = CARTESIAN_POINT('',(0.,0.));
#9883 = VECTOR('',#9884,1.);
#9884 = DIRECTION('',(0.,-1.));
#9885 = ( GEOMETRIC_REPRESENTATION_CONTEXT(2) 
PARAMETRIC_REPRESENTATION_CONTEXT() REPRESENTATION_CONTEXT('2D SPACE',''
  ) );
#9886 = PCURVE('',#8614,#9887);
#9887 = DEFINITIONAL_REPRESENTATION('',(#9888),#9892);
#9888 = LINE('',#9889,#9890);
#9889 = CARTESIAN_POINT('',(0.,0.));
#9890 = VECTOR('',#9891,1.);
#9891 = DIRECTION('',(0.,1.));
#9892 = ( GEOMETRIC_REPRESENTATION_CONTEXT(2) 
PARAMETRIC_REPRESENTATION_CONTEXT() REPRESENTATION_CONTEXT('2D SPACE',''
  ) );
#9893 = ORIENTED_EDGE('',*,*,#8571,.F.);
#9894 = ADVANCED_FACE('',(#9895),#8614,.F.);
#9895 = FACE_BOUND('',#9896,.F.);
#9896 = EDGE_LOOP('',(#9897,#9898,#9899,#9900,#9901,#9924,#9948,#9977,
    #9998,#9999));
#9897 = ORIENTED_EDGE('',*,*,#8598,.F.);
#9898 = ORIENTED_EDGE('',*,*,#9873,.F.);
#9899 = ORIENTED_EDGE('',*,*,#9604,.F.);
#9900 = ORIENTED_EDGE('',*,*,#9710,.F.);
#9901 = ORIENTED_EDGE('',*,*,#9902,.F.);
#9902 = EDGE_CURVE('',#9903,#9711,#9905,.T.);
#9903 = VERTEX_POINT('',#9904);
#9904 = CARTESIAN_POINT('',(-68.5,-5.830681916493,5.7));
#9905 = SURFACE_CURVE('',#9906,(#9910,#9917),.PCURVE_S1.);
#9906 = LINE('',#9907,#9908);
#9907 = CARTESIAN_POINT('',(-68.5,-12.995,5.7));
#9908 = VECTOR('',#9909,1.);
#9909 = DIRECTION('',(-0.,1.,0.));
#9910 = PCURVE('',#8614,#9911);
#9911 = DEFINITIONAL_REPRESENTATION('',(#9912),#9916);
#9912 = LINE('',#9913,#9914);
#9913 = CARTESIAN_POINT('',(0.,0.));
#9914 = VECTOR('',#9915,1.);
#9915 = DIRECTION('',(0.,1.));
#9916 = ( GEOMETRIC_REPRESENTATION_CONTEXT(2) 
PARAMETRIC_REPRESENTATION_CONTEXT() REPRESENTATION_CONTEXT('2D SPACE',''
  ) );
#9917 = PCURVE('',#9749,#9918);
#9918 = DEFINITIONAL_REPRESENTATION('',(#9919),#9923);
#9919 = LINE('',#9920,#9921);
#9920 = CARTESIAN_POINT('',(0.,0.));
#9921 = VECTOR('',#9922,1.);
#9922 = DIRECTION('',(0.,-1.));
#9923 = ( GEOMETRIC_REPRESENTATION_CONTEXT(2) 
PARAMETRIC_REPRESENTATION_CONTEXT() REPRESENTATION_CONTEXT('2D SPACE',''
  ) );
#9924 = ORIENTED_EDGE('',*,*,#9925,.F.);
#9925 = EDGE_CURVE('',#9926,#9903,#9928,.T.);
#9926 = VERTEX_POINT('',#9927);
#9927 = CARTESIAN_POINT('',(-67.2,-8.195,5.7));
#9928 = SURFACE_CURVE('',#9929,(#9934,#9941),.PCURVE_S1.);
#9929 = CIRCLE('',#9930,2.8);
#9930 = AXIS2_PLACEMENT_3D('',#9931,#9932,#9933);
#9931 = CARTESIAN_POINT('',(-70.,-8.195,5.7));
#9932 = DIRECTION('',(0.,0.,1.));
#9933 = DIRECTION('',(1.,0.,-0.));
#9934 = PCURVE('',#8614,#9935);
#9935 = DEFINITIONAL_REPRESENTATION('',(#9936),#9940);
#9936 = CIRCLE('',#9937,2.8);
#9937 = AXIS2_PLACEMENT_2D('',#9938,#9939);
#9938 = CARTESIAN_POINT('',(-1.5,4.8));
#9939 = DIRECTION('',(1.,0.));
#9940 = ( GEOMETRIC_REPRESENTATION_CONTEXT(2) 
PARAMETRIC_REPRESENTATION_CONTEXT() REPRESENTATION_CONTEXT('2D SPACE',''
  ) );
#9941 = PCURVE('',#9806,#9942);
#9942 = DEFINITIONAL_REPRESENTATION('',(#9943),#9947);
#9943 = LINE('',#9944,#9945);
#9944 = CARTESIAN_POINT('',(0.,3.3));
#9945 = VECTOR('',#9946,1.);
#9946 = DIRECTION('',(1.,0.));
#9947 = ( GEOMETRIC_REPRESENTATION_CONTEXT(2) 
PARAMETRIC_REPRESENTATION_CONTEXT() REPRESENTATION_CONTEXT('2D SPACE',''
  ) );
#9948 = ORIENTED_EDGE('',*,*,#9949,.F.);
#9949 = EDGE_CURVE('',#9950,#9926,#9952,.T.);
#9950 = VERTEX_POINT('',#9951);
#9951 = CARTESIAN_POINT('',(-68.5,-10.5593180835,5.7));
#9952 = SURFACE_CURVE('',#9953,(#9958,#9965),.PCURVE_S1.);
#9953 = CIRCLE('',#9954,2.8);
#9954 = AXIS2_PLACEMENT_3D('',#9955,#9956,#9957);
#9955 = CARTESIAN_POINT('',(-70.,-8.195,5.7));
#9956 = DIRECTION('',(0.,0.,1.));
#9957 = DIRECTION('',(1.,0.,-0.));
#9958 = PCURVE('',#8614,#9959);
#9959 = DEFINITIONAL_REPRESENTATION('',(#9960),#9964);
#9960 = CIRCLE('',#9961,2.8);
#9961 = AXIS2_PLACEMENT_2D('',#9962,#9963);
#9962 = CARTESIAN_POINT('',(-1.5,4.8));
#9963 = DIRECTION('',(1.,0.));
#9964 = ( GEOMETRIC_REPRESENTATION_CONTEXT(2) 
PARAMETRIC_REPRESENTATION_CONTEXT() REPRESENTATION_CONTEXT('2D SPACE',''
  ) );
#9965 = PCURVE('',#9966,#9971);
#9966 = CYLINDRICAL_SURFACE('',#9967,2.8);
#9967 = AXIS2_PLACEMENT_3D('',#9968,#9969,#9970);
#9968 = CARTESIAN_POINT('',(-70.,-8.195,2.4));
#9969 = DIRECTION('',(0.,0.,1.));
#9970 = DIRECTION('',(1.,0.,-0.));
#9971 = DEFINITIONAL_REPRESENTATION('',(#9972),#9976);
#9972 = LINE('',#9973,#9974);
#9973 = CARTESIAN_POINT('',(0.,3.3));
#9974 = VECTOR('',#9975,1.);
#9975 = DIRECTION('',(1.,0.));
#9976 = ( GEOMETRIC_REPRESENTATION_CONTEXT(2) 
PARAMETRIC_REPRESENTATION_CONTEXT() REPRESENTATION_CONTEXT('2D SPACE',''
  ) );
#9977 = ORIENTED_EDGE('',*,*,#9978,.F.);
#9978 = EDGE_CURVE('',#8899,#9950,#9979,.T.);
#9979 = SURFACE_CURVE('',#9980,(#9984,#9991),.PCURVE_S1.);
#9980 = LINE('',#9981,#9982);
#9981 = CARTESIAN_POINT('',(-68.5,-12.995,5.7));
#9982 = VECTOR('',#9983,1.);
#9983 = DIRECTION('',(-0.,1.,0.));
#9984 = PCURVE('',#8614,#9985);
#9985 = DEFINITIONAL_REPRESENTATION('',(#9986),#9990);
#9986 = LINE('',#9987,#9988);
#9987 = CARTESIAN_POINT('',(0.,0.));
#9988 = VECTOR('',#9989,1.);
#9989 = DIRECTION('',(0.,1.));
#9990 = ( GEOMETRIC_REPRESENTATION_CONTEXT(2) 
PARAMETRIC_REPRESENTATION_CONTEXT() REPRESENTATION_CONTEXT('2D SPACE',''
  ) );
#9991 = PCURVE('',#8914,#9992);
#9992 = DEFINITIONAL_REPRESENTATION('',(#9993),#9997);
#9993 = LINE('',#9994,#9995);
#9994 = CARTESIAN_POINT('',(0.,0.));
#9995 = VECTOR('',#9996,1.);
#9996 = DIRECTION('',(0.,-1.));
#9997 = ( GEOMETRIC_REPRESENTATION_CONTEXT(2) 
PARAMETRIC_REPRESENTATION_CONTEXT() REPRESENTATION_CONTEXT('2D SPACE',''
  ) );
#9998 = ORIENTED_EDGE('',*,*,#8925,.T.);
#9999 = ORIENTED_EDGE('',*,*,#8980,.T.);
#10000 = ADVANCED_FACE('',(#10001),#9806,.T.);
#10001 = FACE_BOUND('',#10002,.T.);
#10002 = EDGE_LOOP('',(#10003,#10004,#10023,#10024,#10047,#10074));
#10003 = ORIENTED_EDGE('',*,*,#9789,.F.);
#10004 = ORIENTED_EDGE('',*,*,#10005,.F.);
#10005 = EDGE_CURVE('',#9903,#9790,#10006,.T.);
#10006 = SURFACE_CURVE('',#10007,(#10011,#10017),.PCURVE_S1.);
#10007 = LINE('',#10008,#10009);
#10008 = CARTESIAN_POINT('',(-68.5,-5.830681916493,2.4));
#10009 = VECTOR('',#10010,1.);
#10010 = DIRECTION('',(0.,0.,1.));
#10011 = PCURVE('',#9806,#10012);
#10012 = DEFINITIONAL_REPRESENTATION('',(#10013),#10016);
#10013 = B_SPLINE_CURVE_WITH_KNOTS('',1,(#10014,#10015),.UNSPECIFIED.,
  .F.,.F.,(2,2),(3.05,5.8000024),.PIECEWISE_BEZIER_KNOTS.);
#10014 = CARTESIAN_POINT('',(1.005442896558,3.05));
#10015 = CARTESIAN_POINT('',(1.005442896558,5.8000024));
#10016 = ( GEOMETRIC_REPRESENTATION_CONTEXT(2) 
PARAMETRIC_REPRESENTATION_CONTEXT() REPRESENTATION_CONTEXT('2D SPACE',''
  ) );
#10017 = PCURVE('',#9749,#10018);
#10018 = DEFINITIONAL_REPRESENTATION('',(#10019),#10022);
#10019 = B_SPLINE_CURVE_WITH_KNOTS('',1,(#10020,#10021),.UNSPECIFIED.,
  .F.,.F.,(2,2),(3.05,5.8000024),.PIECEWISE_BEZIER_KNOTS.);
#10020 = CARTESIAN_POINT('',(-0.25,-7.164318083507));
#10021 = CARTESIAN_POINT('',(2.5000024,-7.164318083507));
#10022 = ( GEOMETRIC_REPRESENTATION_CONTEXT(2) 
PARAMETRIC_REPRESENTATION_CONTEXT() REPRESENTATION_CONTEXT('2D SPACE',''
  ) );
#10023 = ORIENTED_EDGE('',*,*,#9925,.F.);
#10024 = ORIENTED_EDGE('',*,*,#10025,.F.);
#10025 = EDGE_CURVE('',#10026,#9926,#10028,.T.);
#10026 = VERTEX_POINT('',#10027);
#10027 = CARTESIAN_POINT('',(-67.2,-8.195,2.4));
#10028 = SURFACE_CURVE('',#10029,(#10033,#10040),.PCURVE_S1.);
#10029 = LINE('',#10030,#10031);
#10030 = CARTESIAN_POINT('',(-67.2,-8.195,2.4));
#10031 = VECTOR('',#10032,1.);
#10032 = DIRECTION('',(0.,0.,1.));
#10033 = PCURVE('',#9806,#10034);
#10034 = DEFINITIONAL_REPRESENTATION('',(#10035),#10039);
#10035 = LINE('',#10036,#10037);
#10036 = CARTESIAN_POINT('',(0.,-0.));
#10037 = VECTOR('',#10038,1.);
#10038 = DIRECTION('',(0.,1.));
#10039 = ( GEOMETRIC_REPRESENTATION_CONTEXT(2) 
PARAMETRIC_REPRESENTATION_CONTEXT() REPRESENTATION_CONTEXT('2D SPACE',''
  ) );
#10040 = PCURVE('',#9966,#10041);
#10041 = DEFINITIONAL_REPRESENTATION('',(#10042),#10046);
#10042 = LINE('',#10043,#10044);
#10043 = CARTESIAN_POINT('',(6.28318530718,-0.));
#10044 = VECTOR('',#10045,1.);
#10045 = DIRECTION('',(0.,1.));
#10046 = ( GEOMETRIC_REPRESENTATION_CONTEXT(2) 
PARAMETRIC_REPRESENTATION_CONTEXT() REPRESENTATION_CONTEXT('2D SPACE',''
  ) );
#10047 = ORIENTED_EDGE('',*,*,#10048,.T.);
#10048 = EDGE_CURVE('',#10026,#7330,#10049,.T.);
#10049 = SURFACE_CURVE('',#10050,(#10055,#10062),.PCURVE_S1.);
#10050 = CIRCLE('',#10051,2.8);
#10051 = AXIS2_PLACEMENT_3D('',#10052,#10053,#10054);
#10052 = CARTESIAN_POINT('',(-70.,-8.195,2.4));
#10053 = DIRECTION('',(0.,0.,1.));
#10054 = DIRECTION('',(1.,0.,-0.));
#10055 = PCURVE('',#9806,#10056);
#10056 = DEFINITIONAL_REPRESENTATION('',(#10057),#10061);
#10057 = LINE('',#10058,#10059);
#10058 = CARTESIAN_POINT('',(0.,0.));
#10059 = VECTOR('',#10060,1.);
#10060 = DIRECTION('',(1.,0.));
#10061 = ( GEOMETRIC_REPRESENTATION_CONTEXT(2) 
PARAMETRIC_REPRESENTATION_CONTEXT() REPRESENTATION_CONTEXT('2D SPACE',''
  ) );
#10062 = PCURVE('',#10063,#10068);
#10063 = PLANE('',#10064);
#10064 = AXIS2_PLACEMENT_3D('',#10065,#10066,#10067);
#10065 = CARTESIAN_POINT('',(-70.,-8.195,2.4));
#10066 = DIRECTION('',(0.,0.,1.));
#10067 = DIRECTION('',(1.,0.,-0.));
#10068 = DEFINITIONAL_REPRESENTATION('',(#10069),#10073);
#10069 = CIRCLE('',#10070,2.8);
#10070 = AXIS2_PLACEMENT_2D('',#10071,#10072);
#10071 = CARTESIAN_POINT('',(0.,0.));
#10072 = DIRECTION('',(1.,0.));
#10073 = ( GEOMETRIC_REPRESENTATION_CONTEXT(2) 
PARAMETRIC_REPRESENTATION_CONTEXT() REPRESENTATION_CONTEXT('2D SPACE',''
  ) );
#10074 = ORIENTED_EDGE('',*,*,#8824,.T.);
#10075 = ADVANCED_FACE('',(#10076),#9966,.T.);
#10076 = FACE_BOUND('',#10077,.T.);
#10077 = EDGE_LOOP('',(#10078,#10100,#10101,#10102,#10123,#10145));
#10078 = ORIENTED_EDGE('',*,*,#10079,.T.);
#10079 = EDGE_CURVE('',#7330,#10026,#10080,.T.);
#10080 = SURFACE_CURVE('',#10081,(#10086,#10093),.PCURVE_S1.);
#10081 = CIRCLE('',#10082,2.8);
#10082 = AXIS2_PLACEMENT_3D('',#10083,#10084,#10085);
#10083 = CARTESIAN_POINT('',(-70.,-8.195,2.4));
#10084 = DIRECTION('',(0.,0.,1.));
#10085 = DIRECTION('',(1.,0.,-0.));
#10086 = PCURVE('',#9966,#10087);
#10087 = DEFINITIONAL_REPRESENTATION('',(#10088),#10092);
#10088 = LINE('',#10089,#10090);
#10089 = CARTESIAN_POINT('',(0.,0.));
#10090 = VECTOR('',#10091,1.);
#10091 = DIRECTION('',(1.,0.));
#10092 = ( GEOMETRIC_REPRESENTATION_CONTEXT(2) 
PARAMETRIC_REPRESENTATION_CONTEXT() REPRESENTATION_CONTEXT('2D SPACE',''
  ) );
#10093 = PCURVE('',#10063,#10094);
#10094 = DEFINITIONAL_REPRESENTATION('',(#10095),#10099);
#10095 = CIRCLE('',#10096,2.8);
#10096 = AXIS2_PLACEMENT_2D('',#10097,#10098);
#10097 = CARTESIAN_POINT('',(0.,0.));
#10098 = DIRECTION('',(1.,0.));
#10099 = ( GEOMETRIC_REPRESENTATION_CONTEXT(2) 
PARAMETRIC_REPRESENTATION_CONTEXT() REPRESENTATION_CONTEXT('2D SPACE',''
  ) );
#10100 = ORIENTED_EDGE('',*,*,#10025,.T.);
#10101 = ORIENTED_EDGE('',*,*,#9949,.F.);
#10102 = ORIENTED_EDGE('',*,*,#10103,.T.);
#10103 = EDGE_CURVE('',#9950,#10104,#10106,.T.);
#10104 = VERTEX_POINT('',#10105);
#10105 = CARTESIAN_POINT('',(-68.5,-10.5593180835,8.2));
#10106 = SURFACE_CURVE('',#10107,(#10111,#10117),.PCURVE_S1.);
#10107 = LINE('',#10108,#10109);
#10108 = CARTESIAN_POINT('',(-68.5,-10.5593180835,2.4));
#10109 = VECTOR('',#10110,1.);
#10110 = DIRECTION('',(0.,0.,1.));
#10111 = PCURVE('',#9966,#10112);
#10112 = DEFINITIONAL_REPRESENTATION('',(#10113),#10116);
#10113 = B_SPLINE_CURVE_WITH_KNOTS('',1,(#10114,#10115),.UNSPECIFIED.,
  .F.,.F.,(2,2),(3.05,5.8000024),.PIECEWISE_BEZIER_KNOTS.);
#10114 = CARTESIAN_POINT('',(5.277742410622,3.05));
#10115 = CARTESIAN_POINT('',(5.277742410622,5.8000024));
#10116 = ( GEOMETRIC_REPRESENTATION_CONTEXT(2) 
PARAMETRIC_REPRESENTATION_CONTEXT() REPRESENTATION_CONTEXT('2D SPACE',''
  ) );
#10117 = PCURVE('',#8914,#10118);
#10118 = DEFINITIONAL_REPRESENTATION('',(#10119),#10122);
#10119 = B_SPLINE_CURVE_WITH_KNOTS('',1,(#10120,#10121),.UNSPECIFIED.,
  .F.,.F.,(2,2),(3.05,5.8000024),.PIECEWISE_BEZIER_KNOTS.);
#10120 = CARTESIAN_POINT('',(-0.25,-2.435681916493));
#10121 = CARTESIAN_POINT('',(2.5000024,-2.435681916493));
#10122 = ( GEOMETRIC_REPRESENTATION_CONTEXT(2) 
PARAMETRIC_REPRESENTATION_CONTEXT() REPRESENTATION_CONTEXT('2D SPACE',''
  ) );
#10123 = ORIENTED_EDGE('',*,*,#10124,.F.);
#10124 = EDGE_CURVE('',#8802,#10104,#10125,.T.);
#10125 = SURFACE_CURVE('',#10126,(#10131,#10138),.PCURVE_S1.);
#10126 = CIRCLE('',#10127,2.8);
#10127 = AXIS2_PLACEMENT_3D('',#10128,#10129,#10130);
#10128 = CARTESIAN_POINT('',(-70.,-8.195,8.2));
#10129 = DIRECTION('',(0.,0.,1.));
#10130 = DIRECTION('',(1.,0.,-0.));
#10131 = PCURVE('',#9966,#10132);
#10132 = DEFINITIONAL_REPRESENTATION('',(#10133),#10137);
#10133 = LINE('',#10134,#10135);
#10134 = CARTESIAN_POINT('',(0.,5.8));
#10135 = VECTOR('',#10136,1.);
#10136 = DIRECTION('',(1.,0.));
#10137 = ( GEOMETRIC_REPRESENTATION_CONTEXT(2) 
PARAMETRIC_REPRESENTATION_CONTEXT() REPRESENTATION_CONTEXT('2D SPACE',''
  ) );
#10138 = PCURVE('',#8886,#10139);
#10139 = DEFINITIONAL_REPRESENTATION('',(#10140),#10144);
#10140 = CIRCLE('',#10141,2.8);
#10141 = AXIS2_PLACEMENT_2D('',#10142,#10143);
#10142 = CARTESIAN_POINT('',(-70.,-8.194999999804));
#10143 = DIRECTION('',(1.,0.));
#10144 = ( GEOMETRIC_REPRESENTATION_CONTEXT(2) 
PARAMETRIC_REPRESENTATION_CONTEXT() REPRESENTATION_CONTEXT('2D SPACE',''
  ) );
#10145 = ORIENTED_EDGE('',*,*,#8824,.F.);
#10146 = ADVANCED_FACE('',(#10147),#8886,.F.);
#10147 = FACE_BOUND('',#10148,.F.);
#10148 = EDGE_LOOP('',(#10149,#10150,#10151));
#10149 = ORIENTED_EDGE('',*,*,#10124,.F.);
#10150 = ORIENTED_EDGE('',*,*,#8870,.T.);
#10151 = ORIENTED_EDGE('',*,*,#10152,.T.);
#10152 = EDGE_CURVE('',#8871,#10104,#10153,.T.);
#10153 = SURFACE_CURVE('',#10154,(#10158,#10165),.PCURVE_S1.);
#10154 = LINE('',#10155,#10156);
#10155 = CARTESIAN_POINT('',(-68.5,-12.995,8.2));
#10156 = VECTOR('',#10157,1.);
#10157 = DIRECTION('',(-0.,1.,0.));
#10158 = PCURVE('',#8886,#10159);
#10159 = DEFINITIONAL_REPRESENTATION('',(#10160),#10164);
#10160 = LINE('',#10161,#10162);
#10161 = CARTESIAN_POINT('',(-68.5,-12.9949999998));
#10162 = VECTOR('',#10163,1.);
#10163 = DIRECTION('',(0.,1.));
#10164 = ( GEOMETRIC_REPRESENTATION_CONTEXT(2) 
PARAMETRIC_REPRESENTATION_CONTEXT() REPRESENTATION_CONTEXT('2D SPACE',''
  ) );
#10165 = PCURVE('',#8914,#10166);
#10166 = DEFINITIONAL_REPRESENTATION('',(#10167),#10171);
#10167 = LINE('',#10168,#10169);
#10168 = CARTESIAN_POINT('',(2.5,0.));
#10169 = VECTOR('',#10170,1.);
#10170 = DIRECTION('',(0.,-1.));
#10171 = ( GEOMETRIC_REPRESENTATION_CONTEXT(2) 
PARAMETRIC_REPRESENTATION_CONTEXT() REPRESENTATION_CONTEXT('2D SPACE',''
  ) );
#10172 = ADVANCED_FACE('',(#10173),#8914,.F.);
#10173 = FACE_BOUND('',#10174,.F.);
#10174 = EDGE_LOOP('',(#10175,#10176,#10177,#10178));
#10175 = ORIENTED_EDGE('',*,*,#10152,.F.);
#10176 = ORIENTED_EDGE('',*,*,#8898,.T.);
#10177 = ORIENTED_EDGE('',*,*,#9978,.T.);
#10178 = ORIENTED_EDGE('',*,*,#10103,.T.);
#10179 = ADVANCED_FACE('',(#10180),#9043,.F.);
#10180 = FACE_BOUND('',#10181,.T.);
#10181 = EDGE_LOOP('',(#10182));
#10182 = ORIENTED_EDGE('',*,*,#9028,.F.);
#10183 = ADVANCED_FACE('',(#10184),#9098,.F.);
#10184 = FACE_BOUND('',#10185,.T.);
#10185 = EDGE_LOOP('',(#10186));
#10186 = ORIENTED_EDGE('',*,*,#9083,.F.);
#10187 = ADVANCED_FACE('',(#10188),#9153,.F.);
#10188 = FACE_BOUND('',#10189,.T.);
#10189 = EDGE_LOOP('',(#10190));
#10190 = ORIENTED_EDGE('',*,*,#9138,.F.);
#10191 = ADVANCED_FACE('',(#10192),#9208,.F.);
#10192 = FACE_BOUND('',#10193,.T.);
#10193 = EDGE_LOOP('',(#10194));
#10194 = ORIENTED_EDGE('',*,*,#9193,.F.);
#10195 = ADVANCED_FACE('',(#10196),#9263,.F.);
#10196 = FACE_BOUND('',#10197,.T.);
#10197 = EDGE_LOOP('',(#10198));
#10198 = ORIENTED_EDGE('',*,*,#9248,.F.);
#10199 = ADVANCED_FACE('',(#10200),#9318,.F.);
#10200 = FACE_BOUND('',#10201,.T.);
#10201 = EDGE_LOOP('',(#10202));
#10202 = ORIENTED_EDGE('',*,*,#9303,.F.);
#10203 = ADVANCED_FACE('',(#10204),#9373,.F.);
#10204 = FACE_BOUND('',#10205,.T.);
#10205 = EDGE_LOOP('',(#10206));
#10206 = ORIENTED_EDGE('',*,*,#9358,.F.);
#10207 = ADVANCED_FACE('',(#10208),#9428,.F.);
#10208 = FACE_BOUND('',#10209,.T.);
#10209 = EDGE_LOOP('',(#10210));
#10210 = ORIENTED_EDGE('',*,*,#9413,.F.);
#10211 = ADVANCED_FACE('',(#10212),#9483,.F.);
#10212 = FACE_BOUND('',#10213,.T.);
#10213 = EDGE_LOOP('',(#10214));
#10214 = ORIENTED_EDGE('',*,*,#9468,.F.);
#10215 = ADVANCED_FACE('',(#10216),#9538,.F.);
#10216 = FACE_BOUND('',#10217,.T.);
#10217 = EDGE_LOOP('',(#10218));
#10218 = ORIENTED_EDGE('',*,*,#9523,.F.);
#10219 = ADVANCED_FACE('',(#10220,#10224),#9671,.F.);
#10220 = FACE_BOUND('',#10221,.F.);
#10221 = EDGE_LOOP('',(#10222,#10223));
#10222 = ORIENTED_EDGE('',*,*,#9656,.T.);
#10223 = ORIENTED_EDGE('',*,*,#9687,.T.);
#10224 = FACE_BOUND('',#10225,.F.);
#10225 = EDGE_LOOP('',(#10226));
#10226 = ORIENTED_EDGE('',*,*,#10227,.F.);
#10227 = EDGE_CURVE('',#10228,#10228,#10230,.T.);
#10228 = VERTEX_POINT('',#10229);
#10229 = CARTESIAN_POINT('',(-68.3,8.195,2.4));
#10230 = SURFACE_CURVE('',#10231,(#10236,#10243),.PCURVE_S1.);
#10231 = CIRCLE('',#10232,1.7);
#10232 = AXIS2_PLACEMENT_3D('',#10233,#10234,#10235);
#10233 = CARTESIAN_POINT('',(-70.,8.195,2.4));
#10234 = DIRECTION('',(0.,0.,1.));
#10235 = DIRECTION('',(1.,0.,-0.));
#10236 = PCURVE('',#9671,#10237);
#10237 = DEFINITIONAL_REPRESENTATION('',(#10238),#10242);
#10238 = CIRCLE('',#10239,1.7);
#10239 = AXIS2_PLACEMENT_2D('',#10240,#10241);
#10240 = CARTESIAN_POINT('',(0.,0.));
#10241 = DIRECTION('',(1.,0.));
#10242 = ( GEOMETRIC_REPRESENTATION_CONTEXT(2) 
PARAMETRIC_REPRESENTATION_CONTEXT() REPRESENTATION_CONTEXT('2D SPACE',''
  ) );
#10243 = PCURVE('',#10244,#10249);
#10244 = CONICAL_SURFACE('',#10245,1.7375,0.358770670271);
#10245 = AXIS2_PLACEMENT_3D('',#10246,#10247,#10248);
#10246 = CARTESIAN_POINT('',(-70.,8.195,2.3));
#10247 = DIRECTION('',(-0.,-0.,-1.));
#10248 = DIRECTION('',(1.,0.,-0.));
#10249 = DEFINITIONAL_REPRESENTATION('',(#10250),#10254);
#10250 = LINE('',#10251,#10252);
#10251 = CARTESIAN_POINT('',(-0.,-0.1));
#10252 = VECTOR('',#10253,1.);
#10253 = DIRECTION('',(-1.,-0.));
#10254 = ( GEOMETRIC_REPRESENTATION_CONTEXT(2) 
PARAMETRIC_REPRESENTATION_CONTEXT() REPRESENTATION_CONTEXT('2D SPACE',''
  ) );
#10255 = ADVANCED_FACE('',(#10256),#9749,.F.);
#10256 = FACE_BOUND('',#10257,.F.);
#10257 = EDGE_LOOP('',(#10258,#10259,#10260,#10261));
#10258 = ORIENTED_EDGE('',*,*,#9818,.F.);
#10259 = ORIENTED_EDGE('',*,*,#10005,.F.);
#10260 = ORIENTED_EDGE('',*,*,#9902,.T.);
#10261 = ORIENTED_EDGE('',*,*,#9734,.T.);
#10262 = ADVANCED_FACE('',(#10263,#10267),#10063,.F.);
#10263 = FACE_BOUND('',#10264,.F.);
#10264 = EDGE_LOOP('',(#10265,#10266));
#10265 = ORIENTED_EDGE('',*,*,#10048,.T.);
#10266 = ORIENTED_EDGE('',*,*,#10079,.T.);
#10267 = FACE_BOUND('',#10268,.F.);
#10268 = EDGE_LOOP('',(#10269));
#10269 = ORIENTED_EDGE('',*,*,#10270,.F.);
#10270 = EDGE_CURVE('',#10271,#10271,#10273,.T.);
#10271 = VERTEX_POINT('',#10272);
#10272 = CARTESIAN_POINT('',(-68.3,-8.195,2.4));
#10273 = SURFACE_CURVE('',#10274,(#10279,#10286),.PCURVE_S1.);
#10274 = CIRCLE('',#10275,1.7);
#10275 = AXIS2_PLACEMENT_3D('',#10276,#10277,#10278);
#10276 = CARTESIAN_POINT('',(-70.,-8.195,2.4));
#10277 = DIRECTION('',(0.,0.,1.));
#10278 = DIRECTION('',(1.,0.,-0.));
#10279 = PCURVE('',#10063,#10280);
#10280 = DEFINITIONAL_REPRESENTATION('',(#10281),#10285);
#10281 = CIRCLE('',#10282,1.7);
#10282 = AXIS2_PLACEMENT_2D('',#10283,#10284);
#10283 = CARTESIAN_POINT('',(0.,0.));
#10284 = DIRECTION('',(1.,0.));
#10285 = ( GEOMETRIC_REPRESENTATION_CONTEXT(2) 
PARAMETRIC_REPRESENTATION_CONTEXT() REPRESENTATION_CONTEXT('2D SPACE',''
  ) );
#10286 = PCURVE('',#10287,#10292);
#10287 = CONICAL_SURFACE('',#10288,1.7375,0.358770670271);
#10288 = AXIS2_PLACEMENT_3D('',#10289,#10290,#10291);
#10289 = CARTESIAN_POINT('',(-70.,-8.195,2.3));
#10290 = DIRECTION('',(-0.,-0.,-1.));
#10291 = DIRECTION('',(1.,0.,-0.));
#10292 = DEFINITIONAL_REPRESENTATION('',(#10293),#10297);
#10293 = LINE('',#10294,#10295);
#10294 = CARTESIAN_POINT('',(-0.,-0.1));
#10295 = VECTOR('',#10296,1.);
#10296 = DIRECTION('',(-1.,-0.));
#10297 = ( GEOMETRIC_REPRESENTATION_CONTEXT(2) 
PARAMETRIC_REPRESENTATION_CONTEXT() REPRESENTATION_CONTEXT('2D SPACE',''
  ) );
#10298 = ADVANCED_FACE('',(#10299),#10244,.F.);
#10299 = FACE_BOUND('',#10300,.F.);
#10300 = EDGE_LOOP('',(#10301,#10324,#10351,#10352));
#10301 = ORIENTED_EDGE('',*,*,#10302,.T.);
#10302 = EDGE_CURVE('',#10228,#10303,#10305,.T.);
#10303 = VERTEX_POINT('',#10304);
#10304 = CARTESIAN_POINT('',(-68.525,8.195,3.));
#10305 = SEAM_CURVE('',#10306,(#10310,#10317),.PCURVE_S1.);
#10306 = LINE('',#10307,#10308);
#10307 = CARTESIAN_POINT('',(-68.2625,8.195,2.3));
#10308 = VECTOR('',#10309,1.);
#10309 = DIRECTION('',(-0.351123441588,8.600043976937E-17,0.936329177569
    ));
#10310 = PCURVE('',#10244,#10311);
#10311 = DEFINITIONAL_REPRESENTATION('',(#10312),#10316);
#10312 = LINE('',#10313,#10314);
#10313 = CARTESIAN_POINT('',(-6.28318530718,0.));
#10314 = VECTOR('',#10315,1.);
#10315 = DIRECTION('',(-0.,-1.));
#10316 = ( GEOMETRIC_REPRESENTATION_CONTEXT(2) 
PARAMETRIC_REPRESENTATION_CONTEXT() REPRESENTATION_CONTEXT('2D SPACE',''
  ) );
#10317 = PCURVE('',#10244,#10318);
#10318 = DEFINITIONAL_REPRESENTATION('',(#10319),#10323);
#10319 = LINE('',#10320,#10321);
#10320 = CARTESIAN_POINT('',(0.,-0.));
#10321 = VECTOR('',#10322,1.);
#10322 = DIRECTION('',(-0.,-1.));
#10323 = ( GEOMETRIC_REPRESENTATION_CONTEXT(2) 
PARAMETRIC_REPRESENTATION_CONTEXT() REPRESENTATION_CONTEXT('2D SPACE',''
  ) );
#10324 = ORIENTED_EDGE('',*,*,#10325,.F.);
#10325 = EDGE_CURVE('',#10303,#10303,#10326,.T.);
#10326 = SURFACE_CURVE('',#10327,(#10332,#10339),.PCURVE_S1.);
#10327 = CIRCLE('',#10328,1.475);
#10328 = AXIS2_PLACEMENT_3D('',#10329,#10330,#10331);
#10329 = CARTESIAN_POINT('',(-70.,8.195,3.));
#10330 = DIRECTION('',(0.,0.,1.));
#10331 = DIRECTION('',(1.,0.,-0.));
#10332 = PCURVE('',#10244,#10333);
#10333 = DEFINITIONAL_REPRESENTATION('',(#10334),#10338);
#10334 = LINE('',#10335,#10336);
#10335 = CARTESIAN_POINT('',(-0.,-0.7));
#10336 = VECTOR('',#10337,1.);
#10337 = DIRECTION('',(-1.,-0.));
#10338 = ( GEOMETRIC_REPRESENTATION_CONTEXT(2) 
PARAMETRIC_REPRESENTATION_CONTEXT() REPRESENTATION_CONTEXT('2D SPACE',''
  ) );
#10339 = PCURVE('',#10340,#10345);
#10340 = CYLINDRICAL_SURFACE('',#10341,1.475);
#10341 = AXIS2_PLACEMENT_3D('',#10342,#10343,#10344);
#10342 = CARTESIAN_POINT('',(-70.,8.195,2.3));
#10343 = DIRECTION('',(0.,0.,1.));
#10344 = DIRECTION('',(1.,0.,-0.));
#10345 = DEFINITIONAL_REPRESENTATION('',(#10346),#10350);
#10346 = LINE('',#10347,#10348);
#10347 = CARTESIAN_POINT('',(0.,0.7));
#10348 = VECTOR('',#10349,1.);
#10349 = DIRECTION('',(1.,0.));
#10350 = ( GEOMETRIC_REPRESENTATION_CONTEXT(2) 
PARAMETRIC_REPRESENTATION_CONTEXT() REPRESENTATION_CONTEXT('2D SPACE',''
  ) );
#10351 = ORIENTED_EDGE('',*,*,#10302,.F.);
#10352 = ORIENTED_EDGE('',*,*,#10227,.T.);
#10353 = ADVANCED_FACE('',(#10354),#10287,.F.);
#10354 = FACE_BOUND('',#10355,.F.);
#10355 = EDGE_LOOP('',(#10356,#10379,#10406,#10407));
#10356 = ORIENTED_EDGE('',*,*,#10357,.T.);
#10357 = EDGE_CURVE('',#10271,#10358,#10360,.T.);
#10358 = VERTEX_POINT('',#10359);
#10359 = CARTESIAN_POINT('',(-68.525,-8.195,3.));
#10360 = SEAM_CURVE('',#10361,(#10365,#10372),.PCURVE_S1.);
#10361 = LINE('',#10362,#10363);
#10362 = CARTESIAN_POINT('',(-68.2625,-8.195,2.3));
#10363 = VECTOR('',#10364,1.);
#10364 = DIRECTION('',(-0.351123441588,8.600043976937E-17,0.936329177569
    ));
#10365 = PCURVE('',#10287,#10366);
#10366 = DEFINITIONAL_REPRESENTATION('',(#10367),#10371);
#10367 = LINE('',#10368,#10369);
#10368 = CARTESIAN_POINT('',(-6.28318530718,0.));
#10369 = VECTOR('',#10370,1.);
#10370 = DIRECTION('',(-0.,-1.));
#10371 = ( GEOMETRIC_REPRESENTATION_CONTEXT(2) 
PARAMETRIC_REPRESENTATION_CONTEXT() REPRESENTATION_CONTEXT('2D SPACE',''
  ) );
#10372 = PCURVE('',#10287,#10373);
#10373 = DEFINITIONAL_REPRESENTATION('',(#10374),#10378);
#10374 = LINE('',#10375,#10376);
#10375 = CARTESIAN_POINT('',(0.,-0.));
#10376 = VECTOR('',#10377,1.);
#10377 = DIRECTION('',(-0.,-1.));
#10378 = ( GEOMETRIC_REPRESENTATION_CONTEXT(2) 
PARAMETRIC_REPRESENTATION_CONTEXT() REPRESENTATION_CONTEXT('2D SPACE',''
  ) );
#10379 = ORIENTED_EDGE('',*,*,#10380,.F.);
#10380 = EDGE_CURVE('',#10358,#10358,#10381,.T.);
#10381 = SURFACE_CURVE('',#10382,(#10387,#10394),.PCURVE_S1.);
#10382 = CIRCLE('',#10383,1.475);
#10383 = AXIS2_PLACEMENT_3D('',#10384,#10385,#10386);
#10384 = CARTESIAN_POINT('',(-70.,-8.195,3.));
#10385 = DIRECTION('',(0.,0.,1.));
#10386 = DIRECTION('',(1.,0.,-0.));
#10387 = PCURVE('',#10287,#10388);
#10388 = DEFINITIONAL_REPRESENTATION('',(#10389),#10393);
#10389 = LINE('',#10390,#10391);
#10390 = CARTESIAN_POINT('',(-0.,-0.7));
#10391 = VECTOR('',#10392,1.);
#10392 = DIRECTION('',(-1.,-0.));
#10393 = ( GEOMETRIC_REPRESENTATION_CONTEXT(2) 
PARAMETRIC_REPRESENTATION_CONTEXT() REPRESENTATION_CONTEXT('2D SPACE',''
  ) );
#10394 = PCURVE('',#10395,#10400);
#10395 = CYLINDRICAL_SURFACE('',#10396,1.475);
#10396 = AXIS2_PLACEMENT_3D('',#10397,#10398,#10399);
#10397 = CARTESIAN_POINT('',(-70.,-8.195,2.3));
#10398 = DIRECTION('',(0.,0.,1.));
#10399 = DIRECTION('',(1.,0.,-0.));
#10400 = DEFINITIONAL_REPRESENTATION('',(#10401),#10405);
#10401 = LINE('',#10402,#10403);
#10402 = CARTESIAN_POINT('',(0.,0.7));
#10403 = VECTOR('',#10404,1.);
#10404 = DIRECTION('',(1.,0.));
#10405 = ( GEOMETRIC_REPRESENTATION_CONTEXT(2) 
PARAMETRIC_REPRESENTATION_CONTEXT() REPRESENTATION_CONTEXT('2D SPACE',''
  ) );
#10406 = ORIENTED_EDGE('',*,*,#10357,.F.);
#10407 = ORIENTED_EDGE('',*,*,#10270,.T.);
#10408 = ADVANCED_FACE('',(#10409),#10340,.F.);
#10409 = FACE_BOUND('',#10410,.F.);
#10410 = EDGE_LOOP('',(#10411,#10412,#10435,#10462));
#10411 = ORIENTED_EDGE('',*,*,#10325,.T.);
#10412 = ORIENTED_EDGE('',*,*,#10413,.T.);
#10413 = EDGE_CURVE('',#10303,#10414,#10416,.T.);
#10414 = VERTEX_POINT('',#10415);
#10415 = CARTESIAN_POINT('',(-68.525,8.195,7.2));
#10416 = SEAM_CURVE('',#10417,(#10421,#10428),.PCURVE_S1.);
#10417 = LINE('',#10418,#10419);
#10418 = CARTESIAN_POINT('',(-68.525,8.195,2.3));
#10419 = VECTOR('',#10420,1.);
#10420 = DIRECTION('',(0.,0.,1.));
#10421 = PCURVE('',#10340,#10422);
#10422 = DEFINITIONAL_REPRESENTATION('',(#10423),#10427);
#10423 = LINE('',#10424,#10425);
#10424 = CARTESIAN_POINT('',(0.,-0.));
#10425 = VECTOR('',#10426,1.);
#10426 = DIRECTION('',(0.,1.));
#10427 = ( GEOMETRIC_REPRESENTATION_CONTEXT(2) 
PARAMETRIC_REPRESENTATION_CONTEXT() REPRESENTATION_CONTEXT('2D SPACE',''
  ) );
#10428 = PCURVE('',#10340,#10429);
#10429 = DEFINITIONAL_REPRESENTATION('',(#10430),#10434);
#10430 = LINE('',#10431,#10432);
#10431 = CARTESIAN_POINT('',(6.28318530718,-0.));
#10432 = VECTOR('',#10433,1.);
#10433 = DIRECTION('',(0.,1.));
#10434 = ( GEOMETRIC_REPRESENTATION_CONTEXT(2) 
PARAMETRIC_REPRESENTATION_CONTEXT() REPRESENTATION_CONTEXT('2D SPACE',''
  ) );
#10435 = ORIENTED_EDGE('',*,*,#10436,.F.);
#10436 = EDGE_CURVE('',#10414,#10414,#10437,.T.);
#10437 = SURFACE_CURVE('',#10438,(#10443,#10450),.PCURVE_S1.);
#10438 = CIRCLE('',#10439,1.475);
#10439 = AXIS2_PLACEMENT_3D('',#10440,#10441,#10442);
#10440 = CARTESIAN_POINT('',(-70.,8.195,7.2));
#10441 = DIRECTION('',(0.,0.,1.));
#10442 = DIRECTION('',(1.,0.,-0.));
#10443 = PCURVE('',#10340,#10444);
#10444 = DEFINITIONAL_REPRESENTATION('',(#10445),#10449);
#10445 = LINE('',#10446,#10447);
#10446 = CARTESIAN_POINT('',(0.,4.9));
#10447 = VECTOR('',#10448,1.);
#10448 = DIRECTION('',(1.,0.));
#10449 = ( GEOMETRIC_REPRESENTATION_CONTEXT(2) 
PARAMETRIC_REPRESENTATION_CONTEXT() REPRESENTATION_CONTEXT('2D SPACE',''
  ) );
#10450 = PCURVE('',#10451,#10456);
#10451 = PLANE('',#10452);
#10452 = AXIS2_PLACEMENT_3D('',#10453,#10454,#10455);
#10453 = CARTESIAN_POINT('',(-70.,8.195,7.2));
#10454 = DIRECTION('',(0.,0.,1.));
#10455 = DIRECTION('',(1.,0.,-0.));
#10456 = DEFINITIONAL_REPRESENTATION('',(#10457),#10461);
#10457 = CIRCLE('',#10458,1.475);
#10458 = AXIS2_PLACEMENT_2D('',#10459,#10460);
#10459 = CARTESIAN_POINT('',(0.,0.));
#10460 = DIRECTION('',(1.,0.));
#10461 = ( GEOMETRIC_REPRESENTATION_CONTEXT(2) 
PARAMETRIC_REPRESENTATION_CONTEXT() REPRESENTATION_CONTEXT('2D SPACE',''
  ) );
#10462 = ORIENTED_EDGE('',*,*,#10413,.F.);
#10463 = ADVANCED_FACE('',(#10464),#10395,.F.);
#10464 = FACE_BOUND('',#10465,.F.);
#10465 = EDGE_LOOP('',(#10466,#10467,#10490,#10517));
#10466 = ORIENTED_EDGE('',*,*,#10380,.T.);
#10467 = ORIENTED_EDGE('',*,*,#10468,.T.);
#10468 = EDGE_CURVE('',#10358,#10469,#10471,.T.);
#10469 = VERTEX_POINT('',#10470);
#10470 = CARTESIAN_POINT('',(-68.525,-8.195,7.2));
#10471 = SEAM_CURVE('',#10472,(#10476,#10483),.PCURVE_S1.);
#10472 = LINE('',#10473,#10474);
#10473 = CARTESIAN_POINT('',(-68.525,-8.195,2.3));
#10474 = VECTOR('',#10475,1.);
#10475 = DIRECTION('',(0.,0.,1.));
#10476 = PCURVE('',#10395,#10477);
#10477 = DEFINITIONAL_REPRESENTATION('',(#10478),#10482);
#10478 = LINE('',#10479,#10480);
#10479 = CARTESIAN_POINT('',(0.,-0.));
#10480 = VECTOR('',#10481,1.);
#10481 = DIRECTION('',(0.,1.));
#10482 = ( GEOMETRIC_REPRESENTATION_CONTEXT(2) 
PARAMETRIC_REPRESENTATION_CONTEXT() REPRESENTATION_CONTEXT('2D SPACE',''
  ) );
#10483 = PCURVE('',#10395,#10484);
#10484 = DEFINITIONAL_REPRESENTATION('',(#10485),#10489);
#10485 = LINE('',#10486,#10487);
#10486 = CARTESIAN_POINT('',(6.28318530718,-0.));
#10487 = VECTOR('',#10488,1.);
#10488 = DIRECTION('',(0.,1.));
#10489 = ( GEOMETRIC_REPRESENTATION_CONTEXT(2) 
PARAMETRIC_REPRESENTATION_CONTEXT() REPRESENTATION_CONTEXT('2D SPACE',''
  ) );
#10490 = ORIENTED_EDGE('',*,*,#10491,.F.);
#10491 = EDGE_CURVE('',#10469,#10469,#10492,.T.);
#10492 = SURFACE_CURVE('',#10493,(#10498,#10505),.PCURVE_S1.);
#10493 = CIRCLE('',#10494,1.475);
#10494 = AXIS2_PLACEMENT_3D('',#10495,#10496,#10497);
#10495 = CARTESIAN_POINT('',(-70.,-8.195,7.2));
#10496 = DIRECTION('',(0.,0.,1.));
#10497 = DIRECTION('',(1.,0.,-0.));
#10498 = PCURVE('',#10395,#10499);
#10499 = DEFINITIONAL_REPRESENTATION('',(#10500),#10504);
#10500 = LINE('',#10501,#10502);
#10501 = CARTESIAN_POINT('',(0.,4.9));
#10502 = VECTOR('',#10503,1.);
#10503 = DIRECTION('',(1.,0.));
#10504 = ( GEOMETRIC_REPRESENTATION_CONTEXT(2) 
PARAMETRIC_REPRESENTATION_CONTEXT() REPRESENTATION_CONTEXT('2D SPACE',''
  ) );
#10505 = PCURVE('',#10506,#10511);
#10506 = PLANE('',#10507);
#10507 = AXIS2_PLACEMENT_3D('',#10508,#10509,#10510);
#10508 = CARTESIAN_POINT('',(-70.,-8.195,7.2));
#10509 = DIRECTION('',(0.,0.,1.));
#10510 = DIRECTION('',(1.,0.,-0.));
#10511 = DEFINITIONAL_REPRESENTATION('',(#10512),#10516);
#10512 = CIRCLE('',#10513,1.475);
#10513 = AXIS2_PLACEMENT_2D('',#10514,#10515);
#10514 = CARTESIAN_POINT('',(0.,0.));
#10515 = DIRECTION('',(1.,0.));
#10516 = ( GEOMETRIC_REPRESENTATION_CONTEXT(2) 
PARAMETRIC_REPRESENTATION_CONTEXT() REPRESENTATION_CONTEXT('2D SPACE',''
  ) );
#10517 = ORIENTED_EDGE('',*,*,#10468,.F.);
#10518 = ADVANCED_FACE('',(#10519),#10451,.F.);
#10519 = FACE_BOUND('',#10520,.F.);
#10520 = EDGE_LOOP('',(#10521));
#10521 = ORIENTED_EDGE('',*,*,#10436,.T.);
#10522 = ADVANCED_FACE('',(#10523),#10506,.F.);
#10523 = FACE_BOUND('',#10524,.F.);
#10524 = EDGE_LOOP('',(#10525));
#10525 = ORIENTED_EDGE('',*,*,#10491,.T.);
#10526 = ( GEOMETRIC_REPRESENTATION_CONTEXT(3) 
GLOBAL_UNCERTAINTY_ASSIGNED_CONTEXT((#10530)) 
GLOBAL_UNIT_ASSIGNED_CONTEXT((#10527,#10528,#10529)) 
REPRESENTATION_CONTEXT('Context #1',
  '3D Context with UNIT and UNCERTAINTY') );
#10527 = ( LENGTH_UNIT() NAMED_UNIT(*) SI_UNIT(.MILLI.,.METRE.) );
#10528 = ( NAMED_UNIT(*) PLANE_ANGLE_UNIT() SI_UNIT($,.RADIAN.) );
#10529 = ( NAMED_UNIT(*) SI_UNIT($,.STERADIAN.) SOLID_ANGLE_UNIT() );
#10530 = UNCERTAINTY_MEASURE_WITH_UNIT(LENGTH_MEASURE(2.E-07),#10527,
  'distance_accuracy_value','confusion accuracy');
#10531 = PRODUCT_RELATED_PRODUCT_CATEGORY('part',$,(#7));
ENDSEC;
END-ISO-10303-21;
